schedule_id,template_id,row_id,row_index,name,surname,surname_rank,surname_population,surname_hanja_variants,birth_year,gender,group,day,date,canonical_code,display_code,bbox_px,name_bbox_px,excel_cell,image_path
schedule_0001,compact_summary,S0001_R001,1,방예은,방,55,128351,方|房,2007,female,1,1,2026-02-01,N12,N12,"[150, 96, 177, 121]","[60, 96, 150, 121]",C4,images/schedule_0001_compact_summary.png
schedule_0001,compact_summary,S0001_R001,1,방예은,방,55,128351,方|房,2007,female,1,2,2026-02-02,대기,대기,"[177, 96, 204, 121]","[60, 96, 150, 121]",D4,images/schedule_0001_compact_summary.png
schedule_0001,compact_summary,S0001_R001,1,방예은,방,55,128351,方|房,2007,female,1,3,2026-02-03,XA,xa,"[204, 96, 231, 121]","[60, 96, 150, 121]",E4,images/schedule_0001_compact_summary.png
schedule_0001,compact_summary,S0001_R001,1,방예은,방,55,128351,方|房,2007,female,1,4,2026-02-04,P,p,"[231, 96, 258, 121]","[60, 96, 150, 121]",F4,images/schedule_0001_compact_summary.png
schedule_0001,compact_summary,S0001_R001,1,방예은,방,55,128351,方|房,2007,female,1,5,2026-02-05,NB,NB,"[258, 96, 285, 121]","[60, 96, 150, 121]",G4,images/schedule_0001_compact_summary.png
schedule_0001,compact_summary,S0001_R001,1,방예은,방,55,128351,方|房,2007,female,1,6,2026-02-06,RD,RD,"[285, 96, 312, 121]","[60, 96, 150, 121]",H4,images/schedule_0001_compact_summary.png
schedule_0001,compact_summary,S0001_R001,1,방예은,방,55,128351,方|房,2007,female,1,7,2026-02-07,P,p,"[312, 96, 339, 121]","[60, 96, 150, 121]",I4,images/schedule_0001_compact_summary.png
schedule_0001,compact_summary,S0001_R001,1,방예은,방,55,128351,方|房,2007,female,1,8,2026-02-08,N,n,"[339, 96, 366, 121]","[60, 96, 150, 121]",J4,images/schedule_0001_compact_summary.png
schedule_0001,compact_summary,S0001_R001,1,방예은,방,55,128351,方|房,2007,female,1,9,2026-02-09,N,N,"[366, 96, 393, 121]","[60, 96, 150, 121]",K4,images/schedule_0001_compact_summary.png
schedule_0001,compact_summary,S0001_R001,1,방예은,방,55,128351,方|房,2007,female,1,10,2026-02-10,CONF,conf,"[393, 96, 420, 121]","[60, 96, 150, 121]",L4,images/schedule_0001_compact_summary.png
schedule_0001,compact_summary,S0001_R001,1,방예은,방,55,128351,方|房,2007,female,1,11,2026-02-11,D,D,"[420, 96, 447, 121]","[60, 96, 150, 121]",M4,images/schedule_0001_compact_summary.png
schedule_0001,compact_summary,S0001_R001,1,방예은,방,55,128351,方|房,2007,female,1,12,2026-02-12,E,E,"[447, 96, 474, 121]","[60, 96, 150, 121]",N4,images/schedule_0001_compact_summary.png
schedule_0001,compact_summary,S0001_R001,1,방예은,방,55,128351,方|房,2007,female,1,13,2026-02-13,ADO,ADO,"[474, 96, 501, 121]","[60, 96, 150, 121]",O4,images/schedule_0001_compact_summary.png
schedule_0001,compact_summary,S0001_R001,1,방예은,방,55,128351,方|房,2007,female,1,14,2026-02-14,E,E,"[501, 96, 528, 121]","[60, 96, 150, 121]",P4,images/schedule_0001_compact_summary.png
schedule_0001,compact_summary,S0001_R001,1,방예은,방,55,128351,方|房,2007,female,1,15,2026-02-15,비번,비번,"[528, 96, 555, 121]","[60, 96, 150, 121]",Q4,images/schedule_0001_compact_summary.png
schedule_0001,compact_summary,S0001_R001,1,방예은,방,55,128351,方|房,2007,female,1,16,2026-02-16,D5,d5,"[555, 96, 582, 121]","[60, 96, 150, 121]",R4,images/schedule_0001_compact_summary.png
schedule_0001,compact_summary,S0001_R001,1,방예은,방,55,128351,方|房,2007,female,1,17,2026-02-17,F,F,"[582, 96, 609, 121]","[60, 96, 150, 121]",S4,images/schedule_0001_compact_summary.png
schedule_0001,compact_summary,S0001_R001,1,방예은,방,55,128351,方|房,2007,female,1,18,2026-02-18,E,E,"[609, 96, 636, 121]","[60, 96, 150, 121]",T4,images/schedule_0001_compact_summary.png
schedule_0001,compact_summary,S0001_R001,1,방예은,방,55,128351,方|房,2007,female,1,19,2026-02-19,O,O,"[636, 96, 663, 121]","[60, 96, 150, 121]",U4,images/schedule_0001_compact_summary.png
schedule_0001,compact_summary,S0001_R001,1,방예은,방,55,128351,方|房,2007,female,1,20,2026-02-20,-,-,"[663, 96, 690, 121]","[60, 96, 150, 121]",V4,images/schedule_0001_compact_summary.png
schedule_0001,compact_summary,S0001_R001,1,방예은,방,55,128351,方|房,2007,female,1,21,2026-02-21,Off,OfF,"[690, 96, 717, 121]","[60, 96, 150, 121]",W4,images/schedule_0001_compact_summary.png
schedule_0001,compact_summary,S0001_R001,1,방예은,방,55,128351,方|房,2007,female,1,22,2026-02-22,OFF,off,"[717, 96, 744, 121]","[60, 96, 150, 121]",X4,images/schedule_0001_compact_summary.png
schedule_0001,compact_summary,S0001_R001,1,방예은,방,55,128351,方|房,2007,female,1,23,2026-02-23,E,E,"[744, 96, 771, 121]","[60, 96, 150, 121]",Y4,images/schedule_0001_compact_summary.png
schedule_0001,compact_summary,S0001_R001,1,방예은,방,55,128351,方|房,2007,female,1,24,2026-02-24,E,E,"[771, 96, 798, 121]","[60, 96, 150, 121]",Z4,images/schedule_0001_compact_summary.png
schedule_0001,compact_summary,S0001_R001,1,방예은,방,55,128351,方|房,2007,female,1,25,2026-02-25,F,F,"[798, 96, 825, 121]","[60, 96, 150, 121]",AA4,images/schedule_0001_compact_summary.png
schedule_0001,compact_summary,S0001_R001,1,방예은,방,55,128351,方|房,2007,female,1,26,2026-02-26,D,D,"[825, 96, 852, 121]","[60, 96, 150, 121]",AB4,images/schedule_0001_compact_summary.png
schedule_0001,compact_summary,S0001_R001,1,방예은,방,55,128351,方|房,2007,female,1,27,2026-02-27,O,O,"[852, 96, 879, 121]","[60, 96, 150, 121]",AC4,images/schedule_0001_compact_summary.png
schedule_0001,compact_summary,S0001_R001,1,방예은,방,55,128351,方|房,2007,female,1,28,2026-02-28,OFF,Off,"[879, 96, 906, 121]","[60, 96, 150, 121]",AD4,images/schedule_0001_compact_summary.png
schedule_0001,compact_summary,S0001_R002,2,강유진,강,6,1268472,姜|康,1999,female,2,1,2026-02-01,D/E,D/e,"[150, 121, 177, 146]","[60, 121, 150, 146]",C5,images/schedule_0001_compact_summary.png
schedule_0001,compact_summary,S0001_R002,2,강유진,강,6,1268472,姜|康,1999,female,2,2,2026-02-02,ADO,ADO,"[177, 121, 204, 146]","[60, 121, 150, 146]",D5,images/schedule_0001_compact_summary.png
schedule_0001,compact_summary,S0001_R002,2,강유진,강,6,1268472,姜|康,1999,female,2,3,2026-02-03,ADO,ado,"[204, 121, 231, 146]","[60, 121, 150, 146]",E5,images/schedule_0001_compact_summary.png
schedule_0001,compact_summary,S0001_R002,2,강유진,강,6,1268472,姜|康,1999,female,2,4,2026-02-04,OT,OT,"[231, 121, 258, 146]","[60, 121, 150, 146]",F5,images/schedule_0001_compact_summary.png
schedule_0001,compact_summary,S0001_R002,2,강유진,강,6,1268472,姜|康,1999,female,2,5,2026-02-05,NA,NA,"[258, 121, 285, 146]","[60, 121, 150, 146]",G5,images/schedule_0001_compact_summary.png
schedule_0001,compact_summary,S0001_R002,2,강유진,강,6,1268472,姜|康,1999,female,2,6,2026-02-06,AM,AM,"[285, 121, 312, 146]","[60, 121, 150, 146]",H5,images/schedule_0001_compact_summary.png
schedule_0001,compact_summary,S0001_R002,2,강유진,강,6,1268472,姜|康,1999,female,2,7,2026-02-07,Off,OfF,"[312, 121, 339, 146]","[60, 121, 150, 146]",I5,images/schedule_0001_compact_summary.png
schedule_0001,compact_summary,S0001_R002,2,강유진,강,6,1268472,姜|康,1999,female,2,8,2026-02-08,N,N,"[339, 121, 366, 146]","[60, 121, 150, 146]",J5,images/schedule_0001_compact_summary.png
schedule_0001,compact_summary,S0001_R002,2,강유진,강,6,1268472,姜|康,1999,female,2,9,2026-02-09,OFF,oFf,"[366, 121, 393, 146]","[60, 121, 150, 146]",K5,images/schedule_0001_compact_summary.png
schedule_0001,compact_summary,S0001_R002,2,강유진,강,6,1268472,姜|康,1999,female,2,10,2026-02-10,D,D,"[393, 121, 420, 146]","[60, 121, 150, 146]",L5,images/schedule_0001_compact_summary.png
schedule_0001,compact_summary,S0001_R002,2,강유진,강,6,1268472,姜|康,1999,female,2,11,2026-02-11,E,E,"[420, 121, 447, 146]","[60, 121, 150, 146]",M5,images/schedule_0001_compact_summary.png
schedule_0001,compact_summary,S0001_R002,2,강유진,강,6,1268472,姜|康,1999,female,2,12,2026-02-12,F,f,"[447, 121, 474, 146]","[60, 121, 150, 146]",N5,images/schedule_0001_compact_summary.png
schedule_0001,compact_summary,S0001_R002,2,강유진,강,6,1268472,姜|康,1999,female,2,13,2026-02-13,f,f,"[474, 121, 501, 146]","[60, 121, 150, 146]",O5,images/schedule_0001_compact_summary.png
schedule_0001,compact_summary,S0001_R002,2,강유진,강,6,1268472,姜|康,1999,female,2,14,2026-02-14,F,F,"[501, 121, 528, 146]","[60, 121, 150, 146]",P5,images/schedule_0001_compact_summary.png
schedule_0001,compact_summary,S0001_R002,2,강유진,강,6,1268472,姜|康,1999,female,2,15,2026-02-15,N,N,"[528, 121, 555, 146]","[60, 121, 150, 146]",Q5,images/schedule_0001_compact_summary.png
schedule_0001,compact_summary,S0001_R002,2,강유진,강,6,1268472,姜|康,1999,female,2,16,2026-02-16,N,N,"[555, 121, 582, 146]","[60, 121, 150, 146]",R5,images/schedule_0001_compact_summary.png
schedule_0001,compact_summary,S0001_R002,2,강유진,강,6,1268472,姜|康,1999,female,2,17,2026-02-17,N,N,"[582, 121, 609, 146]","[60, 121, 150, 146]",S5,images/schedule_0001_compact_summary.png
schedule_0001,compact_summary,S0001_R002,2,강유진,강,6,1268472,姜|康,1999,female,2,18,2026-02-18,F,F,"[609, 121, 636, 146]","[60, 121, 150, 146]",T5,images/schedule_0001_compact_summary.png
schedule_0001,compact_summary,S0001_R002,2,강유진,강,6,1268472,姜|康,1999,female,2,19,2026-02-19,F,F,"[636, 121, 663, 146]","[60, 121, 150, 146]",U5,images/schedule_0001_compact_summary.png
schedule_0001,compact_summary,S0001_R002,2,강유진,강,6,1268472,姜|康,1999,female,2,20,2026-02-20,H,H,"[663, 121, 690, 146]","[60, 121, 150, 146]",V5,images/schedule_0001_compact_summary.png
schedule_0001,compact_summary,S0001_R002,2,강유진,강,6,1268472,姜|康,1999,female,2,21,2026-02-21,TR,TR,"[690, 121, 717, 146]","[60, 121, 150, 146]",W5,images/schedule_0001_compact_summary.png
schedule_0001,compact_summary,S0001_R002,2,강유진,강,6,1268472,姜|康,1999,female,2,22,2026-02-22,DB,DB,"[717, 121, 744, 146]","[60, 121, 150, 146]",X5,images/schedule_0001_compact_summary.png
schedule_0001,compact_summary,S0001_R002,2,강유진,강,6,1268472,姜|康,1999,female,2,23,2026-02-23,TR,tr,"[744, 121, 771, 146]","[60, 121, 150, 146]",Y5,images/schedule_0001_compact_summary.png
schedule_0001,compact_summary,S0001_R002,2,강유진,강,6,1268472,姜|康,1999,female,2,24,2026-02-24,P,P,"[771, 121, 798, 146]","[60, 121, 150, 146]",Z5,images/schedule_0001_compact_summary.png
schedule_0001,compact_summary,S0001_R002,2,강유진,강,6,1268472,姜|康,1999,female,2,25,2026-02-25,N12,N12,"[798, 121, 825, 146]","[60, 121, 150, 146]",AA5,images/schedule_0001_compact_summary.png
schedule_0001,compact_summary,S0001_R002,2,강유진,강,6,1268472,姜|康,1999,female,2,26,2026-02-26,N12,N12,"[825, 121, 852, 146]","[60, 121, 150, 146]",AB5,images/schedule_0001_compact_summary.png
schedule_0001,compact_summary,S0001_R002,2,강유진,강,6,1268472,姜|康,1999,female,2,27,2026-02-27,-,-,"[852, 121, 879, 146]","[60, 121, 150, 146]",AC5,images/schedule_0001_compact_summary.png
schedule_0001,compact_summary,S0001_R002,2,강유진,강,6,1268472,姜|康,1999,female,2,28,2026-02-28,RO,RO,"[879, 121, 906, 146]","[60, 121, 150, 146]",AD5,images/schedule_0001_compact_summary.png
schedule_0001,compact_summary,S0001_R003,3,현유진,현,58,88824,玄,2003,female,3,1,2026-02-01,DB,dB,"[150, 146, 177, 171]","[60, 146, 150, 171]",C6,images/schedule_0001_compact_summary.png
schedule_0001,compact_summary,S0001_R003,3,현유진,현,58,88824,玄,2003,female,3,2,2026-02-02,P,p,"[177, 146, 204, 171]","[60, 146, 150, 171]",D6,images/schedule_0001_compact_summary.png
schedule_0001,compact_summary,S0001_R003,3,현유진,현,58,88824,玄,2003,female,3,3,2026-02-03,N,n,"[204, 146, 231, 171]","[60, 146, 150, 171]",E6,images/schedule_0001_compact_summary.png
schedule_0001,compact_summary,S0001_R003,3,현유진,현,58,88824,玄,2003,female,3,4,2026-02-04,D/E,D/E,"[231, 146, 258, 171]","[60, 146, 150, 171]",F6,images/schedule_0001_compact_summary.png
schedule_0001,compact_summary,S0001_R003,3,현유진,현,58,88824,玄,2003,female,3,5,2026-02-05,휴직,휴직,"[258, 146, 285, 171]","[60, 146, 150, 171]",G6,images/schedule_0001_compact_summary.png
schedule_0001,compact_summary,S0001_R003,3,현유진,현,58,88824,玄,2003,female,3,6,2026-02-06,D/E,d/e,"[285, 146, 312, 171]","[60, 146, 150, 171]",H6,images/schedule_0001_compact_summary.png
schedule_0001,compact_summary,S0001_R003,3,현유진,현,58,88824,玄,2003,female,3,7,2026-02-07,MID,mID,"[312, 146, 339, 171]","[60, 146, 150, 171]",I6,images/schedule_0001_compact_summary.png
schedule_0001,compact_summary,S0001_R003,3,현유진,현,58,88824,玄,2003,female,3,8,2026-02-08,DH,Dh,"[339, 146, 366, 171]","[60, 146, 150, 171]",J6,images/schedule_0001_compact_summary.png
schedule_0001,compact_summary,S0001_R003,3,현유진,현,58,88824,玄,2003,female,3,9,2026-02-09,AO,AO,"[366, 146, 393, 171]","[60, 146, 150, 171]",K6,images/schedule_0001_compact_summary.png
schedule_0001,compact_summary,S0001_R003,3,현유진,현,58,88824,玄,2003,female,3,10,2026-02-10,DE,DE,"[393, 146, 420, 171]","[60, 146, 150, 171]",L6,images/schedule_0001_compact_summary.png
schedule_0001,compact_summary,S0001_R003,3,현유진,현,58,88824,玄,2003,female,3,11,2026-02-11,특별휴가,특별휴가,"[420, 146, 447, 171]","[60, 146, 150, 171]",M6,images/schedule_0001_compact_summary.png
schedule_0001,compact_summary,S0001_R003,3,현유진,현,58,88824,玄,2003,female,3,12,2026-02-12,DO,Do,"[447, 146, 474, 171]","[60, 146, 150, 171]",N6,images/schedule_0001_compact_summary.png
schedule_0001,compact_summary,S0001_R003,3,현유진,현,58,88824,玄,2003,female,3,13,2026-02-13,PH,PH,"[474, 146, 501, 171]","[60, 146, 150, 171]",O6,images/schedule_0001_compact_summary.png
schedule_0001,compact_summary,S0001_R003,3,현유진,현,58,88824,玄,2003,female,3,14,2026-02-14,D5,D5,"[501, 146, 528, 171]","[60, 146, 150, 171]",P6,images/schedule_0001_compact_summary.png
schedule_0001,compact_summary,S0001_R003,3,현유진,현,58,88824,玄,2003,female,3,15,2026-02-15,MID,miD,"[528, 146, 555, 171]","[60, 146, 150, 171]",Q6,images/schedule_0001_compact_summary.png
schedule_0001,compact_summary,S0001_R003,3,현유진,현,58,88824,玄,2003,female,3,16,2026-02-16,A,A,"[555, 146, 582, 171]","[60, 146, 150, 171]",R6,images/schedule_0001_compact_summary.png
schedule_0001,compact_summary,S0001_R003,3,현유진,현,58,88824,玄,2003,female,3,17,2026-02-17,AM,am,"[582, 146, 609, 171]","[60, 146, 150, 171]",S6,images/schedule_0001_compact_summary.png
schedule_0001,compact_summary,S0001_R003,3,현유진,현,58,88824,玄,2003,female,3,18,2026-02-18,특휴,특휴,"[609, 146, 636, 171]","[60, 146, 150, 171]",T6,images/schedule_0001_compact_summary.png
schedule_0001,compact_summary,S0001_R003,3,현유진,현,58,88824,玄,2003,female,3,19,2026-02-19,E,e,"[636, 146, 663, 171]","[60, 146, 150, 171]",U6,images/schedule_0001_compact_summary.png
schedule_0001,compact_summary,S0001_R003,3,현유진,현,58,88824,玄,2003,female,3,20,2026-02-20,DO,DO,"[663, 146, 690, 171]","[60, 146, 150, 171]",V6,images/schedule_0001_compact_summary.png
schedule_0001,compact_summary,S0001_R003,3,현유진,현,58,88824,玄,2003,female,3,21,2026-02-21,M,M,"[690, 146, 717, 171]","[60, 146, 150, 171]",W6,images/schedule_0001_compact_summary.png
schedule_0001,compact_summary,S0001_R003,3,현유진,현,58,88824,玄,2003,female,3,22,2026-02-22,D5,d5,"[717, 146, 744, 171]","[60, 146, 150, 171]",X6,images/schedule_0001_compact_summary.png
schedule_0001,compact_summary,S0001_R003,3,현유진,현,58,88824,玄,2003,female,3,23,2026-02-23,MID,MID,"[744, 146, 771, 171]","[60, 146, 150, 171]",Y6,images/schedule_0001_compact_summary.png
schedule_0001,compact_summary,S0001_R003,3,현유진,현,58,88824,玄,2003,female,3,24,2026-02-24,ON,oN,"[771, 146, 798, 171]","[60, 146, 150, 171]",Z6,images/schedule_0001_compact_summary.png
schedule_0001,compact_summary,S0001_R003,3,현유진,현,58,88824,玄,2003,female,3,25,2026-02-25,M,M,"[798, 146, 825, 171]","[60, 146, 150, 171]",AA6,images/schedule_0001_compact_summary.png
schedule_0001,compact_summary,S0001_R003,3,현유진,현,58,88824,玄,2003,female,3,26,2026-02-26,DE,DE,"[825, 146, 852, 171]","[60, 146, 150, 171]",AB6,images/schedule_0001_compact_summary.png
schedule_0001,compact_summary,S0001_R003,3,현유진,현,58,88824,玄,2003,female,3,27,2026-02-27,H,H,"[852, 146, 879, 171]","[60, 146, 150, 171]",AC6,images/schedule_0001_compact_summary.png
schedule_0001,compact_summary,S0001_R003,3,현유진,현,58,88824,玄,2003,female,3,28,2026-02-28,PM,pm,"[879, 146, 906, 171]","[60, 146, 150, 171]",AD6,images/schedule_0001_compact_summary.png
schedule_0001,compact_summary,S0001_R004,4,서지은,서,13,751704,徐,1989,female,4,1,2026-02-01,M,M,"[150, 171, 177, 196]","[60, 171, 150, 196]",C7,images/schedule_0001_compact_summary.png
schedule_0001,compact_summary,S0001_R004,4,서지은,서,13,751704,徐,1989,female,4,2,2026-02-02,NB,nb,"[177, 171, 204, 196]","[60, 171, 150, 196]",D7,images/schedule_0001_compact_summary.png
schedule_0001,compact_summary,S0001_R004,4,서지은,서,13,751704,徐,1989,female,4,3,2026-02-03,D/E,D/e,"[204, 171, 231, 196]","[60, 171, 150, 196]",E7,images/schedule_0001_compact_summary.png
schedule_0001,compact_summary,S0001_R004,4,서지은,서,13,751704,徐,1989,female,4,4,2026-02-04,DO,DO,"[231, 171, 258, 196]","[60, 171, 150, 196]",F7,images/schedule_0001_compact_summary.png
schedule_0001,compact_summary,S0001_R004,4,서지은,서,13,751704,徐,1989,female,4,5,2026-02-05,A,a,"[258, 171, 285, 196]","[60, 171, 150, 196]",G7,images/schedule_0001_compact_summary.png
schedule_0001,compact_summary,S0001_R004,4,서지은,서,13,751704,徐,1989,female,4,6,2026-02-06,RO,RO,"[285, 171, 312, 196]","[60, 171, 150, 196]",H7,images/schedule_0001_compact_summary.png
schedule_0001,compact_summary,S0001_R004,4,서지은,서,13,751704,徐,1989,female,4,7,2026-02-07,D5,D5,"[312, 171, 339, 196]","[60, 171, 150, 196]",I7,images/schedule_0001_compact_summary.png
schedule_0001,compact_summary,S0001_R004,4,서지은,서,13,751704,徐,1989,female,4,8,2026-02-08,UN,uN,"[339, 171, 366, 196]","[60, 171, 150, 196]",J7,images/schedule_0001_compact_summary.png
schedule_0001,compact_summary,S0001_R004,4,서지은,서,13,751704,徐,1989,female,4,9,2026-02-09,M,M,"[366, 171, 393, 196]","[60, 171, 150, 196]",K7,images/schedule_0001_compact_summary.png
schedule_0001,compact_summary,S0001_R004,4,서지은,서,13,751704,徐,1989,female,4,10,2026-02-10,OC,OC,"[393, 171, 420, 196]","[60, 171, 150, 196]",L7,images/schedule_0001_compact_summary.png
schedule_0001,compact_summary,S0001_R004,4,서지은,서,13,751704,徐,1989,female,4,11,2026-02-11,P,P,"[420, 171, 447, 196]","[60, 171, 150, 196]",M7,images/schedule_0001_compact_summary.png
schedule_0001,compact_summary,S0001_R004,4,서지은,서,13,751704,徐,1989,female,4,12,2026-02-12,SD,SD,"[447, 171, 474, 196]","[60, 171, 150, 196]",N7,images/schedule_0001_compact_summary.png
schedule_0001,compact_summary,S0001_R004,4,서지은,서,13,751704,徐,1989,female,4,13,2026-02-13,OFF,OFF,"[474, 171, 501, 196]","[60, 171, 150, 196]",O7,images/schedule_0001_compact_summary.png
schedule_0001,compact_summary,S0001_R004,4,서지은,서,13,751704,徐,1989,female,4,14,2026-02-14,E,E,"[501, 171, 528, 196]","[60, 171, 150, 196]",P7,images/schedule_0001_compact_summary.png
schedule_0001,compact_summary,S0001_R004,4,서지은,서,13,751704,徐,1989,female,4,15,2026-02-15,O,O,"[528, 171, 555, 196]","[60, 171, 150, 196]",Q7,images/schedule_0001_compact_summary.png
schedule_0001,compact_summary,S0001_R004,4,서지은,서,13,751704,徐,1989,female,4,16,2026-02-16,E,E,"[555, 171, 582, 196]","[60, 171, 150, 196]",R7,images/schedule_0001_compact_summary.png
schedule_0001,compact_summary,S0001_R004,4,서지은,서,13,751704,徐,1989,female,4,17,2026-02-17,E,E,"[582, 171, 609, 196]","[60, 171, 150, 196]",S7,images/schedule_0001_compact_summary.png
schedule_0001,compact_summary,S0001_R004,4,서지은,서,13,751704,徐,1989,female,4,18,2026-02-18,E,e,"[609, 171, 636, 196]","[60, 171, 150, 196]",T7,images/schedule_0001_compact_summary.png
schedule_0001,compact_summary,S0001_R004,4,서지은,서,13,751704,徐,1989,female,4,19,2026-02-19,T,T,"[636, 171, 663, 196]","[60, 171, 150, 196]",U7,images/schedule_0001_compact_summary.png
schedule_0001,compact_summary,S0001_R004,4,서지은,서,13,751704,徐,1989,female,4,20,2026-02-20,S,S,"[663, 171, 690, 196]","[60, 171, 150, 196]",V7,images/schedule_0001_compact_summary.png
schedule_0001,compact_summary,S0001_R004,4,서지은,서,13,751704,徐,1989,female,4,21,2026-02-21,N12,n12,"[690, 171, 717, 196]","[60, 171, 150, 196]",W7,images/schedule_0001_compact_summary.png
schedule_0001,compact_summary,S0001_R004,4,서지은,서,13,751704,徐,1989,female,4,22,2026-02-22,H,H,"[717, 171, 744, 196]","[60, 171, 150, 196]",X7,images/schedule_0001_compact_summary.png
schedule_0001,compact_summary,S0001_R004,4,서지은,서,13,751704,徐,1989,female,4,23,2026-02-23,HELP,HELP,"[744, 171, 771, 196]","[60, 171, 150, 196]",Y7,images/schedule_0001_compact_summary.png
schedule_0001,compact_summary,S0001_R004,4,서지은,서,13,751704,徐,1989,female,4,24,2026-02-24,OFF,OFF,"[771, 171, 798, 196]","[60, 171, 150, 196]",Z7,images/schedule_0001_compact_summary.png
schedule_0001,compact_summary,S0001_R004,4,서지은,서,13,751704,徐,1989,female,4,25,2026-02-25,OFF,OFF,"[798, 171, 825, 196]","[60, 171, 150, 196]",AA7,images/schedule_0001_compact_summary.png
schedule_0001,compact_summary,S0001_R004,4,서지은,서,13,751704,徐,1989,female,4,26,2026-02-26,O,O,"[825, 171, 852, 196]","[60, 171, 150, 196]",AB7,images/schedule_0001_compact_summary.png
schedule_0001,compact_summary,S0001_R004,4,서지은,서,13,751704,徐,1989,female,4,27,2026-02-27,N,N,"[852, 171, 879, 196]","[60, 171, 150, 196]",AC7,images/schedule_0001_compact_summary.png
schedule_0001,compact_summary,S0001_R004,4,서지은,서,13,751704,徐,1989,female,4,28,2026-02-28,N,N,"[879, 171, 906, 196]","[60, 171, 150, 196]",AD7,images/schedule_0001_compact_summary.png
schedule_0001,compact_summary,S0001_R005,5,노영미,노,33,314927,盧|魯,1980,female,5,1,2026-02-01,D12,d12,"[150, 196, 177, 221]","[60, 196, 150, 221]",C8,images/schedule_0001_compact_summary.png
schedule_0001,compact_summary,S0001_R005,5,노영미,노,33,314927,盧|魯,1980,female,5,2,2026-02-02,D5,D5,"[177, 196, 204, 221]","[60, 196, 150, 221]",D8,images/schedule_0001_compact_summary.png
schedule_0001,compact_summary,S0001_R005,5,노영미,노,33,314927,盧|魯,1980,female,5,3,2026-02-03,LV,LV,"[204, 196, 231, 221]","[60, 196, 150, 221]",E8,images/schedule_0001_compact_summary.png
schedule_0001,compact_summary,S0001_R005,5,노영미,노,33,314927,盧|魯,1980,female,5,4,2026-02-04,ML,ML,"[231, 196, 258, 221]","[60, 196, 150, 221]",F8,images/schedule_0001_compact_summary.png
schedule_0001,compact_summary,S0001_R005,5,노영미,노,33,314927,盧|魯,1980,female,5,5,2026-02-05,S,S,"[258, 196, 285, 221]","[60, 196, 150, 221]",G8,images/schedule_0001_compact_summary.png
schedule_0001,compact_summary,S0001_R005,5,노영미,노,33,314927,盧|魯,1980,female,5,6,2026-02-06,H,H,"[285, 196, 312, 221]","[60, 196, 150, 221]",H8,images/schedule_0001_compact_summary.png
schedule_0001,compact_summary,S0001_R005,5,노영미,노,33,314927,盧|魯,1980,female,5,7,2026-02-07,회의,회의,"[312, 196, 339, 221]","[60, 196, 150, 221]",I8,images/schedule_0001_compact_summary.png
schedule_0001,compact_summary,S0001_R005,5,노영미,노,33,314927,盧|魯,1980,female,5,8,2026-02-08,PM,pm,"[339, 196, 366, 221]","[60, 196, 150, 221]",J8,images/schedule_0001_compact_summary.png
schedule_0001,compact_summary,S0001_R005,5,노영미,노,33,314927,盧|魯,1980,female,5,9,2026-02-09,PMH,pmh,"[366, 196, 393, 221]","[60, 196, 150, 221]",K8,images/schedule_0001_compact_summary.png
schedule_0001,compact_summary,S0001_R005,5,노영미,노,33,314927,盧|魯,1980,female,5,10,2026-02-10,S,S,"[393, 196, 420, 221]","[60, 196, 150, 221]",L8,images/schedule_0001_compact_summary.png
schedule_0001,compact_summary,S0001_R005,5,노영미,노,33,314927,盧|魯,1980,female,5,11,2026-02-11,X,X,"[420, 196, 447, 221]","[60, 196, 150, 221]",M8,images/schedule_0001_compact_summary.png
schedule_0001,compact_summary,S0001_R005,5,노영미,노,33,314927,盧|魯,1980,female,5,12,2026-02-12,EH,Eh,"[447, 196, 474, 221]","[60, 196, 150, 221]",N8,images/schedule_0001_compact_summary.png
schedule_0001,compact_summary,S0001_R005,5,노영미,노,33,314927,盧|魯,1980,female,5,13,2026-02-13,OF,Of,"[474, 196, 501, 221]","[60, 196, 150, 221]",O8,images/schedule_0001_compact_summary.png
schedule_0001,compact_summary,S0001_R005,5,노영미,노,33,314927,盧|魯,1980,female,5,14,2026-02-14,특휴,특휴,"[501, 196, 528, 221]","[60, 196, 150, 221]",P8,images/schedule_0001_compact_summary.png
schedule_0001,compact_summary,S0001_R005,5,노영미,노,33,314927,盧|魯,1980,female,5,15,2026-02-15,SUP,SuP,"[528, 196, 555, 221]","[60, 196, 150, 221]",Q8,images/schedule_0001_compact_summary.png
schedule_0001,compact_summary,S0001_R005,5,노영미,노,33,314927,盧|魯,1980,female,5,16,2026-02-16,MD,MD,"[555, 196, 582, 221]","[60, 196, 150, 221]",R8,images/schedule_0001_compact_summary.png
schedule_0001,compact_summary,S0001_R005,5,노영미,노,33,314927,盧|魯,1980,female,5,17,2026-02-17,P,P,"[582, 196, 609, 221]","[60, 196, 150, 221]",S8,images/schedule_0001_compact_summary.png
schedule_0001,compact_summary,S0001_R005,5,노영미,노,33,314927,盧|魯,1980,female,5,18,2026-02-18,-,-,"[609, 196, 636, 221]","[60, 196, 150, 221]",T8,images/schedule_0001_compact_summary.png
schedule_0001,compact_summary,S0001_R005,5,노영미,노,33,314927,盧|魯,1980,female,5,19,2026-02-19,P,p,"[636, 196, 663, 221]","[60, 196, 150, 221]",U8,images/schedule_0001_compact_summary.png
schedule_0001,compact_summary,S0001_R005,5,노영미,노,33,314927,盧|魯,1980,female,5,20,2026-02-20,LD,ld,"[663, 196, 690, 221]","[60, 196, 150, 221]",V8,images/schedule_0001_compact_summary.png
schedule_0001,compact_summary,S0001_R005,5,노영미,노,33,314927,盧|魯,1980,female,5,21,2026-02-21,D5,D5,"[690, 196, 717, 221]","[60, 196, 150, 221]",W8,images/schedule_0001_compact_summary.png
schedule_0001,compact_summary,S0001_R005,5,노영미,노,33,314927,盧|魯,1980,female,5,22,2026-02-22,SD,SD,"[717, 196, 744, 221]","[60, 196, 150, 221]",X8,images/schedule_0001_compact_summary.png
schedule_0001,compact_summary,S0001_R005,5,노영미,노,33,314927,盧|魯,1980,female,5,23,2026-02-23,M,M,"[744, 196, 771, 221]","[60, 196, 150, 221]",Y8,images/schedule_0001_compact_summary.png
schedule_0001,compact_summary,S0001_R005,5,노영미,노,33,314927,盧|魯,1980,female,5,24,2026-02-24,f,f,"[771, 196, 798, 221]","[60, 196, 150, 221]",Z8,images/schedule_0001_compact_summary.png
schedule_0001,compact_summary,S0001_R005,5,노영미,노,33,314927,盧|魯,1980,female,5,25,2026-02-25,F,F,"[798, 196, 825, 221]","[60, 196, 150, 221]",AA8,images/schedule_0001_compact_summary.png
schedule_0001,compact_summary,S0001_R005,5,노영미,노,33,314927,盧|魯,1980,female,5,26,2026-02-26,F,F,"[825, 196, 852, 221]","[60, 196, 150, 221]",AB8,images/schedule_0001_compact_summary.png
schedule_0001,compact_summary,S0001_R005,5,노영미,노,33,314927,盧|魯,1980,female,5,27,2026-02-27,E,E,"[852, 196, 879, 221]","[60, 196, 150, 221]",AC8,images/schedule_0001_compact_summary.png
schedule_0001,compact_summary,S0001_R005,5,노영미,노,33,314927,盧|魯,1980,female,5,28,2026-02-28,D5,D5,"[879, 196, 906, 221]","[60, 196, 150, 221]",AD8,images/schedule_0001_compact_summary.png
schedule_0001,compact_summary,S0001_R006,6,위준호,위,78,31342,魏,1978,male,6,1,2026-02-01,N12,n12,"[150, 221, 177, 246]","[60, 221, 150, 246]",C9,images/schedule_0001_compact_summary.png
schedule_0001,compact_summary,S0001_R006,6,위준호,위,78,31342,魏,1978,male,6,2,2026-02-02,N12,n12,"[177, 221, 204, 246]","[60, 221, 150, 246]",D9,images/schedule_0001_compact_summary.png
schedule_0001,compact_summary,S0001_R006,6,위준호,위,78,31342,魏,1978,male,6,3,2026-02-03,NB,NB,"[204, 221, 231, 246]","[60, 221, 150, 246]",E9,images/schedule_0001_compact_summary.png
schedule_0001,compact_summary,S0001_R006,6,위준호,위,78,31342,魏,1978,male,6,4,2026-02-04,OF,OF,"[231, 221, 258, 246]","[60, 221, 150, 246]",F9,images/schedule_0001_compact_summary.png
schedule_0001,compact_summary,S0001_R006,6,위준호,위,78,31342,魏,1978,male,6,5,2026-02-05,X,x,"[258, 221, 285, 246]","[60, 221, 150, 246]",G9,images/schedule_0001_compact_summary.png
schedule_0001,compact_summary,S0001_R006,6,위준호,위,78,31342,魏,1978,male,6,6,2026-02-06,—,—,"[285, 221, 312, 246]","[60, 221, 150, 246]",H9,images/schedule_0001_compact_summary.png
schedule_0001,compact_summary,S0001_R006,6,위준호,위,78,31342,魏,1978,male,6,7,2026-02-07,STBY,stBY,"[312, 221, 339, 246]","[60, 221, 150, 246]",I9,images/schedule_0001_compact_summary.png
schedule_0001,compact_summary,S0001_R006,6,위준호,위,78,31342,魏,1978,male,6,8,2026-02-08,NO,NO,"[339, 221, 366, 246]","[60, 221, 150, 246]",J9,images/schedule_0001_compact_summary.png
schedule_0001,compact_summary,S0001_R006,6,위준호,위,78,31342,魏,1978,male,6,9,2026-02-09,NB,NB,"[366, 221, 393, 246]","[60, 221, 150, 246]",K9,images/schedule_0001_compact_summary.png
schedule_0001,compact_summary,S0001_R006,6,위준호,위,78,31342,魏,1978,male,6,10,2026-02-10,CSSD,CSSD,"[393, 221, 420, 246]","[60, 221, 150, 246]",L9,images/schedule_0001_compact_summary.png
schedule_0001,compact_summary,S0001_R006,6,위준호,위,78,31342,魏,1978,male,6,11,2026-02-11,DB,db,"[420, 221, 447, 246]","[60, 221, 150, 246]",M9,images/schedule_0001_compact_summary.png
schedule_0001,compact_summary,S0001_R006,6,위준호,위,78,31342,魏,1978,male,6,12,2026-02-12,RO,RO,"[447, 221, 474, 246]","[60, 221, 150, 246]",N9,images/schedule_0001_compact_summary.png
schedule_0001,compact_summary,S0001_R006,6,위준호,위,78,31342,魏,1978,male,6,13,2026-02-13,N,n,"[474, 221, 501, 246]","[60, 221, 150, 246]",O9,images/schedule_0001_compact_summary.png
schedule_0001,compact_summary,S0001_R006,6,위준호,위,78,31342,魏,1978,male,6,14,2026-02-14,F,F,"[501, 221, 528, 246]","[60, 221, 150, 246]",P9,images/schedule_0001_compact_summary.png
schedule_0001,compact_summary,S0001_R006,6,위준호,위,78,31342,魏,1978,male,6,15,2026-02-15,D,D,"[528, 221, 555, 246]","[60, 221, 150, 246]",Q9,images/schedule_0001_compact_summary.png
schedule_0001,compact_summary,S0001_R006,6,위준호,위,78,31342,魏,1978,male,6,16,2026-02-16,D,D,"[555, 221, 582, 246]","[60, 221, 150, 246]",R9,images/schedule_0001_compact_summary.png
schedule_0001,compact_summary,S0001_R006,6,위준호,위,78,31342,魏,1978,male,6,17,2026-02-17,D5,D5,"[582, 221, 609, 246]","[60, 221, 150, 246]",S9,images/schedule_0001_compact_summary.png
schedule_0001,compact_summary,S0001_R006,6,위준호,위,78,31342,魏,1978,male,6,18,2026-02-18,지원,지원,"[609, 221, 636, 246]","[60, 221, 150, 246]",T9,images/schedule_0001_compact_summary.png
schedule_0001,compact_summary,S0001_R006,6,위준호,위,78,31342,魏,1978,male,6,19,2026-02-19,MTG,mtg,"[636, 221, 663, 246]","[60, 221, 150, 246]",U9,images/schedule_0001_compact_summary.png
schedule_0001,compact_summary,S0001_R006,6,위준호,위,78,31342,魏,1978,male,6,20,2026-02-20,S,S,"[663, 221, 690, 246]","[60, 221, 150, 246]",V9,images/schedule_0001_compact_summary.png
schedule_0001,compact_summary,S0001_R006,6,위준호,위,78,31342,魏,1978,male,6,21,2026-02-21,TRN,TRN,"[690, 221, 717, 246]","[60, 221, 150, 246]",W9,images/schedule_0001_compact_summary.png
schedule_0001,compact_summary,S0001_R006,6,위준호,위,78,31342,魏,1978,male,6,22,2026-02-22,DE,dE,"[717, 221, 744, 246]","[60, 221, 150, 246]",X9,images/schedule_0001_compact_summary.png
schedule_0001,compact_summary,S0001_R006,6,위준호,위,78,31342,魏,1978,male,6,23,2026-02-23,SEM,SEM,"[744, 221, 771, 246]","[60, 221, 150, 246]",Y9,images/schedule_0001_compact_summary.png
schedule_0001,compact_summary,S0001_R006,6,위준호,위,78,31342,魏,1978,male,6,24,2026-02-24,출산휴가,출산휴가,"[771, 221, 798, 246]","[60, 221, 150, 246]",Z9,images/schedule_0001_compact_summary.png
schedule_0001,compact_summary,S0001_R006,6,위준호,위,78,31342,魏,1978,male,6,25,2026-02-25,A,A,"[798, 221, 825, 246]","[60, 221, 150, 246]",AA9,images/schedule_0001_compact_summary.png
schedule_0001,compact_summary,S0001_R006,6,위준호,위,78,31342,魏,1978,male,6,26,2026-02-26,DB,db,"[825, 221, 852, 246]","[60, 221, 150, 246]",AB9,images/schedule_0001_compact_summary.png
schedule_0001,compact_summary,S0001_R006,6,위준호,위,78,31342,魏,1978,male,6,27,2026-02-27,N,N,"[852, 221, 879, 246]","[60, 221, 150, 246]",AC9,images/schedule_0001_compact_summary.png
schedule_0001,compact_summary,S0001_R006,6,위준호,위,78,31342,魏,1978,male,6,28,2026-02-28,N,N,"[879, 221, 906, 246]","[60, 221, 150, 246]",AD9,images/schedule_0001_compact_summary.png
schedule_0001,compact_summary,S0001_R007,7,유지원,유,21,949428,柳|劉|兪,2007,female,1,1,2026-02-01,UPL,UPL,"[150, 246, 177, 271]","[60, 246, 150, 271]",C10,images/schedule_0001_compact_summary.png
schedule_0001,compact_summary,S0001_R007,7,유지원,유,21,949428,柳|劉|兪,2007,female,1,2,2026-02-02,ANL,aNL,"[177, 246, 204, 271]","[60, 246, 150, 271]",D10,images/schedule_0001_compact_summary.png
schedule_0001,compact_summary,S0001_R007,7,유지원,유,21,949428,柳|劉|兪,2007,female,1,3,2026-02-03,TL,TL,"[204, 246, 231, 271]","[60, 246, 150, 271]",E10,images/schedule_0001_compact_summary.png
schedule_0001,compact_summary,S0001_R007,7,유지원,유,21,949428,柳|劉|兪,2007,female,1,4,2026-02-04,N,N,"[231, 246, 258, 271]","[60, 246, 150, 271]",F10,images/schedule_0001_compact_summary.png
schedule_0001,compact_summary,S0001_R007,7,유지원,유,21,949428,柳|劉|兪,2007,female,1,5,2026-02-05,F,f,"[258, 246, 285, 271]","[60, 246, 150, 271]",G10,images/schedule_0001_compact_summary.png
schedule_0001,compact_summary,S0001_R007,7,유지원,유,21,949428,柳|劉|兪,2007,female,1,6,2026-02-06,N,n,"[285, 246, 312, 271]","[60, 246, 150, 271]",H10,images/schedule_0001_compact_summary.png
schedule_0001,compact_summary,S0001_R007,7,유지원,유,21,949428,柳|劉|兪,2007,female,1,7,2026-02-07,F,F,"[312, 246, 339, 271]","[60, 246, 150, 271]",I10,images/schedule_0001_compact_summary.png
schedule_0001,compact_summary,S0001_R007,7,유지원,유,21,949428,柳|劉|兪,2007,female,1,8,2026-02-08,N,N,"[339, 246, 366, 271]","[60, 246, 150, 271]",J10,images/schedule_0001_compact_summary.png
schedule_0001,compact_summary,S0001_R007,7,유지원,유,21,949428,柳|劉|兪,2007,female,1,9,2026-02-09,OFF,OFF,"[366, 246, 393, 271]","[60, 246, 150, 271]",K10,images/schedule_0001_compact_summary.png
schedule_0001,compact_summary,S0001_R007,7,유지원,유,21,949428,柳|劉|兪,2007,female,1,10,2026-02-10,D,D,"[393, 246, 420, 271]","[60, 246, 150, 271]",L10,images/schedule_0001_compact_summary.png
schedule_0001,compact_summary,S0001_R007,7,유지원,유,21,949428,柳|劉|兪,2007,female,1,11,2026-02-11,OFF,OFF,"[420, 246, 447, 271]","[60, 246, 150, 271]",M10,images/schedule_0001_compact_summary.png
schedule_0001,compact_summary,S0001_R007,7,유지원,유,21,949428,柳|劉|兪,2007,female,1,12,2026-02-12,D,d,"[447, 246, 474, 271]","[60, 246, 150, 271]",N10,images/schedule_0001_compact_summary.png
schedule_0001,compact_summary,S0001_R007,7,유지원,유,21,949428,柳|劉|兪,2007,female,1,13,2026-02-13,LD,lD,"[474, 246, 501, 271]","[60, 246, 150, 271]",O10,images/schedule_0001_compact_summary.png
schedule_0001,compact_summary,S0001_R007,7,유지원,유,21,949428,柳|劉|兪,2007,female,1,14,2026-02-14,M,M,"[501, 246, 528, 271]","[60, 246, 150, 271]",P10,images/schedule_0001_compact_summary.png
schedule_0001,compact_summary,S0001_R007,7,유지원,유,21,949428,柳|劉|兪,2007,female,1,15,2026-02-15,D/E,D/E,"[528, 246, 555, 271]","[60, 246, 150, 271]",Q10,images/schedule_0001_compact_summary.png
schedule_0001,compact_summary,S0001_R007,7,유지원,유,21,949428,柳|劉|兪,2007,female,1,16,2026-02-16,D5,d5,"[555, 246, 582, 271]","[60, 246, 150, 271]",R10,images/schedule_0001_compact_summary.png
schedule_0001,compact_summary,S0001_R007,7,유지원,유,21,949428,柳|劉|兪,2007,female,1,17,2026-02-17,LD,lD,"[582, 246, 609, 271]","[60, 246, 150, 271]",S10,images/schedule_0001_compact_summary.png
schedule_0001,compact_summary,S0001_R007,7,유지원,유,21,949428,柳|劉|兪,2007,female,1,18,2026-02-18,D12,D12,"[609, 246, 636, 271]","[60, 246, 150, 271]",T10,images/schedule_0001_compact_summary.png
schedule_0001,compact_summary,S0001_R007,7,유지원,유,21,949428,柳|劉|兪,2007,female,1,19,2026-02-19,D/E,d/E,"[636, 246, 663, 271]","[60, 246, 150, 271]",U10,images/schedule_0001_compact_summary.png
schedule_0001,compact_summary,S0001_R007,7,유지원,유,21,949428,柳|劉|兪,2007,female,1,20,2026-02-20,LD,LD,"[663, 246, 690, 271]","[60, 246, 150, 271]",V10,images/schedule_0001_compact_summary.png
schedule_0001,compact_summary,S0001_R007,7,유지원,유,21,949428,柳|劉|兪,2007,female,1,21,2026-02-21,D5,D5,"[690, 246, 717, 271]","[60, 246, 150, 271]",W10,images/schedule_0001_compact_summary.png
schedule_0001,compact_summary,S0001_R007,7,유지원,유,21,949428,柳|劉|兪,2007,female,1,22,2026-02-22,M,M,"[717, 246, 744, 271]","[60, 246, 150, 271]",X10,images/schedule_0001_compact_summary.png
schedule_0001,compact_summary,S0001_R007,7,유지원,유,21,949428,柳|劉|兪,2007,female,1,23,2026-02-23,MD,mD,"[744, 246, 771, 271]","[60, 246, 150, 271]",Y10,images/schedule_0001_compact_summary.png
schedule_0001,compact_summary,S0001_R007,7,유지원,유,21,949428,柳|劉|兪,2007,female,1,24,2026-02-24,S/L,s/L,"[771, 246, 798, 271]","[60, 246, 150, 271]",Z10,images/schedule_0001_compact_summary.png
schedule_0001,compact_summary,S0001_R007,7,유지원,유,21,949428,柳|劉|兪,2007,female,1,25,2026-02-25,E,E,"[798, 246, 825, 271]","[60, 246, 150, 271]",AA10,images/schedule_0001_compact_summary.png
schedule_0001,compact_summary,S0001_R007,7,유지원,유,21,949428,柳|劉|兪,2007,female,1,26,2026-02-26,N,n,"[825, 246, 852, 271]","[60, 246, 150, 271]",AB10,images/schedule_0001_compact_summary.png
schedule_0001,compact_summary,S0001_R007,7,유지원,유,21,949428,柳|劉|兪,2007,female,1,27,2026-02-27,D,D,"[852, 246, 879, 271]","[60, 246, 150, 271]",AC10,images/schedule_0001_compact_summary.png
schedule_0001,compact_summary,S0001_R007,7,유지원,유,21,949428,柳|劉|兪,2007,female,1,28,2026-02-28,TL,TL,"[879, 246, 906, 271]","[60, 246, 150, 271]",AD10,images/schedule_0001_compact_summary.png
schedule_0001,compact_summary,S0001_R008,8,송나영,송,18,683494,宋,1989,female,2,1,2026-02-01,OF,oF,"[150, 271, 177, 296]","[60, 271, 150, 296]",C11,images/schedule_0001_compact_summary.png
schedule_0001,compact_summary,S0001_R008,8,송나영,송,18,683494,宋,1989,female,2,2,2026-02-02,VAC,VAC,"[177, 271, 204, 296]","[60, 271, 150, 296]",D11,images/schedule_0001_compact_summary.png
schedule_0001,compact_summary,S0001_R008,8,송나영,송,18,683494,宋,1989,female,2,3,2026-02-03,NB,nb,"[204, 271, 231, 296]","[60, 271, 150, 296]",E11,images/schedule_0001_compact_summary.png
schedule_0001,compact_summary,S0001_R008,8,송나영,송,18,683494,宋,1989,female,2,4,2026-02-04,A,A,"[231, 271, 258, 296]","[60, 271, 150, 296]",F11,images/schedule_0001_compact_summary.png
schedule_0001,compact_summary,S0001_R008,8,송나영,송,18,683494,宋,1989,female,2,5,2026-02-05,SH,SH,"[258, 271, 285, 296]","[60, 271, 150, 296]",G11,images/schedule_0001_compact_summary.png
schedule_0001,compact_summary,S0001_R008,8,송나영,송,18,683494,宋,1989,female,2,6,2026-02-06,PO,Po,"[285, 271, 312, 296]","[60, 271, 150, 296]",H11,images/schedule_0001_compact_summary.png
schedule_0001,compact_summary,S0001_R008,8,송나영,송,18,683494,宋,1989,female,2,7,2026-02-07,N12,N12,"[312, 271, 339, 296]","[60, 271, 150, 296]",I11,images/schedule_0001_compact_summary.png
schedule_0001,compact_summary,S0001_R008,8,송나영,송,18,683494,宋,1989,female,2,8,2026-02-08,-,-,"[339, 271, 366, 296]","[60, 271, 150, 296]",J11,images/schedule_0001_compact_summary.png
schedule_0001,compact_summary,S0001_R008,8,송나영,송,18,683494,宋,1989,female,2,9,2026-02-09,MD,mD,"[366, 271, 393, 296]","[60, 271, 150, 296]",K11,images/schedule_0001_compact_summary.png
schedule_0001,compact_summary,S0001_R008,8,송나영,송,18,683494,宋,1989,female,2,10,2026-02-10,D/E,D/E,"[393, 271, 420, 296]","[60, 271, 150, 296]",L11,images/schedule_0001_compact_summary.png
schedule_0001,compact_summary,S0001_R008,8,송나영,송,18,683494,宋,1989,female,2,11,2026-02-11,PM,PM,"[420, 271, 447, 296]","[60, 271, 150, 296]",M11,images/schedule_0001_compact_summary.png
schedule_0001,compact_summary,S0001_R008,8,송나영,송,18,683494,宋,1989,female,2,12,2026-02-12,MID,MId,"[447, 271, 474, 296]","[60, 271, 150, 296]",N11,images/schedule_0001_compact_summary.png
schedule_0001,compact_summary,S0001_R008,8,송나영,송,18,683494,宋,1989,female,2,13,2026-02-13,DL,DL,"[474, 271, 501, 296]","[60, 271, 150, 296]",O11,images/schedule_0001_compact_summary.png
schedule_0001,compact_summary,S0001_R008,8,송나영,송,18,683494,宋,1989,female,2,14,2026-02-14,N12,N12,"[501, 271, 528, 296]","[60, 271, 150, 296]",P11,images/schedule_0001_compact_summary.png
schedule_0001,compact_summary,S0001_R008,8,송나영,송,18,683494,宋,1989,female,2,15,2026-02-15,WO,wO,"[528, 271, 555, 296]","[60, 271, 150, 296]",Q11,images/schedule_0001_compact_summary.png
schedule_0001,compact_summary,S0001_R008,8,송나영,송,18,683494,宋,1989,female,2,16,2026-02-16,MID,MID,"[555, 271, 582, 296]","[60, 271, 150, 296]",R11,images/schedule_0001_compact_summary.png
schedule_0001,compact_summary,S0001_R008,8,송나영,송,18,683494,宋,1989,female,2,17,2026-02-17,DE,De,"[582, 271, 609, 296]","[60, 271, 150, 296]",S11,images/schedule_0001_compact_summary.png
schedule_0001,compact_summary,S0001_R008,8,송나영,송,18,683494,宋,1989,female,2,18,2026-02-18,파견,파견,"[609, 271, 636, 296]","[60, 271, 150, 296]",T11,images/schedule_0001_compact_summary.png
schedule_0001,compact_summary,S0001_R008,8,송나영,송,18,683494,宋,1989,female,2,19,2026-02-19,OFF,OFF,"[636, 271, 663, 296]","[60, 271, 150, 296]",U11,images/schedule_0001_compact_summary.png
schedule_0001,compact_summary,S0001_R008,8,송나영,송,18,683494,宋,1989,female,2,20,2026-02-20,E,e,"[663, 271, 690, 296]","[60, 271, 150, 296]",V11,images/schedule_0001_compact_summary.png
schedule_0001,compact_summary,S0001_R008,8,송나영,송,18,683494,宋,1989,female,2,21,2026-02-21,OFF,OFF,"[690, 271, 717, 296]","[60, 271, 150, 296]",W11,images/schedule_0001_compact_summary.png
schedule_0001,compact_summary,S0001_R008,8,송나영,송,18,683494,宋,1989,female,2,22,2026-02-22,N,n,"[717, 271, 744, 296]","[60, 271, 150, 296]",X11,images/schedule_0001_compact_summary.png
schedule_0001,compact_summary,S0001_R008,8,송나영,송,18,683494,宋,1989,female,2,23,2026-02-23,육아,육아,"[744, 271, 771, 296]","[60, 271, 150, 296]",Y11,images/schedule_0001_compact_summary.png
schedule_0001,compact_summary,S0001_R008,8,송나영,송,18,683494,宋,1989,female,2,24,2026-02-24,CCL,CCL,"[771, 271, 798, 296]","[60, 271, 150, 296]",Z11,images/schedule_0001_compact_summary.png
schedule_0001,compact_summary,S0001_R008,8,송나영,송,18,683494,宋,1989,female,2,25,2026-02-25,DN,Dn,"[798, 271, 825, 296]","[60, 271, 150, 296]",AA11,images/schedule_0001_compact_summary.png
schedule_0001,compact_summary,S0001_R008,8,송나영,송,18,683494,宋,1989,female,2,26,2026-02-26,—,—,"[825, 271, 852, 296]","[60, 271, 150, 296]",AB11,images/schedule_0001_compact_summary.png
schedule_0001,compact_summary,S0001_R008,8,송나영,송,18,683494,宋,1989,female,2,27,2026-02-27,E,e,"[852, 271, 879, 296]","[60, 271, 150, 296]",AC11,images/schedule_0001_compact_summary.png
schedule_0001,compact_summary,S0001_R008,8,송나영,송,18,683494,宋,1989,female,2,28,2026-02-28,E,E,"[879, 271, 906, 296]","[60, 271, 150, 296]",AD11,images/schedule_0001_compact_summary.png
schedule_0001,compact_summary,S0001_R009,9,양은지,양,24,529701,梁|楊,1985,female,3,1,2026-02-01,SUP,SUP,"[150, 296, 177, 321]","[60, 296, 150, 321]",C12,images/schedule_0001_compact_summary.png
schedule_0001,compact_summary,S0001_R009,9,양은지,양,24,529701,梁|楊,1985,female,3,2,2026-02-02,병,병,"[177, 296, 204, 321]","[60, 296, 150, 321]",D12,images/schedule_0001_compact_summary.png
schedule_0001,compact_summary,S0001_R009,9,양은지,양,24,529701,梁|楊,1985,female,3,3,2026-02-03,OFF,OFF,"[204, 296, 231, 321]","[60, 296, 150, 321]",E12,images/schedule_0001_compact_summary.png
schedule_0001,compact_summary,S0001_R009,9,양은지,양,24,529701,梁|楊,1985,female,3,4,2026-02-04,N12,N12,"[231, 296, 258, 321]","[60, 296, 150, 321]",F12,images/schedule_0001_compact_summary.png
schedule_0001,compact_summary,S0001_R009,9,양은지,양,24,529701,梁|楊,1985,female,3,5,2026-02-05,NB,NB,"[258, 296, 285, 321]","[60, 296, 150, 321]",G12,images/schedule_0001_compact_summary.png
schedule_0001,compact_summary,S0001_R009,9,양은지,양,24,529701,梁|楊,1985,female,3,6,2026-02-06,EDU,edu,"[285, 296, 312, 321]","[60, 296, 150, 321]",H12,images/schedule_0001_compact_summary.png
schedule_0001,compact_summary,S0001_R009,9,양은지,양,24,529701,梁|楊,1985,female,3,7,2026-02-07,교,교,"[312, 296, 339, 321]","[60, 296, 150, 321]",I12,images/schedule_0001_compact_summary.png
schedule_0001,compact_summary,S0001_R009,9,양은지,양,24,529701,梁|楊,1985,female,3,8,2026-02-08,주,주,"[339, 296, 366, 321]","[60, 296, 150, 321]",J12,images/schedule_0001_compact_summary.png
schedule_0001,compact_summary,S0001_R009,9,양은지,양,24,529701,梁|楊,1985,female,3,9,2026-02-09,E,E,"[366, 296, 393, 321]","[60, 296, 150, 321]",K12,images/schedule_0001_compact_summary.png
schedule_0001,compact_summary,S0001_R009,9,양은지,양,24,529701,梁|楊,1985,female,3,10,2026-02-10,당직,당직,"[393, 296, 420, 321]","[60, 296, 150, 321]",L12,images/schedule_0001_compact_summary.png
schedule_0001,compact_summary,S0001_R009,9,양은지,양,24,529701,梁|楊,1985,female,3,11,2026-02-11,off,off,"[420, 296, 447, 321]","[60, 296, 150, 321]",M12,images/schedule_0001_compact_summary.png
schedule_0001,compact_summary,S0001_R009,9,양은지,양,24,529701,梁|楊,1985,female,3,12,2026-02-12,N,n,"[447, 296, 474, 321]","[60, 296, 150, 321]",N12,images/schedule_0001_compact_summary.png
schedule_0001,compact_summary,S0001_R009,9,양은지,양,24,529701,梁|楊,1985,female,3,13,2026-02-13,O,O,"[474, 296, 501, 321]","[60, 296, 150, 321]",O12,images/schedule_0001_compact_summary.png
schedule_0001,compact_summary,S0001_R009,9,양은지,양,24,529701,梁|楊,1985,female,3,14,2026-02-14,N,N,"[501, 296, 528, 321]","[60, 296, 150, 321]",P12,images/schedule_0001_compact_summary.png
schedule_0001,compact_summary,S0001_R009,9,양은지,양,24,529701,梁|楊,1985,female,3,15,2026-02-15,DN,DN,"[528, 296, 555, 321]","[60, 296, 150, 321]",Q12,images/schedule_0001_compact_summary.png
schedule_0001,compact_summary,S0001_R009,9,양은지,양,24,529701,梁|楊,1985,female,3,16,2026-02-16,O/C,O/C,"[555, 296, 582, 321]","[60, 296, 150, 321]",R12,images/schedule_0001_compact_summary.png
schedule_0001,compact_summary,S0001_R009,9,양은지,양,24,529701,梁|楊,1985,female,3,17,2026-02-17,D12,D12,"[582, 296, 609, 321]","[60, 296, 150, 321]",S12,images/schedule_0001_compact_summary.png
schedule_0001,compact_summary,S0001_R009,9,양은지,양,24,529701,梁|楊,1985,female,3,18,2026-02-18,off,off,"[609, 296, 636, 321]","[60, 296, 150, 321]",T12,images/schedule_0001_compact_summary.png
schedule_0001,compact_summary,S0001_R009,9,양은지,양,24,529701,梁|楊,1985,female,3,19,2026-02-19,OFF,OFF,"[636, 296, 663, 321]","[60, 296, 150, 321]",U12,images/schedule_0001_compact_summary.png
schedule_0001,compact_summary,S0001_R009,9,양은지,양,24,529701,梁|楊,1985,female,3,20,2026-02-20,D,D,"[663, 296, 690, 321]","[60, 296, 150, 321]",V12,images/schedule_0001_compact_summary.png
schedule_0001,compact_summary,S0001_R009,9,양은지,양,24,529701,梁|楊,1985,female,3,21,2026-02-21,D,d,"[690, 296, 717, 321]","[60, 296, 150, 321]",W12,images/schedule_0001_compact_summary.png
schedule_0001,compact_summary,S0001_R009,9,양은지,양,24,529701,梁|楊,1985,female,3,22,2026-02-22,D,D,"[717, 296, 744, 321]","[60, 296, 150, 321]",X12,images/schedule_0001_compact_summary.png
schedule_0001,compact_summary,S0001_R009,9,양은지,양,24,529701,梁|楊,1985,female,3,23,2026-02-23,E,E,"[744, 296, 771, 321]","[60, 296, 150, 321]",Y12,images/schedule_0001_compact_summary.png
schedule_0001,compact_summary,S0001_R009,9,양은지,양,24,529701,梁|楊,1985,female,3,24,2026-02-24,E,E,"[771, 296, 798, 321]","[60, 296, 150, 321]",Z12,images/schedule_0001_compact_summary.png
schedule_0001,compact_summary,S0001_R009,9,양은지,양,24,529701,梁|楊,1985,female,3,25,2026-02-25,F,f,"[798, 296, 825, 321]","[60, 296, 150, 321]",AA12,images/schedule_0001_compact_summary.png
schedule_0001,compact_summary,S0001_R009,9,양은지,양,24,529701,梁|楊,1985,female,3,26,2026-02-26,BH,BH,"[825, 296, 852, 321]","[60, 296, 150, 321]",AB12,images/schedule_0001_compact_summary.png
schedule_0001,compact_summary,S0001_R009,9,양은지,양,24,529701,梁|楊,1985,female,3,27,2026-02-27,OFF,oFf,"[852, 296, 879, 321]","[60, 296, 150, 321]",AC12,images/schedule_0001_compact_summary.png
schedule_0001,compact_summary,S0001_R009,9,양은지,양,24,529701,梁|楊,1985,female,3,28,2026-02-28,E,E,"[879, 296, 906, 321]","[60, 296, 150, 321]",AD12,images/schedule_0001_compact_summary.png
schedule_0001,compact_summary,S0001_R010,10,맹영수,맹,89,22028,孟,1969,male,4,1,2026-02-01,NO,No,"[150, 321, 177, 346]","[60, 321, 150, 346]",C13,images/schedule_0001_compact_summary.png
schedule_0001,compact_summary,S0001_R010,10,맹영수,맹,89,22028,孟,1969,male,4,2,2026-02-02,NB,nb,"[177, 321, 204, 346]","[60, 321, 150, 346]",D13,images/schedule_0001_compact_summary.png
schedule_0001,compact_summary,S0001_R010,10,맹영수,맹,89,22028,孟,1969,male,4,3,2026-02-03,DL,DL,"[204, 321, 231, 346]","[60, 321, 150, 346]",E13,images/schedule_0001_compact_summary.png
schedule_0001,compact_summary,S0001_R010,10,맹영수,맹,89,22028,孟,1969,male,4,4,2026-02-04,O,O,"[231, 321, 258, 346]","[60, 321, 150, 346]",F13,images/schedule_0001_compact_summary.png
schedule_0001,compact_summary,S0001_R010,10,맹영수,맹,89,22028,孟,1969,male,4,5,2026-02-05,OFF,OFF,"[258, 321, 285, 346]","[60, 321, 150, 346]",G13,images/schedule_0001_compact_summary.png
schedule_0001,compact_summary,S0001_R010,10,맹영수,맹,89,22028,孟,1969,male,4,6,2026-02-06,O,O,"[285, 321, 312, 346]","[60, 321, 150, 346]",H13,images/schedule_0001_compact_summary.png
schedule_0001,compact_summary,S0001_R010,10,맹영수,맹,89,22028,孟,1969,male,4,7,2026-02-07,DN,dN,"[312, 321, 339, 346]","[60, 321, 150, 346]",I13,images/schedule_0001_compact_summary.png
schedule_0001,compact_summary,S0001_R010,10,맹영수,맹,89,22028,孟,1969,male,4,8,2026-02-08,N,n,"[339, 321, 366, 346]","[60, 321, 150, 346]",J13,images/schedule_0001_compact_summary.png
schedule_0001,compact_summary,S0001_R010,10,맹영수,맹,89,22028,孟,1969,male,4,9,2026-02-09,N,N,"[366, 321, 393, 346]","[60, 321, 150, 346]",K13,images/schedule_0001_compact_summary.png
schedule_0001,compact_summary,S0001_R010,10,맹영수,맹,89,22028,孟,1969,male,4,10,2026-02-10,S,S,"[393, 321, 420, 346]","[60, 321, 150, 346]",L13,images/schedule_0001_compact_summary.png
schedule_0001,compact_summary,S0001_R010,10,맹영수,맹,89,22028,孟,1969,male,4,11,2026-02-11,DH,dh,"[420, 321, 447, 346]","[60, 321, 150, 346]",M13,images/schedule_0001_compact_summary.png
schedule_0001,compact_summary,S0001_R010,10,맹영수,맹,89,22028,孟,1969,male,4,12,2026-02-12,MD,mD,"[447, 321, 474, 346]","[60, 321, 150, 346]",N13,images/schedule_0001_compact_summary.png
schedule_0001,compact_summary,S0001_R010,10,맹영수,맹,89,22028,孟,1969,male,4,13,2026-02-13,WO,WO,"[474, 321, 501, 346]","[60, 321, 150, 346]",O13,images/schedule_0001_compact_summary.png
schedule_0001,compact_summary,S0001_R010,10,맹영수,맹,89,22028,孟,1969,male,4,14,2026-02-14,PH,pH,"[501, 321, 528, 346]","[60, 321, 150, 346]",P13,images/schedule_0001_compact_summary.png
schedule_0001,compact_summary,S0001_R010,10,맹영수,맹,89,22028,孟,1969,male,4,15,2026-02-15,D12,D12,"[528, 321, 555, 346]","[60, 321, 150, 346]",Q13,images/schedule_0001_compact_summary.png
schedule_0001,compact_summary,S0001_R010,10,맹영수,맹,89,22028,孟,1969,male,4,16,2026-02-16,육,육,"[555, 321, 582, 346]","[60, 321, 150, 346]",R13,images/schedule_0001_compact_summary.png
schedule_0001,compact_summary,S0001_R010,10,맹영수,맹,89,22028,孟,1969,male,4,17,2026-02-17,D5,D5,"[582, 321, 609, 346]","[60, 321, 150, 346]",S13,images/schedule_0001_compact_summary.png
schedule_0001,compact_summary,S0001_R010,10,맹영수,맹,89,22028,孟,1969,male,4,18,2026-02-18,MD,MD,"[609, 321, 636, 346]","[60, 321, 150, 346]",T13,images/schedule_0001_compact_summary.png
schedule_0001,compact_summary,S0001_R010,10,맹영수,맹,89,22028,孟,1969,male,4,19,2026-02-19,WS,wS,"[636, 321, 663, 346]","[60, 321, 150, 346]",U13,images/schedule_0001_compact_summary.png
schedule_0001,compact_summary,S0001_R010,10,맹영수,맹,89,22028,孟,1969,male,4,20,2026-02-20,DN,dn,"[663, 321, 690, 346]","[60, 321, 150, 346]",V13,images/schedule_0001_compact_summary.png
schedule_0001,compact_summary,S0001_R010,10,맹영수,맹,89,22028,孟,1969,male,4,21,2026-02-21,V,V,"[690, 321, 717, 346]","[60, 321, 150, 346]",W13,images/schedule_0001_compact_summary.png
schedule_0001,compact_summary,S0001_R010,10,맹영수,맹,89,22028,孟,1969,male,4,22,2026-02-22,MAT,MAT,"[717, 321, 744, 346]","[60, 321, 150, 346]",X13,images/schedule_0001_compact_summary.png
schedule_0001,compact_summary,S0001_R010,10,맹영수,맹,89,22028,孟,1969,male,4,23,2026-02-23,LD,LD,"[744, 321, 771, 346]","[60, 321, 150, 346]",Y13,images/schedule_0001_compact_summary.png
schedule_0001,compact_summary,S0001_R010,10,맹영수,맹,89,22028,孟,1969,male,4,24,2026-02-24,D5,D5,"[771, 321, 798, 346]","[60, 321, 150, 346]",Z13,images/schedule_0001_compact_summary.png
schedule_0001,compact_summary,S0001_R010,10,맹영수,맹,89,22028,孟,1969,male,4,25,2026-02-25,MID,MId,"[798, 321, 825, 346]","[60, 321, 150, 346]",AA13,images/schedule_0001_compact_summary.png
schedule_0001,compact_summary,S0001_R010,10,맹영수,맹,89,22028,孟,1969,male,4,26,2026-02-26,ADO,aDO,"[825, 321, 852, 346]","[60, 321, 150, 346]",AB13,images/schedule_0001_compact_summary.png
schedule_0001,compact_summary,S0001_R010,10,맹영수,맹,89,22028,孟,1969,male,4,27,2026-02-27,E,E,"[852, 321, 879, 346]","[60, 321, 150, 346]",AC13,images/schedule_0001_compact_summary.png
schedule_0001,compact_summary,S0001_R010,10,맹영수,맹,89,22028,孟,1969,male,4,28,2026-02-28,O,O,"[879, 321, 906, 346]","[60, 321, 150, 346]",AD13,images/schedule_0001_compact_summary.png
schedule_0001,compact_summary,S0001_R011,11,임영수,임,10,1015182,林|任,1967,male,5,1,2026-02-01,MID,MId,"[150, 346, 177, 371]","[60, 346, 150, 371]",C14,images/schedule_0001_compact_summary.png
schedule_0001,compact_summary,S0001_R011,11,임영수,임,10,1015182,林|任,1967,male,5,2,2026-02-02,휴직,휴직,"[177, 346, 204, 371]","[60, 346, 150, 371]",D14,images/schedule_0001_compact_summary.png
schedule_0001,compact_summary,S0001_R011,11,임영수,임,10,1015182,林|任,1967,male,5,3,2026-02-03,CN,CN,"[204, 346, 231, 371]","[60, 346, 150, 371]",E14,images/schedule_0001_compact_summary.png
schedule_0001,compact_summary,S0001_R011,11,임영수,임,10,1015182,林|任,1967,male,5,4,2026-02-04,WS,WS,"[231, 346, 258, 371]","[60, 346, 150, 371]",F14,images/schedule_0001_compact_summary.png
schedule_0001,compact_summary,S0001_R011,11,임영수,임,10,1015182,林|任,1967,male,5,5,2026-02-05,—,—,"[258, 346, 285, 371]","[60, 346, 150, 371]",G14,images/schedule_0001_compact_summary.png
schedule_0001,compact_summary,S0001_R011,11,임영수,임,10,1015182,林|任,1967,male,5,6,2026-02-06,S,S,"[285, 346, 312, 371]","[60, 346, 150, 371]",H14,images/schedule_0001_compact_summary.png
schedule_0001,compact_summary,S0001_R011,11,임영수,임,10,1015182,林|任,1967,male,5,7,2026-02-07,ST,ST,"[312, 346, 339, 371]","[60, 346, 150, 371]",I14,images/schedule_0001_compact_summary.png
schedule_0001,compact_summary,S0001_R011,11,임영수,임,10,1015182,林|任,1967,male,5,8,2026-02-08,D5,D5,"[339, 346, 366, 371]","[60, 346, 150, 371]",J14,images/schedule_0001_compact_summary.png
schedule_0001,compact_summary,S0001_R011,11,임영수,임,10,1015182,林|任,1967,male,5,9,2026-02-09,DB,DB,"[366, 346, 393, 371]","[60, 346, 150, 371]",K14,images/schedule_0001_compact_summary.png
schedule_0001,compact_summary,S0001_R011,11,임영수,임,10,1015182,林|任,1967,male,5,10,2026-02-10,OF,oF,"[393, 346, 420, 371]","[60, 346, 150, 371]",L14,images/schedule_0001_compact_summary.png
schedule_0001,compact_summary,S0001_R011,11,임영수,임,10,1015182,林|任,1967,male,5,11,2026-02-11,D,d,"[420, 346, 447, 371]","[60, 346, 150, 371]",M14,images/schedule_0001_compact_summary.png
schedule_0001,compact_summary,S0001_R011,11,임영수,임,10,1015182,林|任,1967,male,5,12,2026-02-12,O,O,"[447, 346, 474, 371]","[60, 346, 150, 371]",N14,images/schedule_0001_compact_summary.png
schedule_0001,compact_summary,S0001_R011,11,임영수,임,10,1015182,林|任,1967,male,5,13,2026-02-13,D,d,"[474, 346, 501, 371]","[60, 346, 150, 371]",O14,images/schedule_0001_compact_summary.png
schedule_0001,compact_summary,S0001_R011,11,임영수,임,10,1015182,林|任,1967,male,5,14,2026-02-14,E,E,"[501, 346, 528, 371]","[60, 346, 150, 371]",P14,images/schedule_0001_compact_summary.png
schedule_0001,compact_summary,S0001_R011,11,임영수,임,10,1015182,林|任,1967,male,5,15,2026-02-15,OFF,OFf,"[528, 346, 555, 371]","[60, 346, 150, 371]",Q14,images/schedule_0001_compact_summary.png
schedule_0001,compact_summary,S0001_R011,11,임영수,임,10,1015182,林|任,1967,male,5,16,2026-02-16,N,n,"[555, 346, 582, 371]","[60, 346, 150, 371]",R14,images/schedule_0001_compact_summary.png
schedule_0001,compact_summary,S0001_R011,11,임영수,임,10,1015182,林|任,1967,male,5,17,2026-02-17,DB,DB,"[582, 346, 609, 371]","[60, 346, 150, 371]",S14,images/schedule_0001_compact_summary.png
schedule_0001,compact_summary,S0001_R011,11,임영수,임,10,1015182,林|任,1967,male,5,18,2026-02-18,LD,lD,"[609, 346, 636, 371]","[60, 346, 150, 371]",T14,images/schedule_0001_compact_summary.png
schedule_0001,compact_summary,S0001_R011,11,임영수,임,10,1015182,林|任,1967,male,5,19,2026-02-19,DE,DE,"[636, 346, 663, 371]","[60, 346, 150, 371]",U14,images/schedule_0001_compact_summary.png
schedule_0001,compact_summary,S0001_R011,11,임영수,임,10,1015182,林|任,1967,male,5,20,2026-02-20,ON,oN,"[663, 346, 690, 371]","[60, 346, 150, 371]",V14,images/schedule_0001_compact_summary.png
schedule_0001,compact_summary,S0001_R011,11,임영수,임,10,1015182,林|任,1967,male,5,21,2026-02-21,D12,D12,"[690, 346, 717, 371]","[60, 346, 150, 371]",W14,images/schedule_0001_compact_summary.png
schedule_0001,compact_summary,S0001_R011,11,임영수,임,10,1015182,林|任,1967,male,5,22,2026-02-22,S,S,"[717, 346, 744, 371]","[60, 346, 150, 371]",X14,images/schedule_0001_compact_summary.png
schedule_0001,compact_summary,S0001_R011,11,임영수,임,10,1015182,林|任,1967,male,5,23,2026-02-23,OPD,OPD,"[744, 346, 771, 371]","[60, 346, 150, 371]",Y14,images/schedule_0001_compact_summary.png
schedule_0001,compact_summary,S0001_R011,11,임영수,임,10,1015182,林|任,1967,male,5,24,2026-02-24,T,T,"[771, 346, 798, 371]","[60, 346, 150, 371]",Z14,images/schedule_0001_compact_summary.png
schedule_0001,compact_summary,S0001_R011,11,임영수,임,10,1015182,林|任,1967,male,5,25,2026-02-25,E,E,"[798, 346, 825, 371]","[60, 346, 150, 371]",AA14,images/schedule_0001_compact_summary.png
schedule_0001,compact_summary,S0001_R011,11,임영수,임,10,1015182,林|任,1967,male,5,26,2026-02-26,MID,MID,"[825, 346, 852, 371]","[60, 346, 150, 371]",AB14,images/schedule_0001_compact_summary.png
schedule_0001,compact_summary,S0001_R011,11,임영수,임,10,1015182,林|任,1967,male,5,27,2026-02-27,TOIL,toIl,"[852, 346, 879, 371]","[60, 346, 150, 371]",AC14,images/schedule_0001_compact_summary.png
schedule_0001,compact_summary,S0001_R011,11,임영수,임,10,1015182,林|任,1967,male,5,28,2026-02-28,—,—,"[879, 346, 906, 371]","[60, 346, 150, 371]",AD14,images/schedule_0001_compact_summary.png
schedule_0001,compact_summary,S0001_R012,12,최지은,최,4,2333927,崔,1993,female,6,1,2026-02-01,N12,n12,"[150, 371, 177, 396]","[60, 371, 150, 396]",C15,images/schedule_0001_compact_summary.png
schedule_0001,compact_summary,S0001_R012,12,최지은,최,4,2333927,崔,1993,female,6,2,2026-02-02,LD,LD,"[177, 371, 204, 396]","[60, 371, 150, 396]",D15,images/schedule_0001_compact_summary.png
schedule_0001,compact_summary,S0001_R012,12,최지은,최,4,2333927,崔,1993,female,6,3,2026-02-03,AO,Ao,"[204, 371, 231, 396]","[60, 371, 150, 396]",E15,images/schedule_0001_compact_summary.png
schedule_0001,compact_summary,S0001_R012,12,최지은,최,4,2333927,崔,1993,female,6,4,2026-02-04,D5,D5,"[231, 371, 258, 396]","[60, 371, 150, 396]",F15,images/schedule_0001_compact_summary.png
schedule_0001,compact_summary,S0001_R012,12,최지은,최,4,2333927,崔,1993,female,6,5,2026-02-05,SEM,SEM,"[258, 371, 285, 396]","[60, 371, 150, 396]",G15,images/schedule_0001_compact_summary.png
schedule_0001,compact_summary,S0001_R012,12,최지은,최,4,2333927,崔,1993,female,6,6,2026-02-06,AO,AO,"[285, 371, 312, 396]","[60, 371, 150, 396]",H15,images/schedule_0001_compact_summary.png
schedule_0001,compact_summary,S0001_R012,12,최지은,최,4,2333927,崔,1993,female,6,7,2026-02-07,RD,RD,"[312, 371, 339, 396]","[60, 371, 150, 396]",I15,images/schedule_0001_compact_summary.png
schedule_0001,compact_summary,S0001_R012,12,최지은,최,4,2333927,崔,1993,female,6,8,2026-02-08,LD,LD,"[339, 371, 366, 396]","[60, 371, 150, 396]",J15,images/schedule_0001_compact_summary.png
schedule_0001,compact_summary,S0001_R012,12,최지은,최,4,2333927,崔,1993,female,6,9,2026-02-09,NB,nB,"[366, 371, 393, 396]","[60, 371, 150, 396]",K15,images/schedule_0001_compact_summary.png
schedule_0001,compact_summary,S0001_R012,12,최지은,최,4,2333927,崔,1993,female,6,10,2026-02-10,DE,DE,"[393, 371, 420, 396]","[60, 371, 150, 396]",L15,images/schedule_0001_compact_summary.png
schedule_0001,compact_summary,S0001_R012,12,최지은,최,4,2333927,崔,1993,female,6,11,2026-02-11,AO,AO,"[420, 371, 447, 396]","[60, 371, 150, 396]",M15,images/schedule_0001_compact_summary.png
schedule_0001,compact_summary,S0001_R012,12,최지은,최,4,2333927,崔,1993,female,6,12,2026-02-12,D/E,D/E,"[447, 371, 474, 396]","[60, 371, 150, 396]",N15,images/schedule_0001_compact_summary.png
schedule_0001,compact_summary,S0001_R012,12,최지은,최,4,2333927,崔,1993,female,6,13,2026-02-13,S,s,"[474, 371, 501, 396]","[60, 371, 150, 396]",O15,images/schedule_0001_compact_summary.png
schedule_0001,compact_summary,S0001_R012,12,최지은,최,4,2333927,崔,1993,female,6,14,2026-02-14,D5,d5,"[501, 371, 528, 396]","[60, 371, 150, 396]",P15,images/schedule_0001_compact_summary.png
schedule_0001,compact_summary,S0001_R012,12,최지은,최,4,2333927,崔,1993,female,6,15,2026-02-15,D12,D12,"[528, 371, 555, 396]","[60, 371, 150, 396]",Q15,images/schedule_0001_compact_summary.png
schedule_0001,compact_summary,S0001_R012,12,최지은,최,4,2333927,崔,1993,female,6,16,2026-02-16,A,a,"[555, 371, 582, 396]","[60, 371, 150, 396]",R15,images/schedule_0001_compact_summary.png
schedule_0001,compact_summary,S0001_R012,12,최지은,최,4,2333927,崔,1993,female,6,17,2026-02-17,SD,Sd,"[582, 371, 609, 396]","[60, 371, 150, 396]",S15,images/schedule_0001_compact_summary.png
schedule_0001,compact_summary,S0001_R012,12,최지은,최,4,2333927,崔,1993,female,6,18,2026-02-18,WO,wO,"[609, 371, 636, 396]","[60, 371, 150, 396]",T15,images/schedule_0001_compact_summary.png
schedule_0001,compact_summary,S0001_R012,12,최지은,최,4,2333927,崔,1993,female,6,19,2026-02-19,육아휴직,육아휴직,"[636, 371, 663, 396]","[60, 371, 150, 396]",U15,images/schedule_0001_compact_summary.png
schedule_0001,compact_summary,S0001_R012,12,최지은,최,4,2333927,崔,1993,female,6,20,2026-02-20,병가,병가,"[663, 371, 690, 396]","[60, 371, 150, 396]",V15,images/schedule_0001_compact_summary.png
schedule_0001,compact_summary,S0001_R012,12,최지은,최,4,2333927,崔,1993,female,6,21,2026-02-21,ADO,ADO,"[690, 371, 717, 396]","[60, 371, 150, 396]",W15,images/schedule_0001_compact_summary.png
schedule_0001,compact_summary,S0001_R012,12,최지은,최,4,2333927,崔,1993,female,6,22,2026-02-22,D/E,D/E,"[717, 371, 744, 396]","[60, 371, 150, 396]",X15,images/schedule_0001_compact_summary.png
schedule_0001,compact_summary,S0001_R012,12,최지은,최,4,2333927,崔,1993,female,6,23,2026-02-23,MD,Md,"[744, 371, 771, 396]","[60, 371, 150, 396]",Y15,images/schedule_0001_compact_summary.png
schedule_0001,compact_summary,S0001_R012,12,최지은,최,4,2333927,崔,1993,female,6,24,2026-02-24,DB,DB,"[771, 371, 798, 396]","[60, 371, 150, 396]",Z15,images/schedule_0001_compact_summary.png
schedule_0001,compact_summary,S0001_R012,12,최지은,최,4,2333927,崔,1993,female,6,25,2026-02-25,H+,H+,"[798, 371, 825, 396]","[60, 371, 150, 396]",AA15,images/schedule_0001_compact_summary.png
schedule_0001,compact_summary,S0001_R012,12,최지은,최,4,2333927,崔,1993,female,6,26,2026-02-26,OF,oF,"[825, 371, 852, 396]","[60, 371, 150, 396]",AB15,images/schedule_0001_compact_summary.png
schedule_0001,compact_summary,S0001_R012,12,최지은,최,4,2333927,崔,1993,female,6,27,2026-02-27,UN,Un,"[852, 371, 879, 396]","[60, 371, 150, 396]",AC15,images/schedule_0001_compact_summary.png
schedule_0001,compact_summary,S0001_R012,12,최지은,최,4,2333927,崔,1993,female,6,28,2026-02-28,DB,Db,"[879, 371, 906, 396]","[60, 371, 150, 396]",AD15,images/schedule_0001_compact_summary.png
schedule_0001,compact_summary,S0001_R013,13,강영호,강,6,1268472,姜|康,1972,male,1,1,2026-02-01,D5,D5,"[150, 396, 177, 421]","[60, 396, 150, 421]",C16,images/schedule_0001_compact_summary.png
schedule_0001,compact_summary,S0001_R013,13,강영호,강,6,1268472,姜|康,1972,male,1,2,2026-02-02,NO,No,"[177, 396, 204, 421]","[60, 396, 150, 421]",D16,images/schedule_0001_compact_summary.png
schedule_0001,compact_summary,S0001_R013,13,강영호,강,6,1268472,姜|康,1972,male,1,3,2026-02-03,N,N,"[204, 396, 231, 421]","[60, 396, 150, 421]",E16,images/schedule_0001_compact_summary.png
schedule_0001,compact_summary,S0001_R013,13,강영호,강,6,1268472,姜|康,1972,male,1,4,2026-02-04,D/E,D/E,"[231, 396, 258, 421]","[60, 396, 150, 421]",F16,images/schedule_0001_compact_summary.png
schedule_0001,compact_summary,S0001_R013,13,강영호,강,6,1268472,姜|康,1972,male,1,5,2026-02-05,X,x,"[258, 396, 285, 421]","[60, 396, 150, 421]",G16,images/schedule_0001_compact_summary.png
schedule_0001,compact_summary,S0001_R013,13,강영호,강,6,1268472,姜|康,1972,male,1,6,2026-02-06,PH,PH,"[285, 396, 312, 421]","[60, 396, 150, 421]",H16,images/schedule_0001_compact_summary.png
schedule_0001,compact_summary,S0001_R013,13,강영호,강,6,1268472,姜|康,1972,male,1,7,2026-02-07,병,병,"[312, 396, 339, 421]","[60, 396, 150, 421]",I16,images/schedule_0001_compact_summary.png
schedule_0001,compact_summary,S0001_R013,13,강영호,강,6,1268472,姜|康,1972,male,1,8,2026-02-08,X,X,"[339, 396, 366, 421]","[60, 396, 150, 421]",J16,images/schedule_0001_compact_summary.png
schedule_0001,compact_summary,S0001_R013,13,강영호,강,6,1268472,姜|康,1972,male,1,9,2026-02-09,D5,D5,"[366, 396, 393, 421]","[60, 396, 150, 421]",K16,images/schedule_0001_compact_summary.png
schedule_0001,compact_summary,S0001_R013,13,강영호,강,6,1268472,姜|康,1972,male,1,10,2026-02-10,RO,rO,"[393, 396, 420, 421]","[60, 396, 150, 421]",L16,images/schedule_0001_compact_summary.png
schedule_0001,compact_summary,S0001_R013,13,강영호,강,6,1268472,姜|康,1972,male,1,11,2026-02-11,WO,WO,"[420, 396, 447, 421]","[60, 396, 150, 421]",M16,images/schedule_0001_compact_summary.png
schedule_0001,compact_summary,S0001_R013,13,강영호,강,6,1268472,姜|康,1972,male,1,12,2026-02-12,P,P,"[447, 396, 474, 421]","[60, 396, 150, 421]",N16,images/schedule_0001_compact_summary.png
schedule_0001,compact_summary,S0001_R013,13,강영호,강,6,1268472,姜|康,1972,male,1,13,2026-02-13,VAC,VAC,"[474, 396, 501, 421]","[60, 396, 150, 421]",O16,images/schedule_0001_compact_summary.png
schedule_0001,compact_summary,S0001_R013,13,강영호,강,6,1268472,姜|康,1972,male,1,14,2026-02-14,LV,lv,"[501, 396, 528, 421]","[60, 396, 150, 421]",P16,images/schedule_0001_compact_summary.png
schedule_0001,compact_summary,S0001_R013,13,강영호,강,6,1268472,姜|康,1972,male,1,15,2026-02-15,DB,db,"[528, 396, 555, 421]","[60, 396, 150, 421]",Q16,images/schedule_0001_compact_summary.png
schedule_0001,compact_summary,S0001_R013,13,강영호,강,6,1268472,姜|康,1972,male,1,16,2026-02-16,PM,PM,"[555, 396, 582, 421]","[60, 396, 150, 421]",R16,images/schedule_0001_compact_summary.png
schedule_0001,compact_summary,S0001_R013,13,강영호,강,6,1268472,姜|康,1972,male,1,17,2026-02-17,SD,SD,"[582, 396, 609, 421]","[60, 396, 150, 421]",S16,images/schedule_0001_compact_summary.png
schedule_0001,compact_summary,S0001_R013,13,강영호,강,6,1268472,姜|康,1972,male,1,18,2026-02-18,D,d,"[609, 396, 636, 421]","[60, 396, 150, 421]",T16,images/schedule_0001_compact_summary.png
schedule_0001,compact_summary,S0001_R013,13,강영호,강,6,1268472,姜|康,1972,male,1,19,2026-02-19,O,o,"[636, 396, 663, 421]","[60, 396, 150, 421]",U16,images/schedule_0001_compact_summary.png
schedule_0001,compact_summary,S0001_R013,13,강영호,강,6,1268472,姜|康,1972,male,1,20,2026-02-20,OFF,OfF,"[663, 396, 690, 421]","[60, 396, 150, 421]",V16,images/schedule_0001_compact_summary.png
schedule_0001,compact_summary,S0001_R013,13,강영호,강,6,1268472,姜|康,1972,male,1,21,2026-02-21,D5,d5,"[690, 396, 717, 421]","[60, 396, 150, 421]",W16,images/schedule_0001_compact_summary.png
schedule_0001,compact_summary,S0001_R013,13,강영호,강,6,1268472,姜|康,1972,male,1,22,2026-02-22,경조사,경조사,"[717, 396, 744, 421]","[60, 396, 150, 421]",X16,images/schedule_0001_compact_summary.png
schedule_0001,compact_summary,S0001_R013,13,강영호,강,6,1268472,姜|康,1972,male,1,23,2026-02-23,NB,NB,"[744, 396, 771, 421]","[60, 396, 150, 421]",Y16,images/schedule_0001_compact_summary.png
schedule_0001,compact_summary,S0001_R013,13,강영호,강,6,1268472,姜|康,1972,male,1,24,2026-02-24,f,F,"[771, 396, 798, 421]","[60, 396, 150, 421]",Z16,images/schedule_0001_compact_summary.png
schedule_0001,compact_summary,S0001_R013,13,강영호,강,6,1268472,姜|康,1972,male,1,25,2026-02-25,D,D,"[798, 396, 825, 421]","[60, 396, 150, 421]",AA16,images/schedule_0001_compact_summary.png
schedule_0001,compact_summary,S0001_R013,13,강영호,강,6,1268472,姜|康,1972,male,1,26,2026-02-26,O,O,"[825, 396, 852, 421]","[60, 396, 150, 421]",AB16,images/schedule_0001_compact_summary.png
schedule_0001,compact_summary,S0001_R013,13,강영호,강,6,1268472,姜|康,1972,male,1,27,2026-02-27,N,N,"[852, 396, 879, 421]","[60, 396, 150, 421]",AC16,images/schedule_0001_compact_summary.png
schedule_0001,compact_summary,S0001_R013,13,강영호,강,6,1268472,姜|康,1972,male,1,28,2026-02-28,NO,NO,"[879, 396, 906, 421]","[60, 396, 150, 421]",AD16,images/schedule_0001_compact_summary.png
schedule_0001,compact_summary,S0001_R014,14,박선영,박,3,4192074,朴,1975,female,2,1,2026-02-01,NO,NO,"[150, 421, 177, 446]","[60, 421, 150, 446]",C17,images/schedule_0001_compact_summary.png
schedule_0001,compact_summary,S0001_R014,14,박선영,박,3,4192074,朴,1975,female,2,2,2026-02-02,출산휴가,출산휴가,"[177, 421, 204, 446]","[60, 421, 150, 446]",D17,images/schedule_0001_compact_summary.png
schedule_0001,compact_summary,S0001_R014,14,박선영,박,3,4192074,朴,1975,female,2,3,2026-02-03,D5,D5,"[204, 421, 231, 446]","[60, 421, 150, 446]",E17,images/schedule_0001_compact_summary.png
schedule_0001,compact_summary,S0001_R014,14,박선영,박,3,4192074,朴,1975,female,2,4,2026-02-04,TR,tr,"[231, 421, 258, 446]","[60, 421, 150, 446]",F17,images/schedule_0001_compact_summary.png
schedule_0001,compact_summary,S0001_R014,14,박선영,박,3,4192074,朴,1975,female,2,5,2026-02-05,NA,NA,"[258, 421, 285, 446]","[60, 421, 150, 446]",G17,images/schedule_0001_compact_summary.png
schedule_0001,compact_summary,S0001_R014,14,박선영,박,3,4192074,朴,1975,female,2,6,2026-02-06,D5,D5,"[285, 421, 312, 446]","[60, 421, 150, 446]",H17,images/schedule_0001_compact_summary.png
schedule_0001,compact_summary,S0001_R014,14,박선영,박,3,4192074,朴,1975,female,2,7,2026-02-07,A,a,"[312, 421, 339, 446]","[60, 421, 150, 446]",I17,images/schedule_0001_compact_summary.png
schedule_0001,compact_summary,S0001_R014,14,박선영,박,3,4192074,朴,1975,female,2,8,2026-02-08,AM,Am,"[339, 421, 366, 446]","[60, 421, 150, 446]",J17,images/schedule_0001_compact_summary.png
schedule_0001,compact_summary,S0001_R014,14,박선영,박,3,4192074,朴,1975,female,2,9,2026-02-09,A/L,A/L,"[366, 421, 393, 446]","[60, 421, 150, 446]",K17,images/schedule_0001_compact_summary.png
schedule_0001,compact_summary,S0001_R014,14,박선영,박,3,4192074,朴,1975,female,2,10,2026-02-10,PH,PH,"[393, 421, 420, 446]","[60, 421, 150, 446]",L17,images/schedule_0001_compact_summary.png
schedule_0001,compact_summary,S0001_R014,14,박선영,박,3,4192074,朴,1975,female,2,11,2026-02-11,NO,NO,"[420, 421, 447, 446]","[60, 421, 150, 446]",M17,images/schedule_0001_compact_summary.png
schedule_0001,compact_summary,S0001_R014,14,박선영,박,3,4192074,朴,1975,female,2,12,2026-02-12,M,m,"[447, 421, 474, 446]","[60, 421, 150, 446]",N17,images/schedule_0001_compact_summary.png
schedule_0001,compact_summary,S0001_R014,14,박선영,박,3,4192074,朴,1975,female,2,13,2026-02-13,T,T,"[474, 421, 501, 446]","[60, 421, 150, 446]",O17,images/schedule_0001_compact_summary.png
schedule_0001,compact_summary,S0001_R014,14,박선영,박,3,4192074,朴,1975,female,2,14,2026-02-14,E,E,"[501, 421, 528, 446]","[60, 421, 150, 446]",P17,images/schedule_0001_compact_summary.png
schedule_0001,compact_summary,S0001_R014,14,박선영,박,3,4192074,朴,1975,female,2,15,2026-02-15,N,n,"[528, 421, 555, 446]","[60, 421, 150, 446]",Q17,images/schedule_0001_compact_summary.png
schedule_0001,compact_summary,S0001_R014,14,박선영,박,3,4192074,朴,1975,female,2,16,2026-02-16,N,N,"[555, 421, 582, 446]","[60, 421, 150, 446]",R17,images/schedule_0001_compact_summary.png
schedule_0001,compact_summary,S0001_R014,14,박선영,박,3,4192074,朴,1975,female,2,17,2026-02-17,N,N,"[582, 421, 609, 446]","[60, 421, 150, 446]",S17,images/schedule_0001_compact_summary.png
schedule_0001,compact_summary,S0001_R014,14,박선영,박,3,4192074,朴,1975,female,2,18,2026-02-18,PO,Po,"[609, 421, 636, 446]","[60, 421, 150, 446]",T17,images/schedule_0001_compact_summary.png
schedule_0001,compact_summary,S0001_R014,14,박선영,박,3,4192074,朴,1975,female,2,19,2026-02-19,E,e,"[636, 421, 663, 446]","[60, 421, 150, 446]",U17,images/schedule_0001_compact_summary.png
schedule_0001,compact_summary,S0001_R014,14,박선영,박,3,4192074,朴,1975,female,2,20,2026-02-20,N,N,"[663, 421, 690, 446]","[60, 421, 150, 446]",V17,images/schedule_0001_compact_summary.png
schedule_0001,compact_summary,S0001_R014,14,박선영,박,3,4192074,朴,1975,female,2,21,2026-02-21,OFF,OFF,"[690, 421, 717, 446]","[60, 421, 150, 446]",W17,images/schedule_0001_compact_summary.png
schedule_0001,compact_summary,S0001_R014,14,박선영,박,3,4192074,朴,1975,female,2,22,2026-02-22,O,O,"[717, 421, 744, 446]","[60, 421, 150, 446]",X17,images/schedule_0001_compact_summary.png
schedule_0001,compact_summary,S0001_R014,14,박선영,박,3,4192074,朴,1975,female,2,23,2026-02-23,O,O,"[744, 421, 771, 446]","[60, 421, 150, 446]",Y17,images/schedule_0001_compact_summary.png
schedule_0001,compact_summary,S0001_R014,14,박선영,박,3,4192074,朴,1975,female,2,24,2026-02-24,E,E,"[771, 421, 798, 446]","[60, 421, 150, 446]",Z17,images/schedule_0001_compact_summary.png
schedule_0001,compact_summary,S0001_R014,14,박선영,박,3,4192074,朴,1975,female,2,25,2026-02-25,N,N,"[798, 421, 825, 446]","[60, 421, 150, 446]",AA17,images/schedule_0001_compact_summary.png
schedule_0001,compact_summary,S0001_R014,14,박선영,박,3,4192074,朴,1975,female,2,26,2026-02-26,NO,NO,"[825, 421, 852, 446]","[60, 421, 150, 446]",AB17,images/schedule_0001_compact_summary.png
schedule_0001,compact_summary,S0001_R014,14,박선영,박,3,4192074,朴,1975,female,2,27,2026-02-27,UL,Ul,"[852, 421, 879, 446]","[60, 421, 150, 446]",AC17,images/schedule_0001_compact_summary.png
schedule_0001,compact_summary,S0001_R014,14,박선영,박,3,4192074,朴,1975,female,2,28,2026-02-28,AM,AM,"[879, 421, 906, 446]","[60, 421, 150, 446]",AD17,images/schedule_0001_compact_summary.png
schedule_0002,clean_grid,S0002_R001,1,이경숙,이,2,7306828,李,1972,female,병동,1,2026-04-01,MD,MD,"[110, 75, 144, 104]","[18, 75, 110, 104]",B4,images/schedule_0002_clean_grid.png
schedule_0002,clean_grid,S0002_R001,1,이경숙,이,2,7306828,李,1972,female,병동,2,2026-04-02,Off,Off,"[144, 75, 178, 104]","[18, 75, 110, 104]",C4,images/schedule_0002_clean_grid.png
schedule_0002,clean_grid,S0002_R001,1,이경숙,이,2,7306828,李,1972,female,병동,3,2026-04-03,XA,Xa,"[178, 75, 212, 104]","[18, 75, 110, 104]",D4,images/schedule_0002_clean_grid.png
schedule_0002,clean_grid,S0002_R001,1,이경숙,이,2,7306828,李,1972,female,병동,4,2026-04-04,HLP,HlP,"[212, 75, 246, 104]","[18, 75, 110, 104]",E4,images/schedule_0002_clean_grid.png
schedule_0002,clean_grid,S0002_R001,1,이경숙,이,2,7306828,李,1972,female,병동,5,2026-04-05,D5,D5,"[246, 75, 280, 104]","[18, 75, 110, 104]",F4,images/schedule_0002_clean_grid.png
schedule_0002,clean_grid,S0002_R001,1,이경숙,이,2,7306828,李,1972,female,병동,6,2026-04-06,STBY,STBY,"[280, 75, 314, 104]","[18, 75, 110, 104]",G4,images/schedule_0002_clean_grid.png
schedule_0002,clean_grid,S0002_R001,1,이경숙,이,2,7306828,李,1972,female,병동,7,2026-04-07,D5,d5,"[314, 75, 348, 104]","[18, 75, 110, 104]",H4,images/schedule_0002_clean_grid.png
schedule_0002,clean_grid,S0002_R001,1,이경숙,이,2,7306828,李,1972,female,병동,8,2026-04-08,NO,nO,"[348, 75, 382, 104]","[18, 75, 110, 104]",I4,images/schedule_0002_clean_grid.png
schedule_0002,clean_grid,S0002_R001,1,이경숙,이,2,7306828,李,1972,female,병동,9,2026-04-09,M,M,"[382, 75, 416, 104]","[18, 75, 110, 104]",J4,images/schedule_0002_clean_grid.png
schedule_0002,clean_grid,S0002_R001,1,이경숙,이,2,7306828,李,1972,female,병동,10,2026-04-10,ADO,aDO,"[416, 75, 450, 104]","[18, 75, 110, 104]",K4,images/schedule_0002_clean_grid.png
schedule_0002,clean_grid,S0002_R001,1,이경숙,이,2,7306828,李,1972,female,병동,11,2026-04-11,보건,보건,"[450, 75, 484, 104]","[18, 75, 110, 104]",L4,images/schedule_0002_clean_grid.png
schedule_0002,clean_grid,S0002_R001,1,이경숙,이,2,7306828,李,1972,female,병동,12,2026-04-12,생휴,생휴,"[484, 75, 518, 104]","[18, 75, 110, 104]",M4,images/schedule_0002_clean_grid.png
schedule_0002,clean_grid,S0002_R001,1,이경숙,이,2,7306828,李,1972,female,병동,13,2026-04-13,MID,mid,"[518, 75, 552, 104]","[18, 75, 110, 104]",N4,images/schedule_0002_clean_grid.png
schedule_0002,clean_grid,S0002_R001,1,이경숙,이,2,7306828,李,1972,female,병동,14,2026-04-14,출,출,"[552, 75, 586, 104]","[18, 75, 110, 104]",O4,images/schedule_0002_clean_grid.png
schedule_0002,clean_grid,S0002_R001,1,이경숙,이,2,7306828,李,1972,female,병동,15,2026-04-15,D5,d5,"[586, 75, 620, 104]","[18, 75, 110, 104]",P4,images/schedule_0002_clean_grid.png
schedule_0002,clean_grid,S0002_R001,1,이경숙,이,2,7306828,李,1972,female,병동,16,2026-04-16,CH,CH,"[620, 75, 654, 104]","[18, 75, 110, 104]",Q4,images/schedule_0002_clean_grid.png
schedule_0002,clean_grid,S0002_R001,1,이경숙,이,2,7306828,李,1972,female,병동,17,2026-04-17,H,h,"[654, 75, 688, 104]","[18, 75, 110, 104]",R4,images/schedule_0002_clean_grid.png
schedule_0002,clean_grid,S0002_R001,1,이경숙,이,2,7306828,李,1972,female,병동,18,2026-04-18,PH,PH,"[688, 75, 722, 104]","[18, 75, 110, 104]",S4,images/schedule_0002_clean_grid.png
schedule_0002,clean_grid,S0002_R001,1,이경숙,이,2,7306828,李,1972,female,병동,19,2026-04-19,WO,WO,"[722, 75, 756, 104]","[18, 75, 110, 104]",T4,images/schedule_0002_clean_grid.png
schedule_0002,clean_grid,S0002_R001,1,이경숙,이,2,7306828,李,1972,female,병동,20,2026-04-20,A,a,"[756, 75, 790, 104]","[18, 75, 110, 104]",U4,images/schedule_0002_clean_grid.png
schedule_0002,clean_grid,S0002_R001,1,이경숙,이,2,7306828,李,1972,female,병동,21,2026-04-21,D12,D12,"[790, 75, 824, 104]","[18, 75, 110, 104]",V4,images/schedule_0002_clean_grid.png
schedule_0002,clean_grid,S0002_R001,1,이경숙,이,2,7306828,李,1972,female,병동,22,2026-04-22,ADO,AdO,"[824, 75, 858, 104]","[18, 75, 110, 104]",W4,images/schedule_0002_clean_grid.png
schedule_0002,clean_grid,S0002_R001,1,이경숙,이,2,7306828,李,1972,female,병동,23,2026-04-23,ADO,ADO,"[858, 75, 892, 104]","[18, 75, 110, 104]",X4,images/schedule_0002_clean_grid.png
schedule_0002,clean_grid,S0002_R001,1,이경숙,이,2,7306828,李,1972,female,병동,24,2026-04-24,DN,DN,"[892, 75, 926, 104]","[18, 75, 110, 104]",Y4,images/schedule_0002_clean_grid.png
schedule_0002,clean_grid,S0002_R001,1,이경숙,이,2,7306828,李,1972,female,병동,25,2026-04-25,F,F,"[926, 75, 960, 104]","[18, 75, 110, 104]",Z4,images/schedule_0002_clean_grid.png
schedule_0002,clean_grid,S0002_R001,1,이경숙,이,2,7306828,李,1972,female,병동,26,2026-04-26,E,E,"[960, 75, 994, 104]","[18, 75, 110, 104]",AA4,images/schedule_0002_clean_grid.png
schedule_0002,clean_grid,S0002_R001,1,이경숙,이,2,7306828,李,1972,female,병동,27,2026-04-27,E,E,"[994, 75, 1028, 104]","[18, 75, 110, 104]",AB4,images/schedule_0002_clean_grid.png
schedule_0002,clean_grid,S0002_R001,1,이경숙,이,2,7306828,李,1972,female,병동,28,2026-04-28,OFF,ofF,"[1028, 75, 1062, 104]","[18, 75, 110, 104]",AC4,images/schedule_0002_clean_grid.png
schedule_0002,clean_grid,S0002_R001,1,이경숙,이,2,7306828,李,1972,female,병동,29,2026-04-29,O,O,"[1062, 75, 1096, 104]","[18, 75, 110, 104]",AD4,images/schedule_0002_clean_grid.png
schedule_0002,clean_grid,S0002_R001,1,이경숙,이,2,7306828,李,1972,female,병동,30,2026-04-30,OFF,OfF,"[1096, 75, 1130, 104]","[18, 75, 110, 104]",AE4,images/schedule_0002_clean_grid.png
schedule_0002,clean_grid,S0002_R002,2,백민서,백,28,381986,白,2007,female,병동,1,2026-04-01,—,—,"[110, 104, 144, 133]","[18, 104, 110, 133]",B5,images/schedule_0002_clean_grid.png
schedule_0002,clean_grid,S0002_R002,2,백민서,백,28,381986,白,2007,female,병동,2,2026-04-02,H,H,"[144, 104, 178, 133]","[18, 104, 110, 133]",C5,images/schedule_0002_clean_grid.png
schedule_0002,clean_grid,S0002_R002,2,백민서,백,28,381986,白,2007,female,병동,3,2026-04-03,D/E,D/E,"[178, 104, 212, 133]","[18, 104, 110, 133]",D5,images/schedule_0002_clean_grid.png
schedule_0002,clean_grid,S0002_R002,2,백민서,백,28,381986,白,2007,female,병동,4,2026-04-04,O,O,"[212, 104, 246, 133]","[18, 104, 110, 133]",E5,images/schedule_0002_clean_grid.png
schedule_0002,clean_grid,S0002_R002,2,백민서,백,28,381986,白,2007,female,병동,5,2026-04-05,O,O,"[246, 104, 280, 133]","[18, 104, 110, 133]",F5,images/schedule_0002_clean_grid.png
schedule_0002,clean_grid,S0002_R002,2,백민서,백,28,381986,白,2007,female,병동,6,2026-04-06,O,o,"[280, 104, 314, 133]","[18, 104, 110, 133]",G5,images/schedule_0002_clean_grid.png
schedule_0002,clean_grid,S0002_R002,2,백민서,백,28,381986,白,2007,female,병동,7,2026-04-07,O,O,"[314, 104, 348, 133]","[18, 104, 110, 133]",H5,images/schedule_0002_clean_grid.png
schedule_0002,clean_grid,S0002_R002,2,백민서,백,28,381986,白,2007,female,병동,8,2026-04-08,D,d,"[348, 104, 382, 133]","[18, 104, 110, 133]",I5,images/schedule_0002_clean_grid.png
schedule_0002,clean_grid,S0002_R002,2,백민서,백,28,381986,白,2007,female,병동,9,2026-04-09,DN,DN,"[382, 104, 416, 133]","[18, 104, 110, 133]",J5,images/schedule_0002_clean_grid.png
schedule_0002,clean_grid,S0002_R002,2,백민서,백,28,381986,白,2007,female,병동,10,2026-04-10,N12,n12,"[416, 104, 450, 133]","[18, 104, 110, 133]",K5,images/schedule_0002_clean_grid.png
schedule_0002,clean_grid,S0002_R002,2,백민서,백,28,381986,白,2007,female,병동,11,2026-04-11,PO,PO,"[450, 104, 484, 133]","[18, 104, 110, 133]",L5,images/schedule_0002_clean_grid.png
schedule_0002,clean_grid,S0002_R002,2,백민서,백,28,381986,白,2007,female,병동,12,2026-04-12,X,X,"[484, 104, 518, 133]","[18, 104, 110, 133]",M5,images/schedule_0002_clean_grid.png
schedule_0002,clean_grid,S0002_R002,2,백민서,백,28,381986,白,2007,female,병동,13,2026-04-13,AO,Ao,"[518, 104, 552, 133]","[18, 104, 110, 133]",N5,images/schedule_0002_clean_grid.png
schedule_0002,clean_grid,S0002_R002,2,백민서,백,28,381986,白,2007,female,병동,14,2026-04-14,O/C,O/C,"[552, 104, 586, 133]","[18, 104, 110, 133]",O5,images/schedule_0002_clean_grid.png
schedule_0002,clean_grid,S0002_R002,2,백민서,백,28,381986,白,2007,female,병동,15,2026-04-15,PMH,pmH,"[586, 104, 620, 133]","[18, 104, 110, 133]",P5,images/schedule_0002_clean_grid.png
schedule_0002,clean_grid,S0002_R002,2,백민서,백,28,381986,白,2007,female,병동,16,2026-04-16,F,F,"[620, 104, 654, 133]","[18, 104, 110, 133]",Q5,images/schedule_0002_clean_grid.png
schedule_0002,clean_grid,S0002_R002,2,백민서,백,28,381986,白,2007,female,병동,17,2026-04-17,F,F,"[654, 104, 688, 133]","[18, 104, 110, 133]",R5,images/schedule_0002_clean_grid.png
schedule_0002,clean_grid,S0002_R002,2,백민서,백,28,381986,白,2007,female,병동,18,2026-04-18,MID,MID,"[688, 104, 722, 133]","[18, 104, 110, 133]",S5,images/schedule_0002_clean_grid.png
schedule_0002,clean_grid,S0002_R002,2,백민서,백,28,381986,白,2007,female,병동,19,2026-04-19,PO,PO,"[722, 104, 756, 133]","[18, 104, 110, 133]",T5,images/schedule_0002_clean_grid.png
schedule_0002,clean_grid,S0002_R002,2,백민서,백,28,381986,白,2007,female,병동,20,2026-04-20,off,off,"[756, 104, 790, 133]","[18, 104, 110, 133]",U5,images/schedule_0002_clean_grid.png
schedule_0002,clean_grid,S0002_R002,2,백민서,백,28,381986,白,2007,female,병동,21,2026-04-21,VL,vl,"[790, 104, 824, 133]","[18, 104, 110, 133]",V5,images/schedule_0002_clean_grid.png
schedule_0002,clean_grid,S0002_R002,2,백민서,백,28,381986,白,2007,female,병동,22,2026-04-22,O,O,"[824, 104, 858, 133]","[18, 104, 110, 133]",W5,images/schedule_0002_clean_grid.png
schedule_0002,clean_grid,S0002_R002,2,백민서,백,28,381986,白,2007,female,병동,23,2026-04-23,출,출,"[858, 104, 892, 133]","[18, 104, 110, 133]",X5,images/schedule_0002_clean_grid.png
schedule_0002,clean_grid,S0002_R002,2,백민서,백,28,381986,白,2007,female,병동,24,2026-04-24,N,N,"[892, 104, 926, 133]","[18, 104, 110, 133]",Y5,images/schedule_0002_clean_grid.png
schedule_0002,clean_grid,S0002_R002,2,백민서,백,28,381986,白,2007,female,병동,25,2026-04-25,N,n,"[926, 104, 960, 133]","[18, 104, 110, 133]",Z5,images/schedule_0002_clean_grid.png
schedule_0002,clean_grid,S0002_R002,2,백민서,백,28,381986,白,2007,female,병동,26,2026-04-26,N,N,"[960, 104, 994, 133]","[18, 104, 110, 133]",AA5,images/schedule_0002_clean_grid.png
schedule_0002,clean_grid,S0002_R002,2,백민서,백,28,381986,白,2007,female,병동,27,2026-04-27,NB,nB,"[994, 104, 1028, 133]","[18, 104, 110, 133]",AB5,images/schedule_0002_clean_grid.png
schedule_0002,clean_grid,S0002_R002,2,백민서,백,28,381986,白,2007,female,병동,28,2026-04-28,T,T,"[1028, 104, 1062, 133]","[18, 104, 110, 133]",AC5,images/schedule_0002_clean_grid.png
schedule_0002,clean_grid,S0002_R002,2,백민서,백,28,381986,白,2007,female,병동,29,2026-04-29,N12,N12,"[1062, 104, 1096, 133]","[18, 104, 110, 133]",AD5,images/schedule_0002_clean_grid.png
schedule_0002,clean_grid,S0002_R002,2,백민서,백,28,381986,白,2007,female,병동,30,2026-04-30,CALL,CALL,"[1096, 104, 1130, 133]","[18, 104, 110, 133]",AE5,images/schedule_0002_clean_grid.png
schedule_0002,clean_grid,S0002_R003,3,강지영,강,6,1268472,姜|康,1986,female,병동,1,2026-04-01,ADO,aDO,"[110, 133, 144, 162]","[18, 133, 110, 162]",B6,images/schedule_0002_clean_grid.png
schedule_0002,clean_grid,S0002_R003,3,강지영,강,6,1268472,姜|康,1986,female,병동,2,2026-04-02,CCL,CCL,"[144, 133, 178, 162]","[18, 133, 110, 162]",C6,images/schedule_0002_clean_grid.png
schedule_0002,clean_grid,S0002_R003,3,강지영,강,6,1268472,姜|康,1986,female,병동,3,2026-04-03,MID,MID,"[178, 133, 212, 162]","[18, 133, 110, 162]",D6,images/schedule_0002_clean_grid.png
schedule_0002,clean_grid,S0002_R003,3,강지영,강,6,1268472,姜|康,1986,female,병동,4,2026-04-04,D12,d12,"[212, 133, 246, 162]","[18, 133, 110, 162]",E6,images/schedule_0002_clean_grid.png
schedule_0002,clean_grid,S0002_R003,3,강지영,강,6,1268472,姜|康,1986,female,병동,5,2026-04-05,MTG,Mtg,"[246, 133, 280, 162]","[18, 133, 110, 162]",F6,images/schedule_0002_clean_grid.png
schedule_0002,clean_grid,S0002_R003,3,강지영,강,6,1268472,姜|康,1986,female,병동,6,2026-04-06,병가,병가,"[280, 133, 314, 162]","[18, 133, 110, 162]",G6,images/schedule_0002_clean_grid.png
schedule_0002,clean_grid,S0002_R003,3,강지영,강,6,1268472,姜|康,1986,female,병동,7,2026-04-07,H,H,"[314, 133, 348, 162]","[18, 133, 110, 162]",H6,images/schedule_0002_clean_grid.png
schedule_0002,clean_grid,S0002_R003,3,강지영,강,6,1268472,姜|康,1986,female,병동,8,2026-04-08,MID,MID,"[348, 133, 382, 162]","[18, 133, 110, 162]",I6,images/schedule_0002_clean_grid.png
schedule_0002,clean_grid,S0002_R003,3,강지영,강,6,1268472,姜|康,1986,female,병동,9,2026-04-09,D,D,"[382, 133, 416, 162]","[18, 133, 110, 162]",J6,images/schedule_0002_clean_grid.png
schedule_0002,clean_grid,S0002_R003,3,강지영,강,6,1268472,姜|康,1986,female,병동,10,2026-04-10,M,M,"[416, 133, 450, 162]","[18, 133, 110, 162]",K6,images/schedule_0002_clean_grid.png
schedule_0002,clean_grid,S0002_R003,3,강지영,강,6,1268472,姜|康,1986,female,병동,11,2026-04-11,TR,TR,"[450, 133, 484, 162]","[18, 133, 110, 162]",L6,images/schedule_0002_clean_grid.png
schedule_0002,clean_grid,S0002_R003,3,강지영,강,6,1268472,姜|康,1986,female,병동,12,2026-04-12,A,A,"[484, 133, 518, 162]","[18, 133, 110, 162]",M6,images/schedule_0002_clean_grid.png
schedule_0002,clean_grid,S0002_R003,3,강지영,강,6,1268472,姜|康,1986,female,병동,13,2026-04-13,MD,MD,"[518, 133, 552, 162]","[18, 133, 110, 162]",N6,images/schedule_0002_clean_grid.png
schedule_0002,clean_grid,S0002_R003,3,강지영,강,6,1268472,姜|康,1986,female,병동,14,2026-04-14,N,N,"[552, 133, 586, 162]","[18, 133, 110, 162]",O6,images/schedule_0002_clean_grid.png
schedule_0002,clean_grid,S0002_R003,3,강지영,강,6,1268472,姜|康,1986,female,병동,15,2026-04-15,D,D,"[586, 133, 620, 162]","[18, 133, 110, 162]",P6,images/schedule_0002_clean_grid.png
schedule_0002,clean_grid,S0002_R003,3,강지영,강,6,1268472,姜|康,1986,female,병동,16,2026-04-16,D,D,"[620, 133, 654, 162]","[18, 133, 110, 162]",Q6,images/schedule_0002_clean_grid.png
schedule_0002,clean_grid,S0002_R003,3,강지영,강,6,1268472,姜|康,1986,female,병동,17,2026-04-17,AO,AO,"[654, 133, 688, 162]","[18, 133, 110, 162]",R6,images/schedule_0002_clean_grid.png
schedule_0002,clean_grid,S0002_R003,3,강지영,강,6,1268472,姜|康,1986,female,병동,18,2026-04-18,생휴,생휴,"[688, 133, 722, 162]","[18, 133, 110, 162]",S6,images/schedule_0002_clean_grid.png
schedule_0002,clean_grid,S0002_R003,3,강지영,강,6,1268472,姜|康,1986,female,병동,19,2026-04-19,DH,DH,"[722, 133, 756, 162]","[18, 133, 110, 162]",T6,images/schedule_0002_clean_grid.png
schedule_0002,clean_grid,S0002_R003,3,강지영,강,6,1268472,姜|康,1986,female,병동,20,2026-04-20,Off,oFF,"[756, 133, 790, 162]","[18, 133, 110, 162]",U6,images/schedule_0002_clean_grid.png
schedule_0002,clean_grid,S0002_R003,3,강지영,강,6,1268472,姜|康,1986,female,병동,21,2026-04-21,PL,pl,"[790, 133, 824, 162]","[18, 133, 110, 162]",V6,images/schedule_0002_clean_grid.png
schedule_0002,clean_grid,S0002_R003,3,강지영,강,6,1268472,姜|康,1986,female,병동,22,2026-04-22,OF,oF,"[824, 133, 858, 162]","[18, 133, 110, 162]",W6,images/schedule_0002_clean_grid.png
schedule_0002,clean_grid,S0002_R003,3,강지영,강,6,1268472,姜|康,1986,female,병동,23,2026-04-23,OF,OF,"[858, 133, 892, 162]","[18, 133, 110, 162]",X6,images/schedule_0002_clean_grid.png
schedule_0002,clean_grid,S0002_R003,3,강지영,강,6,1268472,姜|康,1986,female,병동,24,2026-04-24,INT,InT,"[892, 133, 926, 162]","[18, 133, 110, 162]",Y6,images/schedule_0002_clean_grid.png
schedule_0002,clean_grid,S0002_R003,3,강지영,강,6,1268472,姜|康,1986,female,병동,25,2026-04-25,RO,RO,"[926, 133, 960, 162]","[18, 133, 110, 162]",Z6,images/schedule_0002_clean_grid.png
schedule_0002,clean_grid,S0002_R003,3,강지영,강,6,1268472,姜|康,1986,female,병동,26,2026-04-26,CH,CH,"[960, 133, 994, 162]","[18, 133, 110, 162]",AA6,images/schedule_0002_clean_grid.png
schedule_0002,clean_grid,S0002_R003,3,강지영,강,6,1268472,姜|康,1986,female,병동,27,2026-04-27,DB,db,"[994, 133, 1028, 162]","[18, 133, 110, 162]",AB6,images/schedule_0002_clean_grid.png
schedule_0002,clean_grid,S0002_R003,3,강지영,강,6,1268472,姜|康,1986,female,병동,28,2026-04-28,S,S,"[1028, 133, 1062, 162]","[18, 133, 110, 162]",AC6,images/schedule_0002_clean_grid.png
schedule_0002,clean_grid,S0002_R003,3,강지영,강,6,1268472,姜|康,1986,female,병동,29,2026-04-29,S,S,"[1062, 133, 1096, 162]","[18, 133, 110, 162]",AD6,images/schedule_0002_clean_grid.png
schedule_0002,clean_grid,S0002_R003,3,강지영,강,6,1268472,姜|康,1986,female,병동,30,2026-04-30,P,P,"[1096, 133, 1130, 162]","[18, 133, 110, 162]",AE6,images/schedule_0002_clean_grid.png
schedule_0002,clean_grid,S0002_R004,4,이진호,이,2,7306828,李,1974,male,병동,1,2026-04-01,f,F,"[110, 162, 144, 191]","[18, 162, 110, 191]",B7,images/schedule_0002_clean_grid.png
schedule_0002,clean_grid,S0002_R004,4,이진호,이,2,7306828,李,1974,male,병동,2,2026-04-02,회의,회의,"[144, 162, 178, 191]","[18, 162, 110, 191]",C7,images/schedule_0002_clean_grid.png
schedule_0002,clean_grid,S0002_R004,4,이진호,이,2,7306828,李,1974,male,병동,3,2026-04-03,연가,연가,"[178, 162, 212, 191]","[18, 162, 110, 191]",D7,images/schedule_0002_clean_grid.png
schedule_0002,clean_grid,S0002_R004,4,이진호,이,2,7306828,李,1974,male,병동,4,2026-04-04,PO,pO,"[212, 162, 246, 191]","[18, 162, 110, 191]",E7,images/schedule_0002_clean_grid.png
schedule_0002,clean_grid,S0002_R004,4,이진호,이,2,7306828,李,1974,male,병동,5,2026-04-05,OFF,OFF,"[246, 162, 280, 191]","[18, 162, 110, 191]",F7,images/schedule_0002_clean_grid.png
schedule_0002,clean_grid,S0002_R004,4,이진호,이,2,7306828,李,1974,male,병동,6,2026-04-06,OFF,OfF,"[280, 162, 314, 191]","[18, 162, 110, 191]",G7,images/schedule_0002_clean_grid.png
schedule_0002,clean_grid,S0002_R004,4,이진호,이,2,7306828,李,1974,male,병동,7,2026-04-07,EDU,EDu,"[314, 162, 348, 191]","[18, 162, 110, 191]",H7,images/schedule_0002_clean_grid.png
schedule_0002,clean_grid,S0002_R004,4,이진호,이,2,7306828,李,1974,male,병동,8,2026-04-08,DE,dE,"[348, 162, 382, 191]","[18, 162, 110, 191]",I7,images/schedule_0002_clean_grid.png
schedule_0002,clean_grid,S0002_R004,4,이진호,이,2,7306828,李,1974,male,병동,9,2026-04-09,WS,Ws,"[382, 162, 416, 191]","[18, 162, 110, 191]",J7,images/schedule_0002_clean_grid.png
schedule_0002,clean_grid,S0002_R004,4,이진호,이,2,7306828,李,1974,male,병동,10,2026-04-10,MD,md,"[416, 162, 450, 191]","[18, 162, 110, 191]",K7,images/schedule_0002_clean_grid.png
schedule_0002,clean_grid,S0002_R004,4,이진호,이,2,7306828,李,1974,male,병동,11,2026-04-11,A,a,"[450, 162, 484, 191]","[18, 162, 110, 191]",L7,images/schedule_0002_clean_grid.png
schedule_0002,clean_grid,S0002_R004,4,이진호,이,2,7306828,李,1974,male,병동,12,2026-04-12,병,병,"[484, 162, 518, 191]","[18, 162, 110, 191]",M7,images/schedule_0002_clean_grid.png
schedule_0002,clean_grid,S0002_R004,4,이진호,이,2,7306828,李,1974,male,병동,13,2026-04-13,STBY,STBY,"[518, 162, 552, 191]","[18, 162, 110, 191]",N7,images/schedule_0002_clean_grid.png
schedule_0002,clean_grid,S0002_R004,4,이진호,이,2,7306828,李,1974,male,병동,14,2026-04-14,CONF,CONF,"[552, 162, 586, 191]","[18, 162, 110, 191]",O7,images/schedule_0002_clean_grid.png
schedule_0002,clean_grid,S0002_R004,4,이진호,이,2,7306828,李,1974,male,병동,15,2026-04-15,ADO,adO,"[586, 162, 620, 191]","[18, 162, 110, 191]",P7,images/schedule_0002_clean_grid.png
schedule_0002,clean_grid,S0002_R004,4,이진호,이,2,7306828,李,1974,male,병동,16,2026-04-16,LD,Ld,"[620, 162, 654, 191]","[18, 162, 110, 191]",Q7,images/schedule_0002_clean_grid.png
schedule_0002,clean_grid,S0002_R004,4,이진호,이,2,7306828,李,1974,male,병동,17,2026-04-17,DN,dN,"[654, 162, 688, 191]","[18, 162, 110, 191]",R7,images/schedule_0002_clean_grid.png
schedule_0002,clean_grid,S0002_R004,4,이진호,이,2,7306828,李,1974,male,병동,18,2026-04-18,X,X,"[688, 162, 722, 191]","[18, 162, 110, 191]",S7,images/schedule_0002_clean_grid.png
schedule_0002,clean_grid,S0002_R004,4,이진호,이,2,7306828,李,1974,male,병동,19,2026-04-19,S,S,"[722, 162, 756, 191]","[18, 162, 110, 191]",T7,images/schedule_0002_clean_grid.png
schedule_0002,clean_grid,S0002_R004,4,이진호,이,2,7306828,李,1974,male,병동,20,2026-04-20,XA,XA,"[756, 162, 790, 191]","[18, 162, 110, 191]",U7,images/schedule_0002_clean_grid.png
schedule_0002,clean_grid,S0002_R004,4,이진호,이,2,7306828,李,1974,male,병동,21,2026-04-21,N,n,"[790, 162, 824, 191]","[18, 162, 110, 191]",V7,images/schedule_0002_clean_grid.png
schedule_0002,clean_grid,S0002_R004,4,이진호,이,2,7306828,李,1974,male,병동,22,2026-04-22,F,F,"[824, 162, 858, 191]","[18, 162, 110, 191]",W7,images/schedule_0002_clean_grid.png
schedule_0002,clean_grid,S0002_R004,4,이진호,이,2,7306828,李,1974,male,병동,23,2026-04-23,휴,휴,"[858, 162, 892, 191]","[18, 162, 110, 191]",X7,images/schedule_0002_clean_grid.png
schedule_0002,clean_grid,S0002_R004,4,이진호,이,2,7306828,李,1974,male,병동,24,2026-04-24,F,F,"[892, 162, 926, 191]","[18, 162, 110, 191]",Y7,images/schedule_0002_clean_grid.png
schedule_0002,clean_grid,S0002_R004,4,이진호,이,2,7306828,李,1974,male,병동,25,2026-04-25,N,N,"[926, 162, 960, 191]","[18, 162, 110, 191]",Z7,images/schedule_0002_clean_grid.png
schedule_0002,clean_grid,S0002_R004,4,이진호,이,2,7306828,李,1974,male,병동,26,2026-04-26,DE,dE,"[960, 162, 994, 191]","[18, 162, 110, 191]",AA7,images/schedule_0002_clean_grid.png
schedule_0002,clean_grid,S0002_R004,4,이진호,이,2,7306828,李,1974,male,병동,27,2026-04-27,PL,pL,"[994, 162, 1028, 191]","[18, 162, 110, 191]",AB7,images/schedule_0002_clean_grid.png
schedule_0002,clean_grid,S0002_R004,4,이진호,이,2,7306828,李,1974,male,병동,28,2026-04-28,RO,RO,"[1028, 162, 1062, 191]","[18, 162, 110, 191]",AC7,images/schedule_0002_clean_grid.png
schedule_0002,clean_grid,S0002_R004,4,이진호,이,2,7306828,李,1974,male,병동,29,2026-04-29,MD,MD,"[1062, 162, 1096, 191]","[18, 162, 110, 191]",AD7,images/schedule_0002_clean_grid.png
schedule_0002,clean_grid,S0002_R004,4,이진호,이,2,7306828,李,1974,male,병동,30,2026-04-30,N,N,"[1096, 162, 1130, 191]","[18, 162, 110, 191]",AE7,images/schedule_0002_clean_grid.png
schedule_0002,clean_grid,S0002_R005,5,기정숙,기,81,28829,奇,1967,female,병동,1,2026-04-01,A,A,"[110, 191, 144, 220]","[18, 191, 110, 220]",B8,images/schedule_0002_clean_grid.png
schedule_0002,clean_grid,S0002_R005,5,기정숙,기,81,28829,奇,1967,female,병동,2,2026-04-02,Off,OfF,"[144, 191, 178, 220]","[18, 191, 110, 220]",C8,images/schedule_0002_clean_grid.png
schedule_0002,clean_grid,S0002_R005,5,기정숙,기,81,28829,奇,1967,female,병동,3,2026-04-03,NB,NB,"[178, 191, 212, 220]","[18, 191, 110, 220]",D8,images/schedule_0002_clean_grid.png
schedule_0002,clean_grid,S0002_R005,5,기정숙,기,81,28829,奇,1967,female,병동,4,2026-04-04,f,f,"[212, 191, 246, 220]","[18, 191, 110, 220]",E8,images/schedule_0002_clean_grid.png
schedule_0002,clean_grid,S0002_R005,5,기정숙,기,81,28829,奇,1967,female,병동,5,2026-04-05,E,E,"[246, 191, 280, 220]","[18, 191, 110, 220]",F8,images/schedule_0002_clean_grid.png
schedule_0002,clean_grid,S0002_R005,5,기정숙,기,81,28829,奇,1967,female,병동,6,2026-04-06,N,N,"[280, 191, 314, 220]","[18, 191, 110, 220]",G8,images/schedule_0002_clean_grid.png
schedule_0002,clean_grid,S0002_R005,5,기정숙,기,81,28829,奇,1967,female,병동,7,2026-04-07,NO,NO,"[314, 191, 348, 220]","[18, 191, 110, 220]",H8,images/schedule_0002_clean_grid.png
schedule_0002,clean_grid,S0002_R005,5,기정숙,기,81,28829,奇,1967,female,병동,8,2026-04-08,EH,EH,"[348, 191, 382, 220]","[18, 191, 110, 220]",I8,images/schedule_0002_clean_grid.png
schedule_0002,clean_grid,S0002_R005,5,기정숙,기,81,28829,奇,1967,female,병동,9,2026-04-09,—,—,"[382, 191, 416, 220]","[18, 191, 110, 220]",J8,images/schedule_0002_clean_grid.png
schedule_0002,clean_grid,S0002_R005,5,기정숙,기,81,28829,奇,1967,female,병동,10,2026-04-10,DL,DL,"[416, 191, 450, 220]","[18, 191, 110, 220]",K8,images/schedule_0002_clean_grid.png
schedule_0002,clean_grid,S0002_R005,5,기정숙,기,81,28829,奇,1967,female,병동,11,2026-04-11,BL,bl,"[450, 191, 484, 220]","[18, 191, 110, 220]",L8,images/schedule_0002_clean_grid.png
schedule_0002,clean_grid,S0002_R005,5,기정숙,기,81,28829,奇,1967,female,병동,12,2026-04-12,LD,LD,"[484, 191, 518, 220]","[18, 191, 110, 220]",M8,images/schedule_0002_clean_grid.png
schedule_0002,clean_grid,S0002_R005,5,기정숙,기,81,28829,奇,1967,female,병동,13,2026-04-13,PM,PM,"[518, 191, 552, 220]","[18, 191, 110, 220]",N8,images/schedule_0002_clean_grid.png
schedule_0002,clean_grid,S0002_R005,5,기정숙,기,81,28829,奇,1967,female,병동,14,2026-04-14,D5,D5,"[552, 191, 586, 220]","[18, 191, 110, 220]",O8,images/schedule_0002_clean_grid.png
schedule_0002,clean_grid,S0002_R005,5,기정숙,기,81,28829,奇,1967,female,병동,15,2026-04-15,EDU,Edu,"[586, 191, 620, 220]","[18, 191, 110, 220]",P8,images/schedule_0002_clean_grid.png
schedule_0002,clean_grid,S0002_R005,5,기정숙,기,81,28829,奇,1967,female,병동,16,2026-04-16,E,e,"[620, 191, 654, 220]","[18, 191, 110, 220]",Q8,images/schedule_0002_clean_grid.png
schedule_0002,clean_grid,S0002_R005,5,기정숙,기,81,28829,奇,1967,female,병동,17,2026-04-17,E,E,"[654, 191, 688, 220]","[18, 191, 110, 220]",R8,images/schedule_0002_clean_grid.png
schedule_0002,clean_grid,S0002_R005,5,기정숙,기,81,28829,奇,1967,female,병동,18,2026-04-18,OFF,oFf,"[688, 191, 722, 220]","[18, 191, 110, 220]",S8,images/schedule_0002_clean_grid.png
schedule_0002,clean_grid,S0002_R005,5,기정숙,기,81,28829,奇,1967,female,병동,19,2026-04-19,OC,OC,"[722, 191, 756, 220]","[18, 191, 110, 220]",T8,images/schedule_0002_clean_grid.png
schedule_0002,clean_grid,S0002_R005,5,기정숙,기,81,28829,奇,1967,female,병동,20,2026-04-20,D/E,D/E,"[756, 191, 790, 220]","[18, 191, 110, 220]",U8,images/schedule_0002_clean_grid.png
schedule_0002,clean_grid,S0002_R005,5,기정숙,기,81,28829,奇,1967,female,병동,21,2026-04-21,OF,oF,"[790, 191, 824, 220]","[18, 191, 110, 220]",V8,images/schedule_0002_clean_grid.png
schedule_0002,clean_grid,S0002_R005,5,기정숙,기,81,28829,奇,1967,female,병동,22,2026-04-22,OF,OF,"[824, 191, 858, 220]","[18, 191, 110, 220]",W8,images/schedule_0002_clean_grid.png
schedule_0002,clean_grid,S0002_R005,5,기정숙,기,81,28829,奇,1967,female,병동,23,2026-04-23,ADO,ADO,"[858, 191, 892, 220]","[18, 191, 110, 220]",X8,images/schedule_0002_clean_grid.png
schedule_0002,clean_grid,S0002_R005,5,기정숙,기,81,28829,奇,1967,female,병동,24,2026-04-24,E,e,"[892, 191, 926, 220]","[18, 191, 110, 220]",Y8,images/schedule_0002_clean_grid.png
schedule_0002,clean_grid,S0002_R005,5,기정숙,기,81,28829,奇,1967,female,병동,25,2026-04-25,ON,oN,"[926, 191, 960, 220]","[18, 191, 110, 220]",Z8,images/schedule_0002_clean_grid.png
schedule_0002,clean_grid,S0002_R005,5,기정숙,기,81,28829,奇,1967,female,병동,26,2026-04-26,O,O,"[960, 191, 994, 220]","[18, 191, 110, 220]",AA8,images/schedule_0002_clean_grid.png
schedule_0002,clean_grid,S0002_R005,5,기정숙,기,81,28829,奇,1967,female,병동,27,2026-04-27,D,d,"[994, 191, 1028, 220]","[18, 191, 110, 220]",AB8,images/schedule_0002_clean_grid.png
schedule_0002,clean_grid,S0002_R005,5,기정숙,기,81,28829,奇,1967,female,병동,28,2026-04-28,E,E,"[1028, 191, 1062, 220]","[18, 191, 110, 220]",AC8,images/schedule_0002_clean_grid.png
schedule_0002,clean_grid,S0002_R005,5,기정숙,기,81,28829,奇,1967,female,병동,29,2026-04-29,E,E,"[1062, 191, 1096, 220]","[18, 191, 110, 220]",AD8,images/schedule_0002_clean_grid.png
schedule_0002,clean_grid,S0002_R005,5,기정숙,기,81,28829,奇,1967,female,병동,30,2026-04-30,F,F,"[1096, 191, 1130, 220]","[18, 191, 110, 220]",AE8,images/schedule_0002_clean_grid.png
schedule_0002,clean_grid,S0002_R006,6,정혜진,정,5,2395682,鄭|丁,1986,female,병동,1,2026-04-01,P,P,"[110, 220, 144, 249]","[18, 220, 110, 249]",B9,images/schedule_0002_clean_grid.png
schedule_0002,clean_grid,S0002_R006,6,정혜진,정,5,2395682,鄭|丁,1986,female,병동,2,2026-04-02,경,경,"[144, 220, 178, 249]","[18, 220, 110, 249]",C9,images/schedule_0002_clean_grid.png
schedule_0002,clean_grid,S0002_R006,6,정혜진,정,5,2395682,鄭|丁,1986,female,병동,3,2026-04-03,D/E,D/E,"[178, 220, 212, 249]","[18, 220, 110, 249]",D9,images/schedule_0002_clean_grid.png
schedule_0002,clean_grid,S0002_R006,6,정혜진,정,5,2395682,鄭|丁,1986,female,병동,4,2026-04-04,PMH,pMh,"[212, 220, 246, 249]","[18, 220, 110, 249]",E9,images/schedule_0002_clean_grid.png
schedule_0002,clean_grid,S0002_R006,6,정혜진,정,5,2395682,鄭|丁,1986,female,병동,5,2026-04-05,off,off,"[246, 220, 280, 249]","[18, 220, 110, 249]",F9,images/schedule_0002_clean_grid.png
schedule_0002,clean_grid,S0002_R006,6,정혜진,정,5,2395682,鄭|丁,1986,female,병동,6,2026-04-06,E,E,"[280, 220, 314, 249]","[18, 220, 110, 249]",G9,images/schedule_0002_clean_grid.png
schedule_0002,clean_grid,S0002_R006,6,정혜진,정,5,2395682,鄭|丁,1986,female,병동,7,2026-04-07,O,O,"[314, 220, 348, 249]","[18, 220, 110, 249]",H9,images/schedule_0002_clean_grid.png
schedule_0002,clean_grid,S0002_R006,6,정혜진,정,5,2395682,鄭|丁,1986,female,병동,8,2026-04-08,N,N,"[348, 220, 382, 249]","[18, 220, 110, 249]",I9,images/schedule_0002_clean_grid.png
schedule_0002,clean_grid,S0002_R006,6,정혜진,정,5,2395682,鄭|丁,1986,female,병동,9,2026-04-09,OFF,OFF,"[382, 220, 416, 249]","[18, 220, 110, 249]",J9,images/schedule_0002_clean_grid.png
schedule_0002,clean_grid,S0002_R006,6,정혜진,정,5,2395682,鄭|丁,1986,female,병동,10,2026-04-10,N,N,"[416, 220, 450, 249]","[18, 220, 110, 249]",K9,images/schedule_0002_clean_grid.png
schedule_0002,clean_grid,S0002_R006,6,정혜진,정,5,2395682,鄭|丁,1986,female,병동,11,2026-04-11,MID,mID,"[450, 220, 484, 249]","[18, 220, 110, 249]",L9,images/schedule_0002_clean_grid.png
schedule_0002,clean_grid,S0002_R006,6,정혜진,정,5,2395682,鄭|丁,1986,female,병동,12,2026-04-12,연,연,"[484, 220, 518, 249]","[18, 220, 110, 249]",M9,images/schedule_0002_clean_grid.png
schedule_0002,clean_grid,S0002_R006,6,정혜진,정,5,2395682,鄭|丁,1986,female,병동,13,2026-04-13,DE,DE,"[518, 220, 552, 249]","[18, 220, 110, 249]",N9,images/schedule_0002_clean_grid.png
schedule_0002,clean_grid,S0002_R006,6,정혜진,정,5,2395682,鄭|丁,1986,female,병동,14,2026-04-14,E,e,"[552, 220, 586, 249]","[18, 220, 110, 249]",O9,images/schedule_0002_clean_grid.png
schedule_0002,clean_grid,S0002_R006,6,정혜진,정,5,2395682,鄭|丁,1986,female,병동,15,2026-04-15,CB,CB,"[586, 220, 620, 249]","[18, 220, 110, 249]",P9,images/schedule_0002_clean_grid.png
schedule_0002,clean_grid,S0002_R006,6,정혜진,정,5,2395682,鄭|丁,1986,female,병동,16,2026-04-16,N12,N12,"[620, 220, 654, 249]","[18, 220, 110, 249]",Q9,images/schedule_0002_clean_grid.png
schedule_0002,clean_grid,S0002_R006,6,정혜진,정,5,2395682,鄭|丁,1986,female,병동,17,2026-04-17,MAT,MAT,"[654, 220, 688, 249]","[18, 220, 110, 249]",R9,images/schedule_0002_clean_grid.png
schedule_0002,clean_grid,S0002_R006,6,정혜진,정,5,2395682,鄭|丁,1986,female,병동,18,2026-04-18,OFF,OFF,"[688, 220, 722, 249]","[18, 220, 110, 249]",S9,images/schedule_0002_clean_grid.png
schedule_0002,clean_grid,S0002_R006,6,정혜진,정,5,2395682,鄭|丁,1986,female,병동,19,2026-04-19,E,E,"[722, 220, 756, 249]","[18, 220, 110, 249]",T9,images/schedule_0002_clean_grid.png
schedule_0002,clean_grid,S0002_R006,6,정혜진,정,5,2395682,鄭|丁,1986,female,병동,20,2026-04-20,O,O,"[756, 220, 790, 249]","[18, 220, 110, 249]",U9,images/schedule_0002_clean_grid.png
schedule_0002,clean_grid,S0002_R006,6,정혜진,정,5,2395682,鄭|丁,1986,female,병동,21,2026-04-21,OFF,ofF,"[790, 220, 824, 249]","[18, 220, 110, 249]",V9,images/schedule_0002_clean_grid.png
schedule_0002,clean_grid,S0002_R006,6,정혜진,정,5,2395682,鄭|丁,1986,female,병동,22,2026-04-22,N,N,"[824, 220, 858, 249]","[18, 220, 110, 249]",W9,images/schedule_0002_clean_grid.png
schedule_0002,clean_grid,S0002_R006,6,정혜진,정,5,2395682,鄭|丁,1986,female,병동,23,2026-04-23,EXT,EXT,"[858, 220, 892, 249]","[18, 220, 110, 249]",X9,images/schedule_0002_clean_grid.png
schedule_0002,clean_grid,S0002_R006,6,정혜진,정,5,2395682,鄭|丁,1986,female,병동,24,2026-04-24,F,F,"[892, 220, 926, 249]","[18, 220, 110, 249]",Y9,images/schedule_0002_clean_grid.png
schedule_0002,clean_grid,S0002_R006,6,정혜진,정,5,2395682,鄭|丁,1986,female,병동,25,2026-04-25,f,f,"[926, 220, 960, 249]","[18, 220, 110, 249]",Z9,images/schedule_0002_clean_grid.png
schedule_0002,clean_grid,S0002_R006,6,정혜진,정,5,2395682,鄭|丁,1986,female,병동,26,2026-04-26,N,n,"[960, 220, 994, 249]","[18, 220, 110, 249]",AA9,images/schedule_0002_clean_grid.png
schedule_0002,clean_grid,S0002_R006,6,정혜진,정,5,2395682,鄭|丁,1986,female,병동,27,2026-04-27,NO,nO,"[994, 220, 1028, 249]","[18, 220, 110, 249]",AB9,images/schedule_0002_clean_grid.png
schedule_0002,clean_grid,S0002_R006,6,정혜진,정,5,2395682,鄭|丁,1986,female,병동,28,2026-04-28,N12,n12,"[1028, 220, 1062, 249]","[18, 220, 110, 249]",AC9,images/schedule_0002_clean_grid.png
schedule_0002,clean_grid,S0002_R006,6,정혜진,정,5,2395682,鄭|丁,1986,female,병동,29,2026-04-29,ON,ON,"[1062, 220, 1096, 249]","[18, 220, 110, 249]",AD9,images/schedule_0002_clean_grid.png
schedule_0002,clean_grid,S0002_R006,6,정혜진,정,5,2395682,鄭|丁,1986,female,병동,30,2026-04-30,CL,CL,"[1096, 220, 1130, 249]","[18, 220, 110, 249]",AE9,images/schedule_0002_clean_grid.png
schedule_0002,clean_grid,S0002_R007,7,전승현,전,19,745579,全|田,2005,male,병동,1,2026-04-01,CSSD,csSD,"[110, 249, 144, 278]","[18, 249, 110, 278]",B10,images/schedule_0002_clean_grid.png
schedule_0002,clean_grid,S0002_R007,7,전승현,전,19,745579,全|田,2005,male,병동,2,2026-04-02,D12,D12,"[144, 249, 178, 278]","[18, 249, 110, 278]",C10,images/schedule_0002_clean_grid.png
schedule_0002,clean_grid,S0002_R007,7,전승현,전,19,745579,全|田,2005,male,병동,3,2026-04-03,-,-,"[178, 249, 212, 278]","[18, 249, 110, 278]",D10,images/schedule_0002_clean_grid.png
schedule_0002,clean_grid,S0002_R007,7,전승현,전,19,745579,全|田,2005,male,병동,4,2026-04-04,NA,NA,"[212, 249, 246, 278]","[18, 249, 110, 278]",E10,images/schedule_0002_clean_grid.png
schedule_0002,clean_grid,S0002_R007,7,전승현,전,19,745579,全|田,2005,male,병동,5,2026-04-05,MD,mD,"[246, 249, 280, 278]","[18, 249, 110, 278]",F10,images/schedule_0002_clean_grid.png
schedule_0002,clean_grid,S0002_R007,7,전승현,전,19,745579,全|田,2005,male,병동,6,2026-04-06,AMH,Amh,"[280, 249, 314, 278]","[18, 249, 110, 278]",G10,images/schedule_0002_clean_grid.png
schedule_0002,clean_grid,S0002_R007,7,전승현,전,19,745579,全|田,2005,male,병동,7,2026-04-07,DE,DE,"[314, 249, 348, 278]","[18, 249, 110, 278]",H10,images/schedule_0002_clean_grid.png
schedule_0002,clean_grid,S0002_R007,7,전승현,전,19,745579,全|田,2005,male,병동,8,2026-04-08,보건휴가,보건휴가,"[348, 249, 382, 278]","[18, 249, 110, 278]",I10,images/schedule_0002_clean_grid.png
schedule_0002,clean_grid,S0002_R007,7,전승현,전,19,745579,全|田,2005,male,병동,9,2026-04-09,D,D,"[382, 249, 416, 278]","[18, 249, 110, 278]",J10,images/schedule_0002_clean_grid.png
schedule_0002,clean_grid,S0002_R007,7,전승현,전,19,745579,全|田,2005,male,병동,10,2026-04-10,E,E,"[416, 249, 450, 278]","[18, 249, 110, 278]",K10,images/schedule_0002_clean_grid.png
schedule_0002,clean_grid,S0002_R007,7,전승현,전,19,745579,全|田,2005,male,병동,11,2026-04-11,HL,HL,"[450, 249, 484, 278]","[18, 249, 110, 278]",L10,images/schedule_0002_clean_grid.png
schedule_0002,clean_grid,S0002_R007,7,전승현,전,19,745579,全|田,2005,male,병동,12,2026-04-12,H⁺,H⁺,"[484, 249, 518, 278]","[18, 249, 110, 278]",M10,images/schedule_0002_clean_grid.png
schedule_0002,clean_grid,S0002_R007,7,전승현,전,19,745579,全|田,2005,male,병동,13,2026-04-13,O,o,"[518, 249, 552, 278]","[18, 249, 110, 278]",N10,images/schedule_0002_clean_grid.png
schedule_0002,clean_grid,S0002_R007,7,전승현,전,19,745579,全|田,2005,male,병동,14,2026-04-14,N,N,"[552, 249, 586, 278]","[18, 249, 110, 278]",O10,images/schedule_0002_clean_grid.png
schedule_0002,clean_grid,S0002_R007,7,전승현,전,19,745579,全|田,2005,male,병동,15,2026-04-15,OFF,OFF,"[586, 249, 620, 278]","[18, 249, 110, 278]",P10,images/schedule_0002_clean_grid.png
schedule_0002,clean_grid,S0002_R007,7,전승현,전,19,745579,全|田,2005,male,병동,16,2026-04-16,N,n,"[620, 249, 654, 278]","[18, 249, 110, 278]",Q10,images/schedule_0002_clean_grid.png
schedule_0002,clean_grid,S0002_R007,7,전승현,전,19,745579,全|田,2005,male,병동,17,2026-04-17,OFF,OFF,"[654, 249, 688, 278]","[18, 249, 110, 278]",R10,images/schedule_0002_clean_grid.png
schedule_0002,clean_grid,S0002_R007,7,전승현,전,19,745579,全|田,2005,male,병동,18,2026-04-18,OC,OC,"[688, 249, 722, 278]","[18, 249, 110, 278]",S10,images/schedule_0002_clean_grid.png
schedule_0002,clean_grid,S0002_R007,7,전승현,전,19,745579,全|田,2005,male,병동,19,2026-04-19,E,E,"[722, 249, 756, 278]","[18, 249, 110, 278]",T10,images/schedule_0002_clean_grid.png
schedule_0002,clean_grid,S0002_R007,7,전승현,전,19,745579,全|田,2005,male,병동,20,2026-04-20,D5,D5,"[756, 249, 790, 278]","[18, 249, 110, 278]",U10,images/schedule_0002_clean_grid.png
schedule_0002,clean_grid,S0002_R007,7,전승현,전,19,745579,全|田,2005,male,병동,21,2026-04-21,O,o,"[790, 249, 824, 278]","[18, 249, 110, 278]",V10,images/schedule_0002_clean_grid.png
schedule_0002,clean_grid,S0002_R007,7,전승현,전,19,745579,全|田,2005,male,병동,22,2026-04-22,O,O,"[824, 249, 858, 278]","[18, 249, 110, 278]",W10,images/schedule_0002_clean_grid.png
schedule_0002,clean_grid,S0002_R007,7,전승현,전,19,745579,全|田,2005,male,병동,23,2026-04-23,N,N,"[858, 249, 892, 278]","[18, 249, 110, 278]",X10,images/schedule_0002_clean_grid.png
schedule_0002,clean_grid,S0002_R007,7,전승현,전,19,745579,全|田,2005,male,병동,24,2026-04-24,N,N,"[892, 249, 926, 278]","[18, 249, 110, 278]",Y10,images/schedule_0002_clean_grid.png
schedule_0002,clean_grid,S0002_R007,7,전승현,전,19,745579,全|田,2005,male,병동,25,2026-04-25,OT,oT,"[926, 249, 960, 278]","[18, 249, 110, 278]",Z10,images/schedule_0002_clean_grid.png
schedule_0002,clean_grid,S0002_R007,7,전승현,전,19,745579,全|田,2005,male,병동,26,2026-04-26,휴무,휴무,"[960, 249, 994, 278]","[18, 249, 110, 278]",AA10,images/schedule_0002_clean_grid.png
schedule_0002,clean_grid,S0002_R007,7,전승현,전,19,745579,全|田,2005,male,병동,27,2026-04-27,PM,PM,"[994, 249, 1028, 278]","[18, 249, 110, 278]",AB10,images/schedule_0002_clean_grid.png
schedule_0002,clean_grid,S0002_R007,7,전승현,전,19,745579,全|田,2005,male,병동,28,2026-04-28,M,M,"[1028, 249, 1062, 278]","[18, 249, 110, 278]",AC10,images/schedule_0002_clean_grid.png
schedule_0002,clean_grid,S0002_R007,7,전승현,전,19,745579,全|田,2005,male,병동,29,2026-04-29,DN,DN,"[1062, 249, 1096, 278]","[18, 249, 110, 278]",AD10,images/schedule_0002_clean_grid.png
schedule_0002,clean_grid,S0002_R007,7,전승현,전,19,745579,全|田,2005,male,병동,30,2026-04-30,D,D,"[1096, 249, 1130, 278]","[18, 249, 110, 278]",AE10,images/schedule_0002_clean_grid.png
schedule_0002,clean_grid,S0002_R008,8,신지현,신,14,985823,申|辛|愼,1986,female,병동,1,2026-04-01,ICU,icu,"[110, 278, 144, 307]","[18, 278, 110, 307]",B11,images/schedule_0002_clean_grid.png
schedule_0002,clean_grid,S0002_R008,8,신지현,신,14,985823,申|辛|愼,1986,female,병동,2,2026-04-02,DN,DN,"[144, 278, 178, 307]","[18, 278, 110, 307]",C11,images/schedule_0002_clean_grid.png
schedule_0002,clean_grid,S0002_R008,8,신지현,신,14,985823,申|辛|愼,1986,female,병동,3,2026-04-03,O,o,"[178, 278, 212, 307]","[18, 278, 110, 307]",D11,images/schedule_0002_clean_grid.png
schedule_0002,clean_grid,S0002_R008,8,신지현,신,14,985823,申|辛|愼,1986,female,병동,4,2026-04-04,D,d,"[212, 278, 246, 307]","[18, 278, 110, 307]",E11,images/schedule_0002_clean_grid.png
schedule_0002,clean_grid,S0002_R008,8,신지현,신,14,985823,申|辛|愼,1986,female,병동,5,2026-04-05,F,F,"[246, 278, 280, 307]","[18, 278, 110, 307]",F11,images/schedule_0002_clean_grid.png
schedule_0002,clean_grid,S0002_R008,8,신지현,신,14,985823,申|辛|愼,1986,female,병동,6,2026-04-06,OFF,OFF,"[280, 278, 314, 307]","[18, 278, 110, 307]",G11,images/schedule_0002_clean_grid.png
schedule_0002,clean_grid,S0002_R008,8,신지현,신,14,985823,申|辛|愼,1986,female,병동,7,2026-04-07,SD,SD,"[314, 278, 348, 307]","[18, 278, 110, 307]",H11,images/schedule_0002_clean_grid.png
schedule_0002,clean_grid,S0002_R008,8,신지현,신,14,985823,申|辛|愼,1986,female,병동,8,2026-04-08,N,N,"[348, 278, 382, 307]","[18, 278, 110, 307]",I11,images/schedule_0002_clean_grid.png
schedule_0002,clean_grid,S0002_R008,8,신지현,신,14,985823,申|辛|愼,1986,female,병동,9,2026-04-09,N,N,"[382, 278, 416, 307]","[18, 278, 110, 307]",J11,images/schedule_0002_clean_grid.png
schedule_0002,clean_grid,S0002_R008,8,신지현,신,14,985823,申|辛|愼,1986,female,병동,10,2026-04-10,DE,DE,"[416, 278, 450, 307]","[18, 278, 110, 307]",K11,images/schedule_0002_clean_grid.png
schedule_0002,clean_grid,S0002_R008,8,신지현,신,14,985823,申|辛|愼,1986,female,병동,11,2026-04-11,지원,지원,"[450, 278, 484, 307]","[18, 278, 110, 307]",L11,images/schedule_0002_clean_grid.png
schedule_0002,clean_grid,S0002_R008,8,신지현,신,14,985823,申|辛|愼,1986,female,병동,12,2026-04-12,F,F,"[484, 278, 518, 307]","[18, 278, 110, 307]",M11,images/schedule_0002_clean_grid.png
schedule_0002,clean_grid,S0002_R008,8,신지현,신,14,985823,申|辛|愼,1986,female,병동,13,2026-04-13,f,F,"[518, 278, 552, 307]","[18, 278, 110, 307]",N11,images/schedule_0002_clean_grid.png
schedule_0002,clean_grid,S0002_R008,8,신지현,신,14,985823,申|辛|愼,1986,female,병동,14,2026-04-14,f,f,"[552, 278, 586, 307]","[18, 278, 110, 307]",O11,images/schedule_0002_clean_grid.png
schedule_0002,clean_grid,S0002_R008,8,신지현,신,14,985823,申|辛|愼,1986,female,병동,15,2026-04-15,N,N,"[586, 278, 620, 307]","[18, 278, 110, 307]",P11,images/schedule_0002_clean_grid.png
schedule_0002,clean_grid,S0002_R008,8,신지현,신,14,985823,申|辛|愼,1986,female,병동,16,2026-04-16,D,D,"[620, 278, 654, 307]","[18, 278, 110, 307]",Q11,images/schedule_0002_clean_grid.png
schedule_0002,clean_grid,S0002_R008,8,신지현,신,14,985823,申|辛|愼,1986,female,병동,17,2026-04-17,D,D,"[654, 278, 688, 307]","[18, 278, 110, 307]",R11,images/schedule_0002_clean_grid.png
schedule_0002,clean_grid,S0002_R008,8,신지현,신,14,985823,申|辛|愼,1986,female,병동,18,2026-04-18,O,O,"[688, 278, 722, 307]","[18, 278, 110, 307]",S11,images/schedule_0002_clean_grid.png
schedule_0002,clean_grid,S0002_R008,8,신지현,신,14,985823,申|辛|愼,1986,female,병동,19,2026-04-19,E,E,"[722, 278, 756, 307]","[18, 278, 110, 307]",T11,images/schedule_0002_clean_grid.png
schedule_0002,clean_grid,S0002_R008,8,신지현,신,14,985823,申|辛|愼,1986,female,병동,20,2026-04-20,E,E,"[756, 278, 790, 307]","[18, 278, 110, 307]",U11,images/schedule_0002_clean_grid.png
schedule_0002,clean_grid,S0002_R008,8,신지현,신,14,985823,申|辛|愼,1986,female,병동,21,2026-04-21,O,o,"[790, 278, 824, 307]","[18, 278, 110, 307]",V11,images/schedule_0002_clean_grid.png
schedule_0002,clean_grid,S0002_R008,8,신지현,신,14,985823,申|辛|愼,1986,female,병동,22,2026-04-22,D,D,"[824, 278, 858, 307]","[18, 278, 110, 307]",W11,images/schedule_0002_clean_grid.png
schedule_0002,clean_grid,S0002_R008,8,신지현,신,14,985823,申|辛|愼,1986,female,병동,23,2026-04-23,F,F,"[858, 278, 892, 307]","[18, 278, 110, 307]",X11,images/schedule_0002_clean_grid.png
schedule_0002,clean_grid,S0002_R008,8,신지현,신,14,985823,申|辛|愼,1986,female,병동,24,2026-04-24,N,n,"[892, 278, 926, 307]","[18, 278, 110, 307]",Y11,images/schedule_0002_clean_grid.png
schedule_0002,clean_grid,S0002_R008,8,신지현,신,14,985823,申|辛|愼,1986,female,병동,25,2026-04-25,N,N,"[926, 278, 960, 307]","[18, 278, 110, 307]",Z11,images/schedule_0002_clean_grid.png
schedule_0002,clean_grid,S0002_R008,8,신지현,신,14,985823,申|辛|愼,1986,female,병동,26,2026-04-26,O,O,"[960, 278, 994, 307]","[18, 278, 110, 307]",AA11,images/schedule_0002_clean_grid.png
schedule_0002,clean_grid,S0002_R008,8,신지현,신,14,985823,申|辛|愼,1986,female,병동,27,2026-04-27,E,E,"[994, 278, 1028, 307]","[18, 278, 110, 307]",AB11,images/schedule_0002_clean_grid.png
schedule_0002,clean_grid,S0002_R008,8,신지현,신,14,985823,申|辛|愼,1986,female,병동,28,2026-04-28,O,O,"[1028, 278, 1062, 307]","[18, 278, 110, 307]",AC11,images/schedule_0002_clean_grid.png
schedule_0002,clean_grid,S0002_R008,8,신지현,신,14,985823,申|辛|愼,1986,female,병동,29,2026-04-29,D/E,d/e,"[1062, 278, 1096, 307]","[18, 278, 110, 307]",AD11,images/schedule_0002_clean_grid.png
schedule_0002,clean_grid,S0002_R008,8,신지현,신,14,985823,申|辛|愼,1986,female,병동,30,2026-04-30,H+,h+,"[1096, 278, 1130, 307]","[18, 278, 110, 307]",AE11,images/schedule_0002_clean_grid.png
schedule_0002,clean_grid,S0002_R009,9,공진우,공,56,91869,孔,1984,male,병동,1,2026-04-01,DB,Db,"[110, 307, 144, 336]","[18, 307, 110, 336]",B12,images/schedule_0002_clean_grid.png
schedule_0002,clean_grid,S0002_R009,9,공진우,공,56,91869,孔,1984,male,병동,2,2026-04-02,ADO,aDO,"[144, 307, 178, 336]","[18, 307, 110, 336]",C12,images/schedule_0002_clean_grid.png
schedule_0002,clean_grid,S0002_R009,9,공진우,공,56,91869,孔,1984,male,병동,3,2026-04-03,PM,Pm,"[178, 307, 212, 336]","[18, 307, 110, 336]",D12,images/schedule_0002_clean_grid.png
schedule_0002,clean_grid,S0002_R009,9,공진우,공,56,91869,孔,1984,male,병동,4,2026-04-04,AM,aM,"[212, 307, 246, 336]","[18, 307, 110, 336]",E12,images/schedule_0002_clean_grid.png
schedule_0002,clean_grid,S0002_R009,9,공진우,공,56,91869,孔,1984,male,병동,5,2026-04-05,OFF,Off,"[246, 307, 280, 336]","[18, 307, 110, 336]",F12,images/schedule_0002_clean_grid.png
schedule_0002,clean_grid,S0002_R009,9,공진우,공,56,91869,孔,1984,male,병동,6,2026-04-06,E,E,"[280, 307, 314, 336]","[18, 307, 110, 336]",G12,images/schedule_0002_clean_grid.png
schedule_0002,clean_grid,S0002_R009,9,공진우,공,56,91869,孔,1984,male,병동,7,2026-04-07,E,e,"[314, 307, 348, 336]","[18, 307, 110, 336]",H12,images/schedule_0002_clean_grid.png
schedule_0002,clean_grid,S0002_R009,9,공진우,공,56,91869,孔,1984,male,병동,8,2026-04-08,E,E,"[348, 307, 382, 336]","[18, 307, 110, 336]",I12,images/schedule_0002_clean_grid.png
schedule_0002,clean_grid,S0002_R009,9,공진우,공,56,91869,孔,1984,male,병동,9,2026-04-09,E,E,"[382, 307, 416, 336]","[18, 307, 110, 336]",J12,images/schedule_0002_clean_grid.png
schedule_0002,clean_grid,S0002_R009,9,공진우,공,56,91869,孔,1984,male,병동,10,2026-04-10,E,E,"[416, 307, 450, 336]","[18, 307, 110, 336]",K12,images/schedule_0002_clean_grid.png
schedule_0002,clean_grid,S0002_R009,9,공진우,공,56,91869,孔,1984,male,병동,11,2026-04-11,NB,nB,"[450, 307, 484, 336]","[18, 307, 110, 336]",L12,images/schedule_0002_clean_grid.png
schedule_0002,clean_grid,S0002_R009,9,공진우,공,56,91869,孔,1984,male,병동,12,2026-04-12,NA,NA,"[484, 307, 518, 336]","[18, 307, 110, 336]",M12,images/schedule_0002_clean_grid.png
schedule_0002,clean_grid,S0002_R009,9,공진우,공,56,91869,孔,1984,male,병동,13,2026-04-13,LD,LD,"[518, 307, 552, 336]","[18, 307, 110, 336]",N12,images/schedule_0002_clean_grid.png
schedule_0002,clean_grid,S0002_R009,9,공진우,공,56,91869,孔,1984,male,병동,14,2026-04-14,D12,D12,"[552, 307, 586, 336]","[18, 307, 110, 336]",O12,images/schedule_0002_clean_grid.png
schedule_0002,clean_grid,S0002_R009,9,공진우,공,56,91869,孔,1984,male,병동,15,2026-04-15,DB,DB,"[586, 307, 620, 336]","[18, 307, 110, 336]",P12,images/schedule_0002_clean_grid.png
schedule_0002,clean_grid,S0002_R009,9,공진우,공,56,91869,孔,1984,male,병동,16,2026-04-16,RD,rd,"[620, 307, 654, 336]","[18, 307, 110, 336]",Q12,images/schedule_0002_clean_grid.png
schedule_0002,clean_grid,S0002_R009,9,공진우,공,56,91869,孔,1984,male,병동,17,2026-04-17,AM,AM,"[654, 307, 688, 336]","[18, 307, 110, 336]",R12,images/schedule_0002_clean_grid.png
schedule_0002,clean_grid,S0002_R009,9,공진우,공,56,91869,孔,1984,male,병동,18,2026-04-18,NB,NB,"[688, 307, 722, 336]","[18, 307, 110, 336]",S12,images/schedule_0002_clean_grid.png
schedule_0002,clean_grid,S0002_R009,9,공진우,공,56,91869,孔,1984,male,병동,19,2026-04-19,CL,cL,"[722, 307, 756, 336]","[18, 307, 110, 336]",T12,images/schedule_0002_clean_grid.png
schedule_0002,clean_grid,S0002_R009,9,공진우,공,56,91869,孔,1984,male,병동,20,2026-04-20,NO,No,"[756, 307, 790, 336]","[18, 307, 110, 336]",U12,images/schedule_0002_clean_grid.png
schedule_0002,clean_grid,S0002_R009,9,공진우,공,56,91869,孔,1984,male,병동,21,2026-04-21,AO,ao,"[790, 307, 824, 336]","[18, 307, 110, 336]",V12,images/schedule_0002_clean_grid.png
schedule_0002,clean_grid,S0002_R009,9,공진우,공,56,91869,孔,1984,male,병동,22,2026-04-22,D/E,d/E,"[824, 307, 858, 336]","[18, 307, 110, 336]",W12,images/schedule_0002_clean_grid.png
schedule_0002,clean_grid,S0002_R009,9,공진우,공,56,91869,孔,1984,male,병동,23,2026-04-23,ED,ED,"[858, 307, 892, 336]","[18, 307, 110, 336]",X12,images/schedule_0002_clean_grid.png
schedule_0002,clean_grid,S0002_R009,9,공진우,공,56,91869,孔,1984,male,병동,24,2026-04-24,S,s,"[892, 307, 926, 336]","[18, 307, 110, 336]",Y12,images/schedule_0002_clean_grid.png
schedule_0002,clean_grid,S0002_R009,9,공진우,공,56,91869,孔,1984,male,병동,25,2026-04-25,HELP,HELP,"[926, 307, 960, 336]","[18, 307, 110, 336]",Z12,images/schedule_0002_clean_grid.png
schedule_0002,clean_grid,S0002_R009,9,공진우,공,56,91869,孔,1984,male,병동,26,2026-04-26,E,e,"[960, 307, 994, 336]","[18, 307, 110, 336]",AA12,images/schedule_0002_clean_grid.png
schedule_0002,clean_grid,S0002_R009,9,공진우,공,56,91869,孔,1984,male,병동,27,2026-04-27,OFF,OFF,"[994, 307, 1028, 336]","[18, 307, 110, 336]",AB12,images/schedule_0002_clean_grid.png
schedule_0002,clean_grid,S0002_R009,9,공진우,공,56,91869,孔,1984,male,병동,28,2026-04-28,E,E,"[1028, 307, 1062, 336]","[18, 307, 110, 336]",AC12,images/schedule_0002_clean_grid.png
schedule_0002,clean_grid,S0002_R009,9,공진우,공,56,91869,孔,1984,male,병동,29,2026-04-29,E,e,"[1062, 307, 1096, 336]","[18, 307, 110, 336]",AD12,images/schedule_0002_clean_grid.png
schedule_0002,clean_grid,S0002_R009,9,공진우,공,56,91869,孔,1984,male,병동,30,2026-04-30,F,F,"[1096, 307, 1130, 336]","[18, 307, 110, 336]",AE12,images/schedule_0002_clean_grid.png
schedule_0002,clean_grid,S0002_R010,10,이명숙,이,2,7306828,李,1967,female,병동,1,2026-04-01,X,X,"[110, 336, 144, 365]","[18, 336, 110, 365]",B13,images/schedule_0002_clean_grid.png
schedule_0002,clean_grid,S0002_R010,10,이명숙,이,2,7306828,李,1967,female,병동,2,2026-04-02,보건휴가,보건휴가,"[144, 336, 178, 365]","[18, 336, 110, 365]",C13,images/schedule_0002_clean_grid.png
schedule_0002,clean_grid,S0002_R010,10,이명숙,이,2,7306828,李,1967,female,병동,3,2026-04-03,TR,TR,"[178, 336, 212, 365]","[18, 336, 110, 365]",D13,images/schedule_0002_clean_grid.png
schedule_0002,clean_grid,S0002_R010,10,이명숙,이,2,7306828,李,1967,female,병동,4,2026-04-04,O,O,"[212, 336, 246, 365]","[18, 336, 110, 365]",E13,images/schedule_0002_clean_grid.png
schedule_0002,clean_grid,S0002_R010,10,이명숙,이,2,7306828,李,1967,female,병동,5,2026-04-05,D,d,"[246, 336, 280, 365]","[18, 336, 110, 365]",F13,images/schedule_0002_clean_grid.png
schedule_0002,clean_grid,S0002_R010,10,이명숙,이,2,7306828,李,1967,female,병동,6,2026-04-06,SL,SL,"[280, 336, 314, 365]","[18, 336, 110, 365]",G13,images/schedule_0002_clean_grid.png
schedule_0002,clean_grid,S0002_R010,10,이명숙,이,2,7306828,李,1967,female,병동,7,2026-04-07,A,A,"[314, 336, 348, 365]","[18, 336, 110, 365]",H13,images/schedule_0002_clean_grid.png
schedule_0002,clean_grid,S0002_R010,10,이명숙,이,2,7306828,李,1967,female,병동,8,2026-04-08,DB,Db,"[348, 336, 382, 365]","[18, 336, 110, 365]",I13,images/schedule_0002_clean_grid.png
schedule_0002,clean_grid,S0002_R010,10,이명숙,이,2,7306828,李,1967,female,병동,9,2026-04-09,OF,OF,"[382, 336, 416, 365]","[18, 336, 110, 365]",J13,images/schedule_0002_clean_grid.png
schedule_0002,clean_grid,S0002_R010,10,이명숙,이,2,7306828,李,1967,female,병동,10,2026-04-10,N12,N12,"[416, 336, 450, 365]","[18, 336, 110, 365]",K13,images/schedule_0002_clean_grid.png
schedule_0002,clean_grid,S0002_R010,10,이명숙,이,2,7306828,李,1967,female,병동,11,2026-04-11,DO,DO,"[450, 336, 484, 365]","[18, 336, 110, 365]",L13,images/schedule_0002_clean_grid.png
schedule_0002,clean_grid,S0002_R010,10,이명숙,이,2,7306828,李,1967,female,병동,12,2026-04-12,AO,AO,"[484, 336, 518, 365]","[18, 336, 110, 365]",M13,images/schedule_0002_clean_grid.png
schedule_0002,clean_grid,S0002_R010,10,이명숙,이,2,7306828,李,1967,female,병동,13,2026-04-13,AO,AO,"[518, 336, 552, 365]","[18, 336, 110, 365]",N13,images/schedule_0002_clean_grid.png
schedule_0002,clean_grid,S0002_R010,10,이명숙,이,2,7306828,李,1967,female,병동,14,2026-04-14,A,a,"[552, 336, 586, 365]","[18, 336, 110, 365]",O13,images/schedule_0002_clean_grid.png
schedule_0002,clean_grid,S0002_R010,10,이명숙,이,2,7306828,李,1967,female,병동,15,2026-04-15,OR,Or,"[586, 336, 620, 365]","[18, 336, 110, 365]",P13,images/schedule_0002_clean_grid.png
schedule_0002,clean_grid,S0002_R010,10,이명숙,이,2,7306828,李,1967,female,병동,16,2026-04-16,LD,LD,"[620, 336, 654, 365]","[18, 336, 110, 365]",Q13,images/schedule_0002_clean_grid.png
schedule_0002,clean_grid,S0002_R010,10,이명숙,이,2,7306828,李,1967,female,병동,17,2026-04-17,RD,RD,"[654, 336, 688, 365]","[18, 336, 110, 365]",R13,images/schedule_0002_clean_grid.png
schedule_0002,clean_grid,S0002_R010,10,이명숙,이,2,7306828,李,1967,female,병동,18,2026-04-18,NO,No,"[688, 336, 722, 365]","[18, 336, 110, 365]",S13,images/schedule_0002_clean_grid.png
schedule_0002,clean_grid,S0002_R010,10,이명숙,이,2,7306828,李,1967,female,병동,19,2026-04-19,A/L,A/L,"[722, 336, 756, 365]","[18, 336, 110, 365]",T13,images/schedule_0002_clean_grid.png
schedule_0002,clean_grid,S0002_R010,10,이명숙,이,2,7306828,李,1967,female,병동,20,2026-04-20,LD,LD,"[756, 336, 790, 365]","[18, 336, 110, 365]",U13,images/schedule_0002_clean_grid.png
schedule_0002,clean_grid,S0002_R010,10,이명숙,이,2,7306828,李,1967,female,병동,21,2026-04-21,ADO,ADO,"[790, 336, 824, 365]","[18, 336, 110, 365]",V13,images/schedule_0002_clean_grid.png
schedule_0002,clean_grid,S0002_R010,10,이명숙,이,2,7306828,李,1967,female,병동,22,2026-04-22,E,e,"[824, 336, 858, 365]","[18, 336, 110, 365]",W13,images/schedule_0002_clean_grid.png
schedule_0002,clean_grid,S0002_R010,10,이명숙,이,2,7306828,李,1967,female,병동,23,2026-04-23,E,E,"[858, 336, 892, 365]","[18, 336, 110, 365]",X13,images/schedule_0002_clean_grid.png
schedule_0002,clean_grid,S0002_R010,10,이명숙,이,2,7306828,李,1967,female,병동,24,2026-04-24,O,O,"[892, 336, 926, 365]","[18, 336, 110, 365]",Y13,images/schedule_0002_clean_grid.png
schedule_0002,clean_grid,S0002_R010,10,이명숙,이,2,7306828,李,1967,female,병동,25,2026-04-25,E,E,"[926, 336, 960, 365]","[18, 336, 110, 365]",Z13,images/schedule_0002_clean_grid.png
schedule_0002,clean_grid,S0002_R010,10,이명숙,이,2,7306828,李,1967,female,병동,26,2026-04-26,E,E,"[960, 336, 994, 365]","[18, 336, 110, 365]",AA13,images/schedule_0002_clean_grid.png
schedule_0002,clean_grid,S0002_R010,10,이명숙,이,2,7306828,李,1967,female,병동,27,2026-04-27,E,E,"[994, 336, 1028, 365]","[18, 336, 110, 365]",AB13,images/schedule_0002_clean_grid.png
schedule_0002,clean_grid,S0002_R010,10,이명숙,이,2,7306828,李,1967,female,병동,28,2026-04-28,F,F,"[1028, 336, 1062, 365]","[18, 336, 110, 365]",AC13,images/schedule_0002_clean_grid.png
schedule_0002,clean_grid,S0002_R010,10,이명숙,이,2,7306828,李,1967,female,병동,29,2026-04-29,f,f,"[1062, 336, 1096, 365]","[18, 336, 110, 365]",AD13,images/schedule_0002_clean_grid.png
schedule_0002,clean_grid,S0002_R010,10,이명숙,이,2,7306828,李,1967,female,병동,30,2026-04-30,OC,oc,"[1096, 336, 1130, 365]","[18, 336, 110, 365]",AE13,images/schedule_0002_clean_grid.png
schedule_0002,clean_grid,S0002_R011,11,문은지,문,23,464040,文,1987,female,병동,1,2026-04-01,E,E,"[110, 365, 144, 394]","[18, 365, 110, 394]",B14,images/schedule_0002_clean_grid.png
schedule_0002,clean_grid,S0002_R011,11,문은지,문,23,464040,文,1987,female,병동,2,2026-04-02,OFF,OFF,"[144, 365, 178, 394]","[18, 365, 110, 394]",C14,images/schedule_0002_clean_grid.png
schedule_0002,clean_grid,S0002_R011,11,문은지,문,23,464040,文,1987,female,병동,3,2026-04-03,N,N,"[178, 365, 212, 394]","[18, 365, 110, 394]",D14,images/schedule_0002_clean_grid.png
schedule_0002,clean_grid,S0002_R011,11,문은지,문,23,464040,文,1987,female,병동,4,2026-04-04,NO,NO,"[212, 365, 246, 394]","[18, 365, 110, 394]",E14,images/schedule_0002_clean_grid.png
schedule_0002,clean_grid,S0002_R011,11,문은지,문,23,464040,文,1987,female,병동,5,2026-04-05,N,N,"[246, 365, 280, 394]","[18, 365, 110, 394]",F14,images/schedule_0002_clean_grid.png
schedule_0002,clean_grid,S0002_R011,11,문은지,문,23,464040,文,1987,female,병동,6,2026-04-06,F,F,"[280, 365, 314, 394]","[18, 365, 110, 394]",G14,images/schedule_0002_clean_grid.png
schedule_0002,clean_grid,S0002_R011,11,문은지,문,23,464040,文,1987,female,병동,7,2026-04-07,OF,Of,"[314, 365, 348, 394]","[18, 365, 110, 394]",H14,images/schedule_0002_clean_grid.png
schedule_0002,clean_grid,S0002_R011,11,문은지,문,23,464040,文,1987,female,병동,8,2026-04-08,NA,NA,"[348, 365, 382, 394]","[18, 365, 110, 394]",I14,images/schedule_0002_clean_grid.png
schedule_0002,clean_grid,S0002_R011,11,문은지,문,23,464040,文,1987,female,병동,9,2026-04-09,X,x,"[382, 365, 416, 394]","[18, 365, 110, 394]",J14,images/schedule_0002_clean_grid.png
schedule_0002,clean_grid,S0002_R011,11,문은지,문,23,464040,文,1987,female,병동,10,2026-04-10,E,E,"[416, 365, 450, 394]","[18, 365, 110, 394]",K14,images/schedule_0002_clean_grid.png
schedule_0002,clean_grid,S0002_R011,11,문은지,문,23,464040,文,1987,female,병동,11,2026-04-11,E,e,"[450, 365, 484, 394]","[18, 365, 110, 394]",L14,images/schedule_0002_clean_grid.png
schedule_0002,clean_grid,S0002_R011,11,문은지,문,23,464040,文,1987,female,병동,12,2026-04-12,off,OFF,"[484, 365, 518, 394]","[18, 365, 110, 394]",M14,images/schedule_0002_clean_grid.png
schedule_0002,clean_grid,S0002_R011,11,문은지,문,23,464040,文,1987,female,병동,13,2026-04-13,OFF,OFF,"[518, 365, 552, 394]","[18, 365, 110, 394]",N14,images/schedule_0002_clean_grid.png
schedule_0002,clean_grid,S0002_R011,11,문은지,문,23,464040,文,1987,female,병동,14,2026-04-14,N,n,"[552, 365, 586, 394]","[18, 365, 110, 394]",O14,images/schedule_0002_clean_grid.png
schedule_0002,clean_grid,S0002_R011,11,문은지,문,23,464040,文,1987,female,병동,15,2026-04-15,OF,OF,"[586, 365, 620, 394]","[18, 365, 110, 394]",P14,images/schedule_0002_clean_grid.png
schedule_0002,clean_grid,S0002_R011,11,문은지,문,23,464040,文,1987,female,병동,16,2026-04-16,DE,de,"[620, 365, 654, 394]","[18, 365, 110, 394]",Q14,images/schedule_0002_clean_grid.png
schedule_0002,clean_grid,S0002_R011,11,문은지,문,23,464040,文,1987,female,병동,17,2026-04-17,D,d,"[654, 365, 688, 394]","[18, 365, 110, 394]",R14,images/schedule_0002_clean_grid.png
schedule_0002,clean_grid,S0002_R011,11,문은지,문,23,464040,文,1987,female,병동,18,2026-04-18,D,D,"[688, 365, 722, 394]","[18, 365, 110, 394]",S14,images/schedule_0002_clean_grid.png
schedule_0002,clean_grid,S0002_R011,11,문은지,문,23,464040,文,1987,female,병동,19,2026-04-19,CH,CH,"[722, 365, 756, 394]","[18, 365, 110, 394]",T14,images/schedule_0002_clean_grid.png
schedule_0002,clean_grid,S0002_R011,11,문은지,문,23,464040,文,1987,female,병동,20,2026-04-20,PM,PM,"[756, 365, 790, 394]","[18, 365, 110, 394]",U14,images/schedule_0002_clean_grid.png
schedule_0002,clean_grid,S0002_R011,11,문은지,문,23,464040,文,1987,female,병동,21,2026-04-21,AM,AM,"[790, 365, 824, 394]","[18, 365, 110, 394]",V14,images/schedule_0002_clean_grid.png
schedule_0002,clean_grid,S0002_R011,11,문은지,문,23,464040,文,1987,female,병동,22,2026-04-22,PM,pm,"[824, 365, 858, 394]","[18, 365, 110, 394]",W14,images/schedule_0002_clean_grid.png
schedule_0002,clean_grid,S0002_R011,11,문은지,문,23,464040,文,1987,female,병동,23,2026-04-23,D12,D12,"[858, 365, 892, 394]","[18, 365, 110, 394]",X14,images/schedule_0002_clean_grid.png
schedule_0002,clean_grid,S0002_R011,11,문은지,문,23,464040,文,1987,female,병동,24,2026-04-24,LV,Lv,"[892, 365, 926, 394]","[18, 365, 110, 394]",Y14,images/schedule_0002_clean_grid.png
schedule_0002,clean_grid,S0002_R011,11,문은지,문,23,464040,文,1987,female,병동,25,2026-04-25,DE,DE,"[926, 365, 960, 394]","[18, 365, 110, 394]",Z14,images/schedule_0002_clean_grid.png
schedule_0002,clean_grid,S0002_R011,11,문은지,문,23,464040,文,1987,female,병동,26,2026-04-26,V,V,"[960, 365, 994, 394]","[18, 365, 110, 394]",AA14,images/schedule_0002_clean_grid.png
schedule_0002,clean_grid,S0002_R011,11,문은지,문,23,464040,文,1987,female,병동,27,2026-04-27,DB,dB,"[994, 365, 1028, 394]","[18, 365, 110, 394]",AB14,images/schedule_0002_clean_grid.png
schedule_0002,clean_grid,S0002_R011,11,문은지,문,23,464040,文,1987,female,병동,28,2026-04-28,D/E,D/E,"[1028, 365, 1062, 394]","[18, 365, 110, 394]",AC14,images/schedule_0002_clean_grid.png
schedule_0002,clean_grid,S0002_R011,11,문은지,문,23,464040,文,1987,female,병동,29,2026-04-29,AM,AM,"[1062, 365, 1096, 394]","[18, 365, 110, 394]",AD14,images/schedule_0002_clean_grid.png
schedule_0002,clean_grid,S0002_R011,11,문은지,문,23,464040,文,1987,female,병동,30,2026-04-30,PH,PH,"[1096, 365, 1130, 394]","[18, 365, 110, 394]",AE14,images/schedule_0002_clean_grid.png
schedule_0002,clean_grid,S0002_R012,12,함지은,함,59,80659,咸,1989,female,병동,1,2026-04-01,출산,출산,"[110, 394, 144, 423]","[18, 394, 110, 423]",B15,images/schedule_0002_clean_grid.png
schedule_0002,clean_grid,S0002_R012,12,함지은,함,59,80659,咸,1989,female,병동,2,2026-04-02,E,E,"[144, 394, 178, 423]","[18, 394, 110, 423]",C15,images/schedule_0002_clean_grid.png
schedule_0002,clean_grid,S0002_R012,12,함지은,함,59,80659,咸,1989,female,병동,3,2026-04-03,AO,AO,"[178, 394, 212, 423]","[18, 394, 110, 423]",D15,images/schedule_0002_clean_grid.png
schedule_0002,clean_grid,S0002_R012,12,함지은,함,59,80659,咸,1989,female,병동,4,2026-04-04,PM,PM,"[212, 394, 246, 423]","[18, 394, 110, 423]",E15,images/schedule_0002_clean_grid.png
schedule_0002,clean_grid,S0002_R012,12,함지은,함,59,80659,咸,1989,female,병동,5,2026-04-05,F,F,"[246, 394, 280, 423]","[18, 394, 110, 423]",F15,images/schedule_0002_clean_grid.png
schedule_0002,clean_grid,S0002_R012,12,함지은,함,59,80659,咸,1989,female,병동,6,2026-04-06,NB,NB,"[280, 394, 314, 423]","[18, 394, 110, 423]",G15,images/schedule_0002_clean_grid.png
schedule_0002,clean_grid,S0002_R012,12,함지은,함,59,80659,咸,1989,female,병동,7,2026-04-07,LD,lD,"[314, 394, 348, 423]","[18, 394, 110, 423]",H15,images/schedule_0002_clean_grid.png
schedule_0002,clean_grid,S0002_R012,12,함지은,함,59,80659,咸,1989,female,병동,8,2026-04-08,연차,연차,"[348, 394, 382, 423]","[18, 394, 110, 423]",I15,images/schedule_0002_clean_grid.png
schedule_0002,clean_grid,S0002_R012,12,함지은,함,59,80659,咸,1989,female,병동,9,2026-04-09,EXT,EXT,"[382, 394, 416, 423]","[18, 394, 110, 423]",J15,images/schedule_0002_clean_grid.png
schedule_0002,clean_grid,S0002_R012,12,함지은,함,59,80659,咸,1989,female,병동,10,2026-04-10,AM,AM,"[416, 394, 450, 423]","[18, 394, 110, 423]",K15,images/schedule_0002_clean_grid.png
schedule_0002,clean_grid,S0002_R012,12,함지은,함,59,80659,咸,1989,female,병동,11,2026-04-11,NB,Nb,"[450, 394, 484, 423]","[18, 394, 110, 423]",L15,images/schedule_0002_clean_grid.png
schedule_0002,clean_grid,S0002_R012,12,함지은,함,59,80659,咸,1989,female,병동,12,2026-04-12,OF,OF,"[484, 394, 518, 423]","[18, 394, 110, 423]",M15,images/schedule_0002_clean_grid.png
schedule_0002,clean_grid,S0002_R012,12,함지은,함,59,80659,咸,1989,female,병동,13,2026-04-13,OT,ot,"[518, 394, 552, 423]","[18, 394, 110, 423]",N15,images/schedule_0002_clean_grid.png
schedule_0002,clean_grid,S0002_R012,12,함지은,함,59,80659,咸,1989,female,병동,14,2026-04-14,f,f,"[552, 394, 586, 423]","[18, 394, 110, 423]",O15,images/schedule_0002_clean_grid.png
schedule_0002,clean_grid,S0002_R012,12,함지은,함,59,80659,咸,1989,female,병동,15,2026-04-15,WS,WS,"[586, 394, 620, 423]","[18, 394, 110, 423]",P15,images/schedule_0002_clean_grid.png
schedule_0002,clean_grid,S0002_R012,12,함지은,함,59,80659,咸,1989,female,병동,16,2026-04-16,E,E,"[620, 394, 654, 423]","[18, 394, 110, 423]",Q15,images/schedule_0002_clean_grid.png
schedule_0002,clean_grid,S0002_R012,12,함지은,함,59,80659,咸,1989,female,병동,17,2026-04-17,E,E,"[654, 394, 688, 423]","[18, 394, 110, 423]",R15,images/schedule_0002_clean_grid.png
schedule_0002,clean_grid,S0002_R012,12,함지은,함,59,80659,咸,1989,female,병동,18,2026-04-18,OFF,OFF,"[688, 394, 722, 423]","[18, 394, 110, 423]",S15,images/schedule_0002_clean_grid.png
schedule_0002,clean_grid,S0002_R012,12,함지은,함,59,80659,咸,1989,female,병동,19,2026-04-19,PH,ph,"[722, 394, 756, 423]","[18, 394, 110, 423]",T15,images/schedule_0002_clean_grid.png
schedule_0002,clean_grid,S0002_R012,12,함지은,함,59,80659,咸,1989,female,병동,20,2026-04-20,PH,pH,"[756, 394, 790, 423]","[18, 394, 110, 423]",U15,images/schedule_0002_clean_grid.png
schedule_0002,clean_grid,S0002_R012,12,함지은,함,59,80659,咸,1989,female,병동,21,2026-04-21,O,O,"[790, 394, 824, 423]","[18, 394, 110, 423]",V15,images/schedule_0002_clean_grid.png
schedule_0002,clean_grid,S0002_R012,12,함지은,함,59,80659,咸,1989,female,병동,22,2026-04-22,E,e,"[824, 394, 858, 423]","[18, 394, 110, 423]",W15,images/schedule_0002_clean_grid.png
schedule_0002,clean_grid,S0002_R012,12,함지은,함,59,80659,咸,1989,female,병동,23,2026-04-23,E,E,"[858, 394, 892, 423]","[18, 394, 110, 423]",X15,images/schedule_0002_clean_grid.png
schedule_0002,clean_grid,S0002_R012,12,함지은,함,59,80659,咸,1989,female,병동,24,2026-04-24,O,o,"[892, 394, 926, 423]","[18, 394, 110, 423]",Y15,images/schedule_0002_clean_grid.png
schedule_0002,clean_grid,S0002_R012,12,함지은,함,59,80659,咸,1989,female,병동,25,2026-04-25,D,D,"[926, 394, 960, 423]","[18, 394, 110, 423]",Z15,images/schedule_0002_clean_grid.png
schedule_0002,clean_grid,S0002_R012,12,함지은,함,59,80659,咸,1989,female,병동,26,2026-04-26,D,D,"[960, 394, 994, 423]","[18, 394, 110, 423]",AA15,images/schedule_0002_clean_grid.png
schedule_0002,clean_grid,S0002_R012,12,함지은,함,59,80659,咸,1989,female,병동,27,2026-04-27,D,D,"[994, 394, 1028, 423]","[18, 394, 110, 423]",AB15,images/schedule_0002_clean_grid.png
schedule_0002,clean_grid,S0002_R012,12,함지은,함,59,80659,咸,1989,female,병동,28,2026-04-28,D,D,"[1028, 394, 1062, 423]","[18, 394, 110, 423]",AC15,images/schedule_0002_clean_grid.png
schedule_0002,clean_grid,S0002_R012,12,함지은,함,59,80659,咸,1989,female,병동,29,2026-04-29,D,D,"[1062, 394, 1096, 423]","[18, 394, 110, 423]",AD15,images/schedule_0002_clean_grid.png
schedule_0002,clean_grid,S0002_R012,12,함지은,함,59,80659,咸,1989,female,병동,30,2026-04-30,D,D,"[1096, 394, 1130, 423]","[18, 394, 110, 423]",AE15,images/schedule_0002_clean_grid.png
schedule_0002,clean_grid,S0002_R013,13,전정수,전,19,745579,全|田,1973,male,병동,1,2026-04-01,PO,PO,"[110, 423, 144, 452]","[18, 423, 110, 452]",B16,images/schedule_0002_clean_grid.png
schedule_0002,clean_grid,S0002_R013,13,전정수,전,19,745579,全|田,1973,male,병동,2,2026-04-02,MD,mD,"[144, 423, 178, 452]","[18, 423, 110, 452]",C16,images/schedule_0002_clean_grid.png
schedule_0002,clean_grid,S0002_R013,13,전정수,전,19,745579,全|田,1973,male,병동,3,2026-04-03,UL,UL,"[178, 423, 212, 452]","[18, 423, 110, 452]",D16,images/schedule_0002_clean_grid.png
schedule_0002,clean_grid,S0002_R013,13,전정수,전,19,745579,全|田,1973,male,병동,4,2026-04-04,SL,SL,"[212, 423, 246, 452]","[18, 423, 110, 452]",E16,images/schedule_0002_clean_grid.png
schedule_0002,clean_grid,S0002_R013,13,전정수,전,19,745579,全|田,1973,male,병동,5,2026-04-05,—,—,"[246, 423, 280, 452]","[18, 423, 110, 452]",F16,images/schedule_0002_clean_grid.png
schedule_0002,clean_grid,S0002_R013,13,전정수,전,19,745579,全|田,1973,male,병동,6,2026-04-06,-,-,"[280, 423, 314, 452]","[18, 423, 110, 452]",G16,images/schedule_0002_clean_grid.png
schedule_0002,clean_grid,S0002_R013,13,전정수,전,19,745579,全|田,1973,male,병동,7,2026-04-07,S/L,S/L,"[314, 423, 348, 452]","[18, 423, 110, 452]",H16,images/schedule_0002_clean_grid.png
schedule_0002,clean_grid,S0002_R013,13,전정수,전,19,745579,全|田,1973,male,병동,8,2026-04-08,AM,AM,"[348, 423, 382, 452]","[18, 423, 110, 452]",I16,images/schedule_0002_clean_grid.png
schedule_0002,clean_grid,S0002_R013,13,전정수,전,19,745579,全|田,1973,male,병동,9,2026-04-09,ONC,oNc,"[382, 423, 416, 452]","[18, 423, 110, 452]",J16,images/schedule_0002_clean_grid.png
schedule_0002,clean_grid,S0002_R013,13,전정수,전,19,745579,全|田,1973,male,병동,10,2026-04-10,BDO,BDO,"[416, 423, 450, 452]","[18, 423, 110, 452]",K16,images/schedule_0002_clean_grid.png
schedule_0002,clean_grid,S0002_R013,13,전정수,전,19,745579,全|田,1973,male,병동,11,2026-04-11,MD,mD,"[450, 423, 484, 452]","[18, 423, 110, 452]",L16,images/schedule_0002_clean_grid.png
schedule_0002,clean_grid,S0002_R013,13,전정수,전,19,745579,全|田,1973,male,병동,12,2026-04-12,DO,DO,"[484, 423, 518, 452]","[18, 423, 110, 452]",M16,images/schedule_0002_clean_grid.png
schedule_0002,clean_grid,S0002_R013,13,전정수,전,19,745579,全|田,1973,male,병동,13,2026-04-13,PH,Ph,"[518, 423, 552, 452]","[18, 423, 110, 452]",N16,images/schedule_0002_clean_grid.png
schedule_0002,clean_grid,S0002_R013,13,전정수,전,19,745579,全|田,1973,male,병동,14,2026-04-14,DB,db,"[552, 423, 586, 452]","[18, 423, 110, 452]",O16,images/schedule_0002_clean_grid.png
schedule_0002,clean_grid,S0002_R013,13,전정수,전,19,745579,全|田,1973,male,병동,15,2026-04-15,DN,dN,"[586, 423, 620, 452]","[18, 423, 110, 452]",P16,images/schedule_0002_clean_grid.png
schedule_0002,clean_grid,S0002_R013,13,전정수,전,19,745579,全|田,1973,male,병동,16,2026-04-16,SD,SD,"[620, 423, 654, 452]","[18, 423, 110, 452]",Q16,images/schedule_0002_clean_grid.png
schedule_0002,clean_grid,S0002_R013,13,전정수,전,19,745579,全|田,1973,male,병동,17,2026-04-17,MID,MID,"[654, 423, 688, 452]","[18, 423, 110, 452]",R16,images/schedule_0002_clean_grid.png
schedule_0002,clean_grid,S0002_R013,13,전정수,전,19,745579,全|田,1973,male,병동,18,2026-04-18,—,—,"[688, 423, 722, 452]","[18, 423, 110, 452]",S16,images/schedule_0002_clean_grid.png
schedule_0002,clean_grid,S0002_R013,13,전정수,전,19,745579,全|田,1973,male,병동,19,2026-04-19,PM,PM,"[722, 423, 756, 452]","[18, 423, 110, 452]",T16,images/schedule_0002_clean_grid.png
schedule_0002,clean_grid,S0002_R013,13,전정수,전,19,745579,全|田,1973,male,병동,20,2026-04-20,D/E,d/e,"[756, 423, 790, 452]","[18, 423, 110, 452]",U16,images/schedule_0002_clean_grid.png
schedule_0002,clean_grid,S0002_R013,13,전정수,전,19,745579,全|田,1973,male,병동,21,2026-04-21,NO,NO,"[790, 423, 824, 452]","[18, 423, 110, 452]",V16,images/schedule_0002_clean_grid.png
schedule_0002,clean_grid,S0002_R013,13,전정수,전,19,745579,全|田,1973,male,병동,22,2026-04-22,NB,NB,"[824, 423, 858, 452]","[18, 423, 110, 452]",W16,images/schedule_0002_clean_grid.png
schedule_0002,clean_grid,S0002_R013,13,전정수,전,19,745579,全|田,1973,male,병동,23,2026-04-23,H,H,"[858, 423, 892, 452]","[18, 423, 110, 452]",X16,images/schedule_0002_clean_grid.png
schedule_0002,clean_grid,S0002_R013,13,전정수,전,19,745579,全|田,1973,male,병동,24,2026-04-24,육아,육아,"[892, 423, 926, 452]","[18, 423, 110, 452]",Y16,images/schedule_0002_clean_grid.png
schedule_0002,clean_grid,S0002_R013,13,전정수,전,19,745579,全|田,1973,male,병동,25,2026-04-25,T,T,"[926, 423, 960, 452]","[18, 423, 110, 452]",Z16,images/schedule_0002_clean_grid.png
schedule_0002,clean_grid,S0002_R013,13,전정수,전,19,745579,全|田,1973,male,병동,26,2026-04-26,CB,CB,"[960, 423, 994, 452]","[18, 423, 110, 452]",AA16,images/schedule_0002_clean_grid.png
schedule_0002,clean_grid,S0002_R013,13,전정수,전,19,745579,全|田,1973,male,병동,27,2026-04-27,D,d,"[994, 423, 1028, 452]","[18, 423, 110, 452]",AB16,images/schedule_0002_clean_grid.png
schedule_0002,clean_grid,S0002_R013,13,전정수,전,19,745579,全|田,1973,male,병동,28,2026-04-28,D,d,"[1028, 423, 1062, 452]","[18, 423, 110, 452]",AC16,images/schedule_0002_clean_grid.png
schedule_0002,clean_grid,S0002_R013,13,전정수,전,19,745579,全|田,1973,male,병동,29,2026-04-29,O,O,"[1062, 423, 1096, 452]","[18, 423, 110, 452]",AD16,images/schedule_0002_clean_grid.png
schedule_0002,clean_grid,S0002_R013,13,전정수,전,19,745579,全|田,1973,male,병동,30,2026-04-30,AM,aM,"[1096, 423, 1130, 452]","[18, 423, 110, 452]",AE16,images/schedule_0002_clean_grid.png
schedule_0002,clean_grid,S0002_R014,14,김수진,김,1,10689959,金,1988,female,병동,1,2026-04-01,S,S,"[110, 452, 144, 481]","[18, 452, 110, 481]",B17,images/schedule_0002_clean_grid.png
schedule_0002,clean_grid,S0002_R014,14,김수진,김,1,10689959,金,1988,female,병동,2,2026-04-02,DE,DE,"[144, 452, 178, 481]","[18, 452, 110, 481]",C17,images/schedule_0002_clean_grid.png
schedule_0002,clean_grid,S0002_R014,14,김수진,김,1,10689959,金,1988,female,병동,3,2026-04-03,SD,SD,"[178, 452, 212, 481]","[18, 452, 110, 481]",D17,images/schedule_0002_clean_grid.png
schedule_0002,clean_grid,S0002_R014,14,김수진,김,1,10689959,金,1988,female,병동,4,2026-04-04,O,O,"[212, 452, 246, 481]","[18, 452, 110, 481]",E17,images/schedule_0002_clean_grid.png
schedule_0002,clean_grid,S0002_R014,14,김수진,김,1,10689959,金,1988,female,병동,5,2026-04-05,D,D,"[246, 452, 280, 481]","[18, 452, 110, 481]",F17,images/schedule_0002_clean_grid.png
schedule_0002,clean_grid,S0002_R014,14,김수진,김,1,10689959,金,1988,female,병동,6,2026-04-06,E,E,"[280, 452, 314, 481]","[18, 452, 110, 481]",G17,images/schedule_0002_clean_grid.png
schedule_0002,clean_grid,S0002_R014,14,김수진,김,1,10689959,金,1988,female,병동,7,2026-04-07,E,e,"[314, 452, 348, 481]","[18, 452, 110, 481]",H17,images/schedule_0002_clean_grid.png
schedule_0002,clean_grid,S0002_R014,14,김수진,김,1,10689959,金,1988,female,병동,8,2026-04-08,D5,D5,"[348, 452, 382, 481]","[18, 452, 110, 481]",I17,images/schedule_0002_clean_grid.png
schedule_0002,clean_grid,S0002_R014,14,김수진,김,1,10689959,金,1988,female,병동,9,2026-04-09,PH,pH,"[382, 452, 416, 481]","[18, 452, 110, 481]",J17,images/schedule_0002_clean_grid.png
schedule_0002,clean_grid,S0002_R014,14,김수진,김,1,10689959,金,1988,female,병동,10,2026-04-10,육아,육아,"[416, 452, 450, 481]","[18, 452, 110, 481]",K17,images/schedule_0002_clean_grid.png
schedule_0002,clean_grid,S0002_R014,14,김수진,김,1,10689959,金,1988,female,병동,11,2026-04-11,LD,LD,"[450, 452, 484, 481]","[18, 452, 110, 481]",L17,images/schedule_0002_clean_grid.png
schedule_0002,clean_grid,S0002_R014,14,김수진,김,1,10689959,金,1988,female,병동,12,2026-04-12,NB,Nb,"[484, 452, 518, 481]","[18, 452, 110, 481]",M17,images/schedule_0002_clean_grid.png
schedule_0002,clean_grid,S0002_R014,14,김수진,김,1,10689959,金,1988,female,병동,13,2026-04-13,RD,rd,"[518, 452, 552, 481]","[18, 452, 110, 481]",N17,images/schedule_0002_clean_grid.png
schedule_0002,clean_grid,S0002_R014,14,김수진,김,1,10689959,金,1988,female,병동,14,2026-04-14,NB,NB,"[552, 452, 586, 481]","[18, 452, 110, 481]",O17,images/schedule_0002_clean_grid.png
schedule_0002,clean_grid,S0002_R014,14,김수진,김,1,10689959,金,1988,female,병동,15,2026-04-15,N,N,"[586, 452, 620, 481]","[18, 452, 110, 481]",P17,images/schedule_0002_clean_grid.png
schedule_0002,clean_grid,S0002_R014,14,김수진,김,1,10689959,金,1988,female,병동,16,2026-04-16,O,o,"[620, 452, 654, 481]","[18, 452, 110, 481]",Q17,images/schedule_0002_clean_grid.png
schedule_0002,clean_grid,S0002_R014,14,김수진,김,1,10689959,金,1988,female,병동,17,2026-04-17,OFF,OFF,"[654, 452, 688, 481]","[18, 452, 110, 481]",R17,images/schedule_0002_clean_grid.png
schedule_0002,clean_grid,S0002_R014,14,김수진,김,1,10689959,金,1988,female,병동,18,2026-04-18,DN,DN,"[688, 452, 722, 481]","[18, 452, 110, 481]",S17,images/schedule_0002_clean_grid.png
schedule_0002,clean_grid,S0002_R014,14,김수진,김,1,10689959,金,1988,female,병동,19,2026-04-19,DN,DN,"[722, 452, 756, 481]","[18, 452, 110, 481]",T17,images/schedule_0002_clean_grid.png
schedule_0002,clean_grid,S0002_R014,14,김수진,김,1,10689959,金,1988,female,병동,20,2026-04-20,AM,aM,"[756, 452, 790, 481]","[18, 452, 110, 481]",U17,images/schedule_0002_clean_grid.png
schedule_0002,clean_grid,S0002_R014,14,김수진,김,1,10689959,金,1988,female,병동,21,2026-04-21,O/C,O/C,"[790, 452, 824, 481]","[18, 452, 110, 481]",V17,images/schedule_0002_clean_grid.png
schedule_0002,clean_grid,S0002_R014,14,김수진,김,1,10689959,金,1988,female,병동,22,2026-04-22,NB,NB,"[824, 452, 858, 481]","[18, 452, 110, 481]",W17,images/schedule_0002_clean_grid.png
schedule_0002,clean_grid,S0002_R014,14,김수진,김,1,10689959,金,1988,female,병동,23,2026-04-23,D/E,D/E,"[858, 452, 892, 481]","[18, 452, 110, 481]",X17,images/schedule_0002_clean_grid.png
schedule_0002,clean_grid,S0002_R014,14,김수진,김,1,10689959,金,1988,female,병동,24,2026-04-24,CALL,CALL,"[892, 452, 926, 481]","[18, 452, 110, 481]",Y17,images/schedule_0002_clean_grid.png
schedule_0002,clean_grid,S0002_R014,14,김수진,김,1,10689959,金,1988,female,병동,25,2026-04-25,N,N,"[926, 452, 960, 481]","[18, 452, 110, 481]",Z17,images/schedule_0002_clean_grid.png
schedule_0002,clean_grid,S0002_R014,14,김수진,김,1,10689959,金,1988,female,병동,26,2026-04-26,NO,NO,"[960, 452, 994, 481]","[18, 452, 110, 481]",AA17,images/schedule_0002_clean_grid.png
schedule_0002,clean_grid,S0002_R014,14,김수진,김,1,10689959,金,1988,female,병동,27,2026-04-27,OC,oC,"[994, 452, 1028, 481]","[18, 452, 110, 481]",AB17,images/schedule_0002_clean_grid.png
schedule_0002,clean_grid,S0002_R014,14,김수진,김,1,10689959,金,1988,female,병동,28,2026-04-28,MD,Md,"[1028, 452, 1062, 481]","[18, 452, 110, 481]",AC17,images/schedule_0002_clean_grid.png
schedule_0002,clean_grid,S0002_R014,14,김수진,김,1,10689959,金,1988,female,병동,29,2026-04-29,NO,NO,"[1062, 452, 1096, 481]","[18, 452, 110, 481]",AD17,images/schedule_0002_clean_grid.png
schedule_0002,clean_grid,S0002_R014,14,김수진,김,1,10689959,金,1988,female,병동,30,2026-04-30,E,e,"[1096, 452, 1130, 481]","[18, 452, 110, 481]",AE17,images/schedule_0002_clean_grid.png
schedule_0003,highlighted_grid,S0003_R001,1,임유진,임,10,1015182,林|任,1999,female,병동,1,2026-01-01,BDO,bdO,"[110, 75, 144, 104]","[18, 75, 110, 104]",B4,images/schedule_0003_highlighted_grid.png
schedule_0003,highlighted_grid,S0003_R001,1,임유진,임,10,1015182,林|任,1999,female,병동,2,2026-01-02,ADO,adO,"[144, 75, 178, 104]","[18, 75, 110, 104]",C4,images/schedule_0003_highlighted_grid.png
schedule_0003,highlighted_grid,S0003_R001,1,임유진,임,10,1015182,林|任,1999,female,병동,3,2026-01-03,DE,dE,"[178, 75, 212, 104]","[18, 75, 110, 104]",D4,images/schedule_0003_highlighted_grid.png
schedule_0003,highlighted_grid,S0003_R001,1,임유진,임,10,1015182,林|任,1999,female,병동,4,2026-01-04,HLP,HLP,"[212, 75, 246, 104]","[18, 75, 110, 104]",E4,images/schedule_0003_highlighted_grid.png
schedule_0003,highlighted_grid,S0003_R001,1,임유진,임,10,1015182,林|任,1999,female,병동,5,2026-01-05,DB,DB,"[246, 75, 280, 104]","[18, 75, 110, 104]",F4,images/schedule_0003_highlighted_grid.png
schedule_0003,highlighted_grid,S0003_R001,1,임유진,임,10,1015182,林|任,1999,female,병동,6,2026-01-06,TRN,TRN,"[280, 75, 314, 104]","[18, 75, 110, 104]",G4,images/schedule_0003_highlighted_grid.png
schedule_0003,highlighted_grid,S0003_R001,1,임유진,임,10,1015182,林|任,1999,female,병동,7,2026-01-07,A,A,"[314, 75, 348, 104]","[18, 75, 110, 104]",H4,images/schedule_0003_highlighted_grid.png
schedule_0003,highlighted_grid,S0003_R001,1,임유진,임,10,1015182,林|任,1999,female,병동,8,2026-01-08,D5,D5,"[348, 75, 382, 104]","[18, 75, 110, 104]",I4,images/schedule_0003_highlighted_grid.png
schedule_0003,highlighted_grid,S0003_R001,1,임유진,임,10,1015182,林|任,1999,female,병동,9,2026-01-09,CL,CL,"[382, 75, 416, 104]","[18, 75, 110, 104]",J4,images/schedule_0003_highlighted_grid.png
schedule_0003,highlighted_grid,S0003_R001,1,임유진,임,10,1015182,林|任,1999,female,병동,10,2026-01-10,EL,eL,"[416, 75, 450, 104]","[18, 75, 110, 104]",K4,images/schedule_0003_highlighted_grid.png
schedule_0003,highlighted_grid,S0003_R001,1,임유진,임,10,1015182,林|任,1999,female,병동,11,2026-01-11,N12,N12,"[450, 75, 484, 104]","[18, 75, 110, 104]",L4,images/schedule_0003_highlighted_grid.png
schedule_0003,highlighted_grid,S0003_R001,1,임유진,임,10,1015182,林|任,1999,female,병동,12,2026-01-12,노조휴가,노조휴가,"[484, 75, 518, 104]","[18, 75, 110, 104]",M4,images/schedule_0003_highlighted_grid.png
schedule_0003,highlighted_grid,S0003_R001,1,임유진,임,10,1015182,林|任,1999,female,병동,13,2026-01-13,D12,D12,"[518, 75, 552, 104]","[18, 75, 110, 104]",N4,images/schedule_0003_highlighted_grid.png
schedule_0003,highlighted_grid,S0003_R001,1,임유진,임,10,1015182,林|任,1999,female,병동,14,2026-01-14,NA,nA,"[552, 75, 586, 104]","[18, 75, 110, 104]",O4,images/schedule_0003_highlighted_grid.png
schedule_0003,highlighted_grid,S0003_R001,1,임유진,임,10,1015182,林|任,1999,female,병동,15,2026-01-15,특별휴가,특별휴가,"[586, 75, 620, 104]","[18, 75, 110, 104]",P4,images/schedule_0003_highlighted_grid.png
schedule_0003,highlighted_grid,S0003_R001,1,임유진,임,10,1015182,林|任,1999,female,병동,16,2026-01-16,D/E,d/E,"[620, 75, 654, 104]","[18, 75, 110, 104]",Q4,images/schedule_0003_highlighted_grid.png
schedule_0003,highlighted_grid,S0003_R001,1,임유진,임,10,1015182,林|任,1999,female,병동,17,2026-01-17,MD,MD,"[654, 75, 688, 104]","[18, 75, 110, 104]",R4,images/schedule_0003_highlighted_grid.png
schedule_0003,highlighted_grid,S0003_R001,1,임유진,임,10,1015182,林|任,1999,female,병동,18,2026-01-18,-,-,"[688, 75, 722, 104]","[18, 75, 110, 104]",S4,images/schedule_0003_highlighted_grid.png
schedule_0003,highlighted_grid,S0003_R001,1,임유진,임,10,1015182,林|任,1999,female,병동,19,2026-01-19,Off,Off,"[722, 75, 756, 104]","[18, 75, 110, 104]",T4,images/schedule_0003_highlighted_grid.png
schedule_0003,highlighted_grid,S0003_R001,1,임유진,임,10,1015182,林|任,1999,female,병동,20,2026-01-20,OFF,OFF,"[756, 75, 790, 104]","[18, 75, 110, 104]",U4,images/schedule_0003_highlighted_grid.png
schedule_0003,highlighted_grid,S0003_R001,1,임유진,임,10,1015182,林|任,1999,female,병동,21,2026-01-21,N,N,"[790, 75, 824, 104]","[18, 75, 110, 104]",V4,images/schedule_0003_highlighted_grid.png
schedule_0003,highlighted_grid,S0003_R001,1,임유진,임,10,1015182,林|任,1999,female,병동,22,2026-01-22,D,d,"[824, 75, 858, 104]","[18, 75, 110, 104]",W4,images/schedule_0003_highlighted_grid.png
schedule_0003,highlighted_grid,S0003_R001,1,임유진,임,10,1015182,林|任,1999,female,병동,23,2026-01-23,D,D,"[858, 75, 892, 104]","[18, 75, 110, 104]",X4,images/schedule_0003_highlighted_grid.png
schedule_0003,highlighted_grid,S0003_R001,1,임유진,임,10,1015182,林|任,1999,female,병동,24,2026-01-24,SD,SD,"[892, 75, 926, 104]","[18, 75, 110, 104]",Y4,images/schedule_0003_highlighted_grid.png
schedule_0003,highlighted_grid,S0003_R001,1,임유진,임,10,1015182,林|任,1999,female,병동,25,2026-01-25,보건,보건,"[926, 75, 960, 104]","[18, 75, 110, 104]",Z4,images/schedule_0003_highlighted_grid.png
schedule_0003,highlighted_grid,S0003_R001,1,임유진,임,10,1015182,林|任,1999,female,병동,26,2026-01-26,NB,nb,"[960, 75, 994, 104]","[18, 75, 110, 104]",AA4,images/schedule_0003_highlighted_grid.png
schedule_0003,highlighted_grid,S0003_R001,1,임유진,임,10,1015182,林|任,1999,female,병동,27,2026-01-27,NB,NB,"[994, 75, 1028, 104]","[18, 75, 110, 104]",AB4,images/schedule_0003_highlighted_grid.png
schedule_0003,highlighted_grid,S0003_R001,1,임유진,임,10,1015182,林|任,1999,female,병동,28,2026-01-28,O,O,"[1028, 75, 1062, 104]","[18, 75, 110, 104]",AC4,images/schedule_0003_highlighted_grid.png
schedule_0003,highlighted_grid,S0003_R001,1,임유진,임,10,1015182,林|任,1999,female,병동,29,2026-01-29,MID,MID,"[1062, 75, 1096, 104]","[18, 75, 110, 104]",AD4,images/schedule_0003_highlighted_grid.png
schedule_0003,highlighted_grid,S0003_R001,1,임유진,임,10,1015182,林|任,1999,female,병동,30,2026-01-30,PACU,pacU,"[1096, 75, 1130, 104]","[18, 75, 110, 104]",AE4,images/schedule_0003_highlighted_grid.png
schedule_0003,highlighted_grid,S0003_R001,1,임유진,임,10,1015182,林|任,1999,female,병동,31,2026-01-31,DN,dN,"[1130, 75, 1164, 104]","[18, 75, 110, 104]",AF4,images/schedule_0003_highlighted_grid.png
schedule_0003,highlighted_grid,S0003_R002,2,김혜진,김,1,10689959,金,1991,female,병동,1,2026-01-01,교육,교육,"[110, 104, 144, 133]","[18, 104, 110, 133]",B5,images/schedule_0003_highlighted_grid.png
schedule_0003,highlighted_grid,S0003_R002,2,김혜진,김,1,10689959,金,1991,female,병동,2,2026-01-02,NO,NO,"[144, 104, 178, 133]","[18, 104, 110, 133]",C5,images/schedule_0003_highlighted_grid.png
schedule_0003,highlighted_grid,S0003_R002,2,김혜진,김,1,10689959,金,1991,female,병동,3,2026-01-03,ADO,ado,"[178, 104, 212, 133]","[18, 104, 110, 133]",D5,images/schedule_0003_highlighted_grid.png
schedule_0003,highlighted_grid,S0003_R002,2,김혜진,김,1,10689959,金,1991,female,병동,4,2026-01-04,S,S,"[212, 104, 246, 133]","[18, 104, 110, 133]",E5,images/schedule_0003_highlighted_grid.png
schedule_0003,highlighted_grid,S0003_R002,2,김혜진,김,1,10689959,金,1991,female,병동,5,2026-01-05,N,N,"[246, 104, 280, 133]","[18, 104, 110, 133]",F5,images/schedule_0003_highlighted_grid.png
schedule_0003,highlighted_grid,S0003_R002,2,김혜진,김,1,10689959,金,1991,female,병동,6,2026-01-06,F,f,"[280, 104, 314, 133]","[18, 104, 110, 133]",G5,images/schedule_0003_highlighted_grid.png
schedule_0003,highlighted_grid,S0003_R002,2,김혜진,김,1,10689959,金,1991,female,병동,7,2026-01-07,D,d,"[314, 104, 348, 133]","[18, 104, 110, 133]",H5,images/schedule_0003_highlighted_grid.png
schedule_0003,highlighted_grid,S0003_R002,2,김혜진,김,1,10689959,金,1991,female,병동,8,2026-01-08,OFF,OFF,"[348, 104, 382, 133]","[18, 104, 110, 133]",I5,images/schedule_0003_highlighted_grid.png
schedule_0003,highlighted_grid,S0003_R002,2,김혜진,김,1,10689959,金,1991,female,병동,9,2026-01-09,PM,PM,"[382, 104, 416, 133]","[18, 104, 110, 133]",J5,images/schedule_0003_highlighted_grid.png
schedule_0003,highlighted_grid,S0003_R002,2,김혜진,김,1,10689959,金,1991,female,병동,10,2026-01-10,O,o,"[416, 104, 450, 133]","[18, 104, 110, 133]",K5,images/schedule_0003_highlighted_grid.png
schedule_0003,highlighted_grid,S0003_R002,2,김혜진,김,1,10689959,金,1991,female,병동,11,2026-01-11,DB,DB,"[450, 104, 484, 133]","[18, 104, 110, 133]",L5,images/schedule_0003_highlighted_grid.png
schedule_0003,highlighted_grid,S0003_R002,2,김혜진,김,1,10689959,金,1991,female,병동,12,2026-01-12,-,-,"[484, 104, 518, 133]","[18, 104, 110, 133]",M5,images/schedule_0003_highlighted_grid.png
schedule_0003,highlighted_grid,S0003_R002,2,김혜진,김,1,10689959,金,1991,female,병동,13,2026-01-13,MD,MD,"[518, 104, 552, 133]","[18, 104, 110, 133]",N5,images/schedule_0003_highlighted_grid.png
schedule_0003,highlighted_grid,S0003_R002,2,김혜진,김,1,10689959,金,1991,female,병동,14,2026-01-14,DN,DN,"[552, 104, 586, 133]","[18, 104, 110, 133]",O5,images/schedule_0003_highlighted_grid.png
schedule_0003,highlighted_grid,S0003_R002,2,김혜진,김,1,10689959,金,1991,female,병동,15,2026-01-15,SEM,seM,"[586, 104, 620, 133]","[18, 104, 110, 133]",P5,images/schedule_0003_highlighted_grid.png
schedule_0003,highlighted_grid,S0003_R002,2,김혜진,김,1,10689959,金,1991,female,병동,16,2026-01-16,S,S,"[620, 104, 654, 133]","[18, 104, 110, 133]",Q5,images/schedule_0003_highlighted_grid.png
schedule_0003,highlighted_grid,S0003_R002,2,김혜진,김,1,10689959,金,1991,female,병동,17,2026-01-17,A,A,"[654, 104, 688, 133]","[18, 104, 110, 133]",R5,images/schedule_0003_highlighted_grid.png
schedule_0003,highlighted_grid,S0003_R002,2,김혜진,김,1,10689959,金,1991,female,병동,18,2026-01-18,PM,PM,"[688, 104, 722, 133]","[18, 104, 110, 133]",S5,images/schedule_0003_highlighted_grid.png
schedule_0003,highlighted_grid,S0003_R002,2,김혜진,김,1,10689959,金,1991,female,병동,19,2026-01-19,노조,노조,"[722, 104, 756, 133]","[18, 104, 110, 133]",T5,images/schedule_0003_highlighted_grid.png
schedule_0003,highlighted_grid,S0003_R002,2,김혜진,김,1,10689959,金,1991,female,병동,20,2026-01-20,DE,De,"[756, 104, 790, 133]","[18, 104, 110, 133]",U5,images/schedule_0003_highlighted_grid.png
schedule_0003,highlighted_grid,S0003_R002,2,김혜진,김,1,10689959,金,1991,female,병동,21,2026-01-21,STL,STL,"[790, 104, 824, 133]","[18, 104, 110, 133]",V5,images/schedule_0003_highlighted_grid.png
schedule_0003,highlighted_grid,S0003_R002,2,김혜진,김,1,10689959,金,1991,female,병동,22,2026-01-22,N12,n12,"[824, 104, 858, 133]","[18, 104, 110, 133]",W5,images/schedule_0003_highlighted_grid.png
schedule_0003,highlighted_grid,S0003_R002,2,김혜진,김,1,10689959,金,1991,female,병동,23,2026-01-23,UN,UN,"[858, 104, 892, 133]","[18, 104, 110, 133]",X5,images/schedule_0003_highlighted_grid.png
schedule_0003,highlighted_grid,S0003_R002,2,김혜진,김,1,10689959,金,1991,female,병동,24,2026-01-24,-,-,"[892, 104, 926, 133]","[18, 104, 110, 133]",Y5,images/schedule_0003_highlighted_grid.png
schedule_0003,highlighted_grid,S0003_R002,2,김혜진,김,1,10689959,金,1991,female,병동,25,2026-01-25,DE,De,"[926, 104, 960, 133]","[18, 104, 110, 133]",Z5,images/schedule_0003_highlighted_grid.png
schedule_0003,highlighted_grid,S0003_R002,2,김혜진,김,1,10689959,金,1991,female,병동,26,2026-01-26,D,D,"[960, 104, 994, 133]","[18, 104, 110, 133]",AA5,images/schedule_0003_highlighted_grid.png
schedule_0003,highlighted_grid,S0003_R002,2,김혜진,김,1,10689959,金,1991,female,병동,27,2026-01-27,ONC,ONC,"[994, 104, 1028, 133]","[18, 104, 110, 133]",AB5,images/schedule_0003_highlighted_grid.png
schedule_0003,highlighted_grid,S0003_R002,2,김혜진,김,1,10689959,金,1991,female,병동,28,2026-01-28,D12,D12,"[1028, 104, 1062, 133]","[18, 104, 110, 133]",AC5,images/schedule_0003_highlighted_grid.png
schedule_0003,highlighted_grid,S0003_R002,2,김혜진,김,1,10689959,金,1991,female,병동,29,2026-01-29,WO,wO,"[1062, 104, 1096, 133]","[18, 104, 110, 133]",AD5,images/schedule_0003_highlighted_grid.png
schedule_0003,highlighted_grid,S0003_R002,2,김혜진,김,1,10689959,金,1991,female,병동,30,2026-01-30,PM,PM,"[1096, 104, 1130, 133]","[18, 104, 110, 133]",AE5,images/schedule_0003_highlighted_grid.png
schedule_0003,highlighted_grid,S0003_R002,2,김혜진,김,1,10689959,金,1991,female,병동,31,2026-01-31,AM,AM,"[1130, 104, 1164, 133]","[18, 104, 110, 133]",AF5,images/schedule_0003_highlighted_grid.png
schedule_0003,highlighted_grid,S0003_R003,3,한현우,한,11,773404,韓,1995,male,병동,1,2026-01-01,SB,SB,"[110, 133, 144, 162]","[18, 133, 110, 162]",B6,images/schedule_0003_highlighted_grid.png
schedule_0003,highlighted_grid,S0003_R003,3,한현우,한,11,773404,韓,1995,male,병동,2,2026-01-02,Off,off,"[144, 133, 178, 162]","[18, 133, 110, 162]",C6,images/schedule_0003_highlighted_grid.png
schedule_0003,highlighted_grid,S0003_R003,3,한현우,한,11,773404,韓,1995,male,병동,3,2026-01-03,D,D,"[178, 133, 212, 162]","[18, 133, 110, 162]",D6,images/schedule_0003_highlighted_grid.png
schedule_0003,highlighted_grid,S0003_R003,3,한현우,한,11,773404,韓,1995,male,병동,4,2026-01-04,S,S,"[212, 133, 246, 162]","[18, 133, 110, 162]",E6,images/schedule_0003_highlighted_grid.png
schedule_0003,highlighted_grid,S0003_R003,3,한현우,한,11,773404,韓,1995,male,병동,5,2026-01-05,AM,am,"[246, 133, 280, 162]","[18, 133, 110, 162]",F6,images/schedule_0003_highlighted_grid.png
schedule_0003,highlighted_grid,S0003_R003,3,한현우,한,11,773404,韓,1995,male,병동,6,2026-01-06,VAC,VAC,"[280, 133, 314, 162]","[18, 133, 110, 162]",G6,images/schedule_0003_highlighted_grid.png
schedule_0003,highlighted_grid,S0003_R003,3,한현우,한,11,773404,韓,1995,male,병동,7,2026-01-07,off,oFF,"[314, 133, 348, 162]","[18, 133, 110, 162]",H6,images/schedule_0003_highlighted_grid.png
schedule_0003,highlighted_grid,S0003_R003,3,한현우,한,11,773404,韓,1995,male,병동,8,2026-01-08,PM,Pm,"[348, 133, 382, 162]","[18, 133, 110, 162]",I6,images/schedule_0003_highlighted_grid.png
schedule_0003,highlighted_grid,S0003_R003,3,한현우,한,11,773404,韓,1995,male,병동,9,2026-01-09,경,경,"[382, 133, 416, 162]","[18, 133, 110, 162]",J6,images/schedule_0003_highlighted_grid.png
schedule_0003,highlighted_grid,S0003_R003,3,한현우,한,11,773404,韓,1995,male,병동,10,2026-01-10,RO,rO,"[416, 133, 450, 162]","[18, 133, 110, 162]",K6,images/schedule_0003_highlighted_grid.png
schedule_0003,highlighted_grid,S0003_R003,3,한현우,한,11,773404,韓,1995,male,병동,11,2026-01-11,NB,NB,"[450, 133, 484, 162]","[18, 133, 110, 162]",L6,images/schedule_0003_highlighted_grid.png
schedule_0003,highlighted_grid,S0003_R003,3,한현우,한,11,773404,韓,1995,male,병동,12,2026-01-12,D5,D5,"[484, 133, 518, 162]","[18, 133, 110, 162]",M6,images/schedule_0003_highlighted_grid.png
schedule_0003,highlighted_grid,S0003_R003,3,한현우,한,11,773404,韓,1995,male,병동,13,2026-01-13,병가,병가,"[518, 133, 552, 162]","[18, 133, 110, 162]",N6,images/schedule_0003_highlighted_grid.png
schedule_0003,highlighted_grid,S0003_R003,3,한현우,한,11,773404,韓,1995,male,병동,14,2026-01-14,M,M,"[552, 133, 586, 162]","[18, 133, 110, 162]",O6,images/schedule_0003_highlighted_grid.png
schedule_0003,highlighted_grid,S0003_R003,3,한현우,한,11,773404,韓,1995,male,병동,15,2026-01-15,M,m,"[586, 133, 620, 162]","[18, 133, 110, 162]",P6,images/schedule_0003_highlighted_grid.png
schedule_0003,highlighted_grid,S0003_R003,3,한현우,한,11,773404,韓,1995,male,병동,16,2026-01-16,N,N,"[620, 133, 654, 162]","[18, 133, 110, 162]",Q6,images/schedule_0003_highlighted_grid.png
schedule_0003,highlighted_grid,S0003_R003,3,한현우,한,11,773404,韓,1995,male,병동,17,2026-01-17,NO,NO,"[654, 133, 688, 162]","[18, 133, 110, 162]",R6,images/schedule_0003_highlighted_grid.png
schedule_0003,highlighted_grid,S0003_R003,3,한현우,한,11,773404,韓,1995,male,병동,18,2026-01-18,IC,IC,"[688, 133, 722, 162]","[18, 133, 110, 162]",S6,images/schedule_0003_highlighted_grid.png
schedule_0003,highlighted_grid,S0003_R003,3,한현우,한,11,773404,韓,1995,male,병동,19,2026-01-19,NA,na,"[722, 133, 756, 162]","[18, 133, 110, 162]",T6,images/schedule_0003_highlighted_grid.png
schedule_0003,highlighted_grid,S0003_R003,3,한현우,한,11,773404,韓,1995,male,병동,20,2026-01-20,M,m,"[756, 133, 790, 162]","[18, 133, 110, 162]",U6,images/schedule_0003_highlighted_grid.png
schedule_0003,highlighted_grid,S0003_R003,3,한현우,한,11,773404,韓,1995,male,병동,21,2026-01-21,ON,oN,"[790, 133, 824, 162]","[18, 133, 110, 162]",V6,images/schedule_0003_highlighted_grid.png
schedule_0003,highlighted_grid,S0003_R003,3,한현우,한,11,773404,韓,1995,male,병동,22,2026-01-22,MD,mD,"[824, 133, 858, 162]","[18, 133, 110, 162]",W6,images/schedule_0003_highlighted_grid.png
schedule_0003,highlighted_grid,S0003_R003,3,한현우,한,11,773404,韓,1995,male,병동,23,2026-01-23,H,H,"[858, 133, 892, 162]","[18, 133, 110, 162]",X6,images/schedule_0003_highlighted_grid.png
schedule_0003,highlighted_grid,S0003_R003,3,한현우,한,11,773404,韓,1995,male,병동,24,2026-01-24,반차,반차,"[892, 133, 926, 162]","[18, 133, 110, 162]",Y6,images/schedule_0003_highlighted_grid.png
schedule_0003,highlighted_grid,S0003_R003,3,한현우,한,11,773404,韓,1995,male,병동,25,2026-01-25,CONF,CONF,"[926, 133, 960, 162]","[18, 133, 110, 162]",Z6,images/schedule_0003_highlighted_grid.png
schedule_0003,highlighted_grid,S0003_R003,3,한현우,한,11,773404,韓,1995,male,병동,26,2026-01-26,P,P,"[960, 133, 994, 162]","[18, 133, 110, 162]",AA6,images/schedule_0003_highlighted_grid.png
schedule_0003,highlighted_grid,S0003_R003,3,한현우,한,11,773404,韓,1995,male,병동,27,2026-01-27,M,M,"[994, 133, 1028, 162]","[18, 133, 110, 162]",AB6,images/schedule_0003_highlighted_grid.png
schedule_0003,highlighted_grid,S0003_R003,3,한현우,한,11,773404,韓,1995,male,병동,28,2026-01-28,OH,OH,"[1028, 133, 1062, 162]","[18, 133, 110, 162]",AC6,images/schedule_0003_highlighted_grid.png
schedule_0003,highlighted_grid,S0003_R003,3,한현우,한,11,773404,韓,1995,male,병동,29,2026-01-29,D5,d5,"[1062, 133, 1096, 162]","[18, 133, 110, 162]",AD6,images/schedule_0003_highlighted_grid.png
schedule_0003,highlighted_grid,S0003_R003,3,한현우,한,11,773404,韓,1995,male,병동,30,2026-01-30,AMH,AMH,"[1096, 133, 1130, 162]","[18, 133, 110, 162]",AE6,images/schedule_0003_highlighted_grid.png
schedule_0003,highlighted_grid,S0003_R003,3,한현우,한,11,773404,韓,1995,male,병동,31,2026-01-31,P,P,"[1130, 133, 1164, 162]","[18, 133, 110, 162]",AF6,images/schedule_0003_highlighted_grid.png
schedule_0003,highlighted_grid,S0003_R004,4,박소영,박,3,4192074,朴,1984,female,병동,1,2026-01-01,S,S,"[110, 162, 144, 191]","[18, 162, 110, 191]",B7,images/schedule_0003_highlighted_grid.png
schedule_0003,highlighted_grid,S0003_R004,4,박소영,박,3,4192074,朴,1984,female,병동,2,2026-01-02,WO,WO,"[144, 162, 178, 191]","[18, 162, 110, 191]",C7,images/schedule_0003_highlighted_grid.png
schedule_0003,highlighted_grid,S0003_R004,4,박소영,박,3,4192074,朴,1984,female,병동,3,2026-01-03,MD,MD,"[178, 162, 212, 191]","[18, 162, 110, 191]",D7,images/schedule_0003_highlighted_grid.png
schedule_0003,highlighted_grid,S0003_R004,4,박소영,박,3,4192074,朴,1984,female,병동,4,2026-01-04,DE,De,"[212, 162, 246, 191]","[18, 162, 110, 191]",E7,images/schedule_0003_highlighted_grid.png
schedule_0003,highlighted_grid,S0003_R004,4,박소영,박,3,4192074,朴,1984,female,병동,5,2026-01-05,D12,D12,"[246, 162, 280, 191]","[18, 162, 110, 191]",F7,images/schedule_0003_highlighted_grid.png
schedule_0003,highlighted_grid,S0003_R004,4,박소영,박,3,4192074,朴,1984,female,병동,6,2026-01-06,BDO,BDO,"[280, 162, 314, 191]","[18, 162, 110, 191]",G7,images/schedule_0003_highlighted_grid.png
schedule_0003,highlighted_grid,S0003_R004,4,박소영,박,3,4192074,朴,1984,female,병동,7,2026-01-07,MD,Md,"[314, 162, 348, 191]","[18, 162, 110, 191]",H7,images/schedule_0003_highlighted_grid.png
schedule_0003,highlighted_grid,S0003_R004,4,박소영,박,3,4192074,朴,1984,female,병동,8,2026-01-08,보,보,"[348, 162, 382, 191]","[18, 162, 110, 191]",I7,images/schedule_0003_highlighted_grid.png
schedule_0003,highlighted_grid,S0003_R004,4,박소영,박,3,4192074,朴,1984,female,병동,9,2026-01-09,A,a,"[382, 162, 416, 191]","[18, 162, 110, 191]",J7,images/schedule_0003_highlighted_grid.png
schedule_0003,highlighted_grid,S0003_R004,4,박소영,박,3,4192074,朴,1984,female,병동,10,2026-01-10,N,n,"[416, 162, 450, 191]","[18, 162, 110, 191]",K7,images/schedule_0003_highlighted_grid.png
schedule_0003,highlighted_grid,S0003_R004,4,박소영,박,3,4192074,朴,1984,female,병동,11,2026-01-11,N,N,"[450, 162, 484, 191]","[18, 162, 110, 191]",L7,images/schedule_0003_highlighted_grid.png
schedule_0003,highlighted_grid,S0003_R004,4,박소영,박,3,4192074,朴,1984,female,병동,12,2026-01-12,OFF,OfF,"[484, 162, 518, 191]","[18, 162, 110, 191]",M7,images/schedule_0003_highlighted_grid.png
schedule_0003,highlighted_grid,S0003_R004,4,박소영,박,3,4192074,朴,1984,female,병동,13,2026-01-13,D,d,"[518, 162, 552, 191]","[18, 162, 110, 191]",N7,images/schedule_0003_highlighted_grid.png
schedule_0003,highlighted_grid,S0003_R004,4,박소영,박,3,4192074,朴,1984,female,병동,14,2026-01-14,E,E,"[552, 162, 586, 191]","[18, 162, 110, 191]",O7,images/schedule_0003_highlighted_grid.png
schedule_0003,highlighted_grid,S0003_R004,4,박소영,박,3,4192074,朴,1984,female,병동,15,2026-01-15,C,c,"[586, 162, 620, 191]","[18, 162, 110, 191]",P7,images/schedule_0003_highlighted_grid.png
schedule_0003,highlighted_grid,S0003_R004,4,박소영,박,3,4192074,朴,1984,female,병동,16,2026-01-16,D12,D12,"[620, 162, 654, 191]","[18, 162, 110, 191]",Q7,images/schedule_0003_highlighted_grid.png
schedule_0003,highlighted_grid,S0003_R004,4,박소영,박,3,4192074,朴,1984,female,병동,17,2026-01-17,ADO,ADO,"[654, 162, 688, 191]","[18, 162, 110, 191]",R7,images/schedule_0003_highlighted_grid.png
schedule_0003,highlighted_grid,S0003_R004,4,박소영,박,3,4192074,朴,1984,female,병동,18,2026-01-18,DE,DE,"[688, 162, 722, 191]","[18, 162, 110, 191]",S7,images/schedule_0003_highlighted_grid.png
schedule_0003,highlighted_grid,S0003_R004,4,박소영,박,3,4192074,朴,1984,female,병동,19,2026-01-19,off,oFf,"[722, 162, 756, 191]","[18, 162, 110, 191]",T7,images/schedule_0003_highlighted_grid.png
schedule_0003,highlighted_grid,S0003_R004,4,박소영,박,3,4192074,朴,1984,female,병동,20,2026-01-20,O,O,"[756, 162, 790, 191]","[18, 162, 110, 191]",U7,images/schedule_0003_highlighted_grid.png
schedule_0003,highlighted_grid,S0003_R004,4,박소영,박,3,4192074,朴,1984,female,병동,21,2026-01-21,N,N,"[790, 162, 824, 191]","[18, 162, 110, 191]",V7,images/schedule_0003_highlighted_grid.png
schedule_0003,highlighted_grid,S0003_R004,4,박소영,박,3,4192074,朴,1984,female,병동,22,2026-01-22,OFF,OFf,"[824, 162, 858, 191]","[18, 162, 110, 191]",W7,images/schedule_0003_highlighted_grid.png
schedule_0003,highlighted_grid,S0003_R004,4,박소영,박,3,4192074,朴,1984,female,병동,23,2026-01-23,DL,Dl,"[858, 162, 892, 191]","[18, 162, 110, 191]",X7,images/schedule_0003_highlighted_grid.png
schedule_0003,highlighted_grid,S0003_R004,4,박소영,박,3,4192074,朴,1984,female,병동,24,2026-01-24,N,N,"[892, 162, 926, 191]","[18, 162, 110, 191]",Y7,images/schedule_0003_highlighted_grid.png
schedule_0003,highlighted_grid,S0003_R004,4,박소영,박,3,4192074,朴,1984,female,병동,25,2026-01-25,NO,NO,"[926, 162, 960, 191]","[18, 162, 110, 191]",Z7,images/schedule_0003_highlighted_grid.png
schedule_0003,highlighted_grid,S0003_R004,4,박소영,박,3,4192074,朴,1984,female,병동,26,2026-01-26,IH,IH,"[960, 162, 994, 191]","[18, 162, 110, 191]",AA7,images/schedule_0003_highlighted_grid.png
schedule_0003,highlighted_grid,S0003_R004,4,박소영,박,3,4192074,朴,1984,female,병동,27,2026-01-27,O,O,"[994, 162, 1028, 191]","[18, 162, 110, 191]",AB7,images/schedule_0003_highlighted_grid.png
schedule_0003,highlighted_grid,S0003_R004,4,박소영,박,3,4192074,朴,1984,female,병동,28,2026-01-28,N,n,"[1028, 162, 1062, 191]","[18, 162, 110, 191]",AC7,images/schedule_0003_highlighted_grid.png
schedule_0003,highlighted_grid,S0003_R004,4,박소영,박,3,4192074,朴,1984,female,병동,29,2026-01-29,N,N,"[1062, 162, 1096, 191]","[18, 162, 110, 191]",AD7,images/schedule_0003_highlighted_grid.png
schedule_0003,highlighted_grid,S0003_R004,4,박소영,박,3,4192074,朴,1984,female,병동,30,2026-01-30,OFF,OFF,"[1096, 162, 1130, 191]","[18, 162, 110, 191]",AE7,images/schedule_0003_highlighted_grid.png
schedule_0003,highlighted_grid,S0003_R004,4,박소영,박,3,4192074,朴,1984,female,병동,31,2026-01-31,OFF,OFF,"[1130, 162, 1164, 191]","[18, 162, 110, 191]",AF7,images/schedule_0003_highlighted_grid.png
schedule_0003,highlighted_grid,S0003_R005,5,김미경,김,1,10689959,金,1966,female,병동,1,2026-01-01,SD,sd,"[110, 191, 144, 220]","[18, 191, 110, 220]",B8,images/schedule_0003_highlighted_grid.png
schedule_0003,highlighted_grid,S0003_R005,5,김미경,김,1,10689959,金,1966,female,병동,2,2026-01-02,OH,oH,"[144, 191, 178, 220]","[18, 191, 110, 220]",C8,images/schedule_0003_highlighted_grid.png
schedule_0003,highlighted_grid,S0003_R005,5,김미경,김,1,10689959,金,1966,female,병동,3,2026-01-03,WO,WO,"[178, 191, 212, 220]","[18, 191, 110, 220]",D8,images/schedule_0003_highlighted_grid.png
schedule_0003,highlighted_grid,S0003_R005,5,김미경,김,1,10689959,金,1966,female,병동,4,2026-01-04,공,공,"[212, 191, 246, 220]","[18, 191, 110, 220]",E8,images/schedule_0003_highlighted_grid.png
schedule_0003,highlighted_grid,S0003_R005,5,김미경,김,1,10689959,金,1966,female,병동,5,2026-01-05,PO,PO,"[246, 191, 280, 220]","[18, 191, 110, 220]",F8,images/schedule_0003_highlighted_grid.png
schedule_0003,highlighted_grid,S0003_R005,5,김미경,김,1,10689959,金,1966,female,병동,6,2026-01-06,LD,LD,"[280, 191, 314, 220]","[18, 191, 110, 220]",G8,images/schedule_0003_highlighted_grid.png
schedule_0003,highlighted_grid,S0003_R005,5,김미경,김,1,10689959,金,1966,female,병동,7,2026-01-07,E,E,"[314, 191, 348, 220]","[18, 191, 110, 220]",H8,images/schedule_0003_highlighted_grid.png
schedule_0003,highlighted_grid,S0003_R005,5,김미경,김,1,10689959,金,1966,female,병동,8,2026-01-08,SD,SD,"[348, 191, 382, 220]","[18, 191, 110, 220]",I8,images/schedule_0003_highlighted_grid.png
schedule_0003,highlighted_grid,S0003_R005,5,김미경,김,1,10689959,金,1966,female,병동,9,2026-01-09,N,N,"[382, 191, 416, 220]","[18, 191, 110, 220]",J8,images/schedule_0003_highlighted_grid.png
schedule_0003,highlighted_grid,S0003_R005,5,김미경,김,1,10689959,金,1966,female,병동,10,2026-01-10,OFF,OFF,"[416, 191, 450, 220]","[18, 191, 110, 220]",K8,images/schedule_0003_highlighted_grid.png
schedule_0003,highlighted_grid,S0003_R005,5,김미경,김,1,10689959,金,1966,female,병동,11,2026-01-11,OFF,off,"[450, 191, 484, 220]","[18, 191, 110, 220]",L8,images/schedule_0003_highlighted_grid.png
schedule_0003,highlighted_grid,S0003_R005,5,김미경,김,1,10689959,金,1966,female,병동,12,2026-01-12,OFF,OFF,"[484, 191, 518, 220]","[18, 191, 110, 220]",M8,images/schedule_0003_highlighted_grid.png
schedule_0003,highlighted_grid,S0003_R005,5,김미경,김,1,10689959,金,1966,female,병동,13,2026-01-13,E,E,"[518, 191, 552, 220]","[18, 191, 110, 220]",N8,images/schedule_0003_highlighted_grid.png
schedule_0003,highlighted_grid,S0003_R005,5,김미경,김,1,10689959,金,1966,female,병동,14,2026-01-14,O,O,"[552, 191, 586, 220]","[18, 191, 110, 220]",O8,images/schedule_0003_highlighted_grid.png
schedule_0003,highlighted_grid,S0003_R005,5,김미경,김,1,10689959,金,1966,female,병동,15,2026-01-15,E,E,"[586, 191, 620, 220]","[18, 191, 110, 220]",P8,images/schedule_0003_highlighted_grid.png
schedule_0003,highlighted_grid,S0003_R005,5,김미경,김,1,10689959,金,1966,female,병동,16,2026-01-16,PH,Ph,"[620, 191, 654, 220]","[18, 191, 110, 220]",Q8,images/schedule_0003_highlighted_grid.png
schedule_0003,highlighted_grid,S0003_R005,5,김미경,김,1,10689959,金,1966,female,병동,17,2026-01-17,ED,ED,"[654, 191, 688, 220]","[18, 191, 110, 220]",R8,images/schedule_0003_highlighted_grid.png
schedule_0003,highlighted_grid,S0003_R005,5,김미경,김,1,10689959,金,1966,female,병동,18,2026-01-18,P,P,"[688, 191, 722, 220]","[18, 191, 110, 220]",S8,images/schedule_0003_highlighted_grid.png
schedule_0003,highlighted_grid,S0003_R005,5,김미경,김,1,10689959,金,1966,female,병동,19,2026-01-19,LD,LD,"[722, 191, 756, 220]","[18, 191, 110, 220]",T8,images/schedule_0003_highlighted_grid.png
schedule_0003,highlighted_grid,S0003_R005,5,김미경,김,1,10689959,金,1966,female,병동,20,2026-01-20,DH,DH,"[756, 191, 790, 220]","[18, 191, 110, 220]",U8,images/schedule_0003_highlighted_grid.png
schedule_0003,highlighted_grid,S0003_R005,5,김미경,김,1,10689959,金,1966,female,병동,21,2026-01-21,WS,WS,"[790, 191, 824, 220]","[18, 191, 110, 220]",V8,images/schedule_0003_highlighted_grid.png
schedule_0003,highlighted_grid,S0003_R005,5,김미경,김,1,10689959,金,1966,female,병동,22,2026-01-22,CL,CL,"[824, 191, 858, 220]","[18, 191, 110, 220]",W8,images/schedule_0003_highlighted_grid.png
schedule_0003,highlighted_grid,S0003_R005,5,김미경,김,1,10689959,金,1966,female,병동,23,2026-01-23,E,e,"[858, 191, 892, 220]","[18, 191, 110, 220]",X8,images/schedule_0003_highlighted_grid.png
schedule_0003,highlighted_grid,S0003_R005,5,김미경,김,1,10689959,金,1966,female,병동,24,2026-01-24,D12,D12,"[892, 191, 926, 220]","[18, 191, 110, 220]",Y8,images/schedule_0003_highlighted_grid.png
schedule_0003,highlighted_grid,S0003_R005,5,김미경,김,1,10689959,金,1966,female,병동,25,2026-01-25,D12,d12,"[926, 191, 960, 220]","[18, 191, 110, 220]",Z8,images/schedule_0003_highlighted_grid.png
schedule_0003,highlighted_grid,S0003_R005,5,김미경,김,1,10689959,金,1966,female,병동,26,2026-01-26,M,M,"[960, 191, 994, 220]","[18, 191, 110, 220]",AA8,images/schedule_0003_highlighted_grid.png
schedule_0003,highlighted_grid,S0003_R005,5,김미경,김,1,10689959,金,1966,female,병동,27,2026-01-27,D5,D5,"[994, 191, 1028, 220]","[18, 191, 110, 220]",AB8,images/schedule_0003_highlighted_grid.png
schedule_0003,highlighted_grid,S0003_R005,5,김미경,김,1,10689959,金,1966,female,병동,28,2026-01-28,O/C,o/C,"[1028, 191, 1062, 220]","[18, 191, 110, 220]",AC8,images/schedule_0003_highlighted_grid.png
schedule_0003,highlighted_grid,S0003_R005,5,김미경,김,1,10689959,金,1966,female,병동,29,2026-01-29,PO,Po,"[1062, 191, 1096, 220]","[18, 191, 110, 220]",AD8,images/schedule_0003_highlighted_grid.png
schedule_0003,highlighted_grid,S0003_R005,5,김미경,김,1,10689959,金,1966,female,병동,30,2026-01-30,DN,dn,"[1096, 191, 1130, 220]","[18, 191, 110, 220]",AE8,images/schedule_0003_highlighted_grid.png
schedule_0003,highlighted_grid,S0003_R005,5,김미경,김,1,10689959,金,1966,female,병동,31,2026-01-31,A,a,"[1130, 191, 1164, 220]","[18, 191, 110, 220]",AF8,images/schedule_0003_highlighted_grid.png
schedule_0003,highlighted_grid,S0003_R006,6,권수빈,권,15,705941,權,2002,female,병동,1,2026-01-01,M,m,"[110, 220, 144, 249]","[18, 220, 110, 249]",B9,images/schedule_0003_highlighted_grid.png
schedule_0003,highlighted_grid,S0003_R006,6,권수빈,권,15,705941,權,2002,female,병동,2,2026-01-02,NB,NB,"[144, 220, 178, 249]","[18, 220, 110, 249]",C9,images/schedule_0003_highlighted_grid.png
schedule_0003,highlighted_grid,S0003_R006,6,권수빈,권,15,705941,權,2002,female,병동,3,2026-01-03,TL,Tl,"[178, 220, 212, 249]","[18, 220, 110, 249]",D9,images/schedule_0003_highlighted_grid.png
schedule_0003,highlighted_grid,S0003_R006,6,권수빈,권,15,705941,權,2002,female,병동,4,2026-01-04,WO,WO,"[212, 220, 246, 249]","[18, 220, 110, 249]",E9,images/schedule_0003_highlighted_grid.png
schedule_0003,highlighted_grid,S0003_R006,6,권수빈,권,15,705941,權,2002,female,병동,5,2026-01-05,D12,d12,"[246, 220, 280, 249]","[18, 220, 110, 249]",F9,images/schedule_0003_highlighted_grid.png
schedule_0003,highlighted_grid,S0003_R006,6,권수빈,권,15,705941,權,2002,female,병동,6,2026-01-06,RO,RO,"[280, 220, 314, 249]","[18, 220, 110, 249]",G9,images/schedule_0003_highlighted_grid.png
schedule_0003,highlighted_grid,S0003_R006,6,권수빈,권,15,705941,權,2002,female,병동,7,2026-01-07,ON,ON,"[314, 220, 348, 249]","[18, 220, 110, 249]",H9,images/schedule_0003_highlighted_grid.png
schedule_0003,highlighted_grid,S0003_R006,6,권수빈,권,15,705941,權,2002,female,병동,8,2026-01-08,D5,D5,"[348, 220, 382, 249]","[18, 220, 110, 249]",I9,images/schedule_0003_highlighted_grid.png
schedule_0003,highlighted_grid,S0003_R006,6,권수빈,권,15,705941,權,2002,female,병동,9,2026-01-09,UPL,upl,"[382, 220, 416, 249]","[18, 220, 110, 249]",J9,images/schedule_0003_highlighted_grid.png
schedule_0003,highlighted_grid,S0003_R006,6,권수빈,권,15,705941,權,2002,female,병동,10,2026-01-10,SEM,SEM,"[416, 220, 450, 249]","[18, 220, 110, 249]",K9,images/schedule_0003_highlighted_grid.png
schedule_0003,highlighted_grid,S0003_R006,6,권수빈,권,15,705941,權,2002,female,병동,11,2026-01-11,MID,MID,"[450, 220, 484, 249]","[18, 220, 110, 249]",L9,images/schedule_0003_highlighted_grid.png
schedule_0003,highlighted_grid,S0003_R006,6,권수빈,권,15,705941,權,2002,female,병동,12,2026-01-12,A,A,"[484, 220, 518, 249]","[18, 220, 110, 249]",M9,images/schedule_0003_highlighted_grid.png
schedule_0003,highlighted_grid,S0003_R006,6,권수빈,권,15,705941,權,2002,female,병동,13,2026-01-13,PO,PO,"[518, 220, 552, 249]","[18, 220, 110, 249]",N9,images/schedule_0003_highlighted_grid.png
schedule_0003,highlighted_grid,S0003_R006,6,권수빈,권,15,705941,權,2002,female,병동,14,2026-01-14,MC,MC,"[552, 220, 586, 249]","[18, 220, 110, 249]",O9,images/schedule_0003_highlighted_grid.png
schedule_0003,highlighted_grid,S0003_R006,6,권수빈,권,15,705941,權,2002,female,병동,15,2026-01-15,P,P,"[586, 220, 620, 249]","[18, 220, 110, 249]",P9,images/schedule_0003_highlighted_grid.png
schedule_0003,highlighted_grid,S0003_R006,6,권수빈,권,15,705941,權,2002,female,병동,16,2026-01-16,LD,ld,"[620, 220, 654, 249]","[18, 220, 110, 249]",Q9,images/schedule_0003_highlighted_grid.png
schedule_0003,highlighted_grid,S0003_R006,6,권수빈,권,15,705941,權,2002,female,병동,17,2026-01-17,D,d,"[654, 220, 688, 249]","[18, 220, 110, 249]",R9,images/schedule_0003_highlighted_grid.png
schedule_0003,highlighted_grid,S0003_R006,6,권수빈,권,15,705941,權,2002,female,병동,18,2026-01-18,E,E,"[688, 220, 722, 249]","[18, 220, 110, 249]",S9,images/schedule_0003_highlighted_grid.png
schedule_0003,highlighted_grid,S0003_R006,6,권수빈,권,15,705941,權,2002,female,병동,19,2026-01-19,N,N,"[722, 220, 756, 249]","[18, 220, 110, 249]",T9,images/schedule_0003_highlighted_grid.png
schedule_0003,highlighted_grid,S0003_R006,6,권수빈,권,15,705941,權,2002,female,병동,20,2026-01-20,D,D,"[756, 220, 790, 249]","[18, 220, 110, 249]",U9,images/schedule_0003_highlighted_grid.png
schedule_0003,highlighted_grid,S0003_R006,6,권수빈,권,15,705941,權,2002,female,병동,21,2026-01-21,F,F,"[790, 220, 824, 249]","[18, 220, 110, 249]",V9,images/schedule_0003_highlighted_grid.png
schedule_0003,highlighted_grid,S0003_R006,6,권수빈,권,15,705941,權,2002,female,병동,22,2026-01-22,D,D,"[824, 220, 858, 249]","[18, 220, 110, 249]",W9,images/schedule_0003_highlighted_grid.png
schedule_0003,highlighted_grid,S0003_R006,6,권수빈,권,15,705941,權,2002,female,병동,23,2026-01-23,D,d,"[858, 220, 892, 249]","[18, 220, 110, 249]",X9,images/schedule_0003_highlighted_grid.png
schedule_0003,highlighted_grid,S0003_R006,6,권수빈,권,15,705941,權,2002,female,병동,24,2026-01-24,E,E,"[892, 220, 926, 249]","[18, 220, 110, 249]",Y9,images/schedule_0003_highlighted_grid.png
schedule_0003,highlighted_grid,S0003_R006,6,권수빈,권,15,705941,權,2002,female,병동,25,2026-01-25,MID,MID,"[926, 220, 960, 249]","[18, 220, 110, 249]",Z9,images/schedule_0003_highlighted_grid.png
schedule_0003,highlighted_grid,S0003_R006,6,권수빈,권,15,705941,權,2002,female,병동,26,2026-01-26,E,E,"[960, 220, 994, 249]","[18, 220, 110, 249]",AA9,images/schedule_0003_highlighted_grid.png
schedule_0003,highlighted_grid,S0003_R006,6,권수빈,권,15,705941,權,2002,female,병동,27,2026-01-27,F,F,"[994, 220, 1028, 249]","[18, 220, 110, 249]",AB9,images/schedule_0003_highlighted_grid.png
schedule_0003,highlighted_grid,S0003_R006,6,권수빈,권,15,705941,權,2002,female,병동,28,2026-01-28,D12,D12,"[1028, 220, 1062, 249]","[18, 220, 110, 249]",AC9,images/schedule_0003_highlighted_grid.png
schedule_0003,highlighted_grid,S0003_R006,6,권수빈,권,15,705941,權,2002,female,병동,29,2026-01-29,NA,na,"[1062, 220, 1096, 249]","[18, 220, 110, 249]",AD9,images/schedule_0003_highlighted_grid.png
schedule_0003,highlighted_grid,S0003_R006,6,권수빈,권,15,705941,權,2002,female,병동,30,2026-01-30,MID,mId,"[1096, 220, 1130, 249]","[18, 220, 110, 249]",AE9,images/schedule_0003_highlighted_grid.png
schedule_0003,highlighted_grid,S0003_R006,6,권수빈,권,15,705941,權,2002,female,병동,31,2026-01-31,PMH,pmH,"[1130, 220, 1164, 249]","[18, 220, 110, 249]",AF9,images/schedule_0003_highlighted_grid.png
schedule_0003,highlighted_grid,S0003_R007,7,김예준,김,1,10689959,金,2006,male,병동,1,2026-01-01,DB,DB,"[110, 249, 144, 278]","[18, 249, 110, 278]",B10,images/schedule_0003_highlighted_grid.png
schedule_0003,highlighted_grid,S0003_R007,7,김예준,김,1,10689959,金,2006,male,병동,2,2026-01-02,H,h,"[144, 249, 178, 278]","[18, 249, 110, 278]",C10,images/schedule_0003_highlighted_grid.png
schedule_0003,highlighted_grid,S0003_R007,7,김예준,김,1,10689959,金,2006,male,병동,3,2026-01-03,D,D,"[178, 249, 212, 278]","[18, 249, 110, 278]",D10,images/schedule_0003_highlighted_grid.png
schedule_0003,highlighted_grid,S0003_R007,7,김예준,김,1,10689959,金,2006,male,병동,4,2026-01-04,E,E,"[212, 249, 246, 278]","[18, 249, 110, 278]",E10,images/schedule_0003_highlighted_grid.png
schedule_0003,highlighted_grid,S0003_R007,7,김예준,김,1,10689959,金,2006,male,병동,5,2026-01-05,OFF,off,"[246, 249, 280, 278]","[18, 249, 110, 278]",F10,images/schedule_0003_highlighted_grid.png
schedule_0003,highlighted_grid,S0003_R007,7,김예준,김,1,10689959,金,2006,male,병동,6,2026-01-06,E,E,"[280, 249, 314, 278]","[18, 249, 110, 278]",G10,images/schedule_0003_highlighted_grid.png
schedule_0003,highlighted_grid,S0003_R007,7,김예준,김,1,10689959,金,2006,male,병동,7,2026-01-07,HELP,help,"[314, 249, 348, 278]","[18, 249, 110, 278]",H10,images/schedule_0003_highlighted_grid.png
schedule_0003,highlighted_grid,S0003_R007,7,김예준,김,1,10689959,金,2006,male,병동,8,2026-01-08,MID,MID,"[348, 249, 382, 278]","[18, 249, 110, 278]",I10,images/schedule_0003_highlighted_grid.png
schedule_0003,highlighted_grid,S0003_R007,7,김예준,김,1,10689959,金,2006,male,병동,9,2026-01-09,MID,MId,"[382, 249, 416, 278]","[18, 249, 110, 278]",J10,images/schedule_0003_highlighted_grid.png
schedule_0003,highlighted_grid,S0003_R007,7,김예준,김,1,10689959,金,2006,male,병동,10,2026-01-10,MID,MID,"[416, 249, 450, 278]","[18, 249, 110, 278]",K10,images/schedule_0003_highlighted_grid.png
schedule_0003,highlighted_grid,S0003_R007,7,김예준,김,1,10689959,金,2006,male,병동,11,2026-01-11,N,N,"[450, 249, 484, 278]","[18, 249, 110, 278]",L10,images/schedule_0003_highlighted_grid.png
schedule_0003,highlighted_grid,S0003_R007,7,김예준,김,1,10689959,金,2006,male,병동,12,2026-01-12,N,N,"[484, 249, 518, 278]","[18, 249, 110, 278]",M10,images/schedule_0003_highlighted_grid.png
schedule_0003,highlighted_grid,S0003_R007,7,김예준,김,1,10689959,金,2006,male,병동,13,2026-01-13,NO,NO,"[518, 249, 552, 278]","[18, 249, 110, 278]",N10,images/schedule_0003_highlighted_grid.png
schedule_0003,highlighted_grid,S0003_R007,7,김예준,김,1,10689959,金,2006,male,병동,14,2026-01-14,MID,MID,"[552, 249, 586, 278]","[18, 249, 110, 278]",O10,images/schedule_0003_highlighted_grid.png
schedule_0003,highlighted_grid,S0003_R007,7,김예준,김,1,10689959,金,2006,male,병동,15,2026-01-15,TOIL,TOIL,"[586, 249, 620, 278]","[18, 249, 110, 278]",P10,images/schedule_0003_highlighted_grid.png
schedule_0003,highlighted_grid,S0003_R007,7,김예준,김,1,10689959,金,2006,male,병동,16,2026-01-16,—,—,"[620, 249, 654, 278]","[18, 249, 110, 278]",Q10,images/schedule_0003_highlighted_grid.png
schedule_0003,highlighted_grid,S0003_R007,7,김예준,김,1,10689959,金,2006,male,병동,17,2026-01-17,O,O,"[654, 249, 688, 278]","[18, 249, 110, 278]",R10,images/schedule_0003_highlighted_grid.png
schedule_0003,highlighted_grid,S0003_R007,7,김예준,김,1,10689959,金,2006,male,병동,18,2026-01-18,E,e,"[688, 249, 722, 278]","[18, 249, 110, 278]",S10,images/schedule_0003_highlighted_grid.png
schedule_0003,highlighted_grid,S0003_R007,7,김예준,김,1,10689959,金,2006,male,병동,19,2026-01-19,E,E,"[722, 249, 756, 278]","[18, 249, 110, 278]",T10,images/schedule_0003_highlighted_grid.png
schedule_0003,highlighted_grid,S0003_R007,7,김예준,김,1,10689959,金,2006,male,병동,20,2026-01-20,O,O,"[756, 249, 790, 278]","[18, 249, 110, 278]",U10,images/schedule_0003_highlighted_grid.png
schedule_0003,highlighted_grid,S0003_R007,7,김예준,김,1,10689959,金,2006,male,병동,21,2026-01-21,Off,Off,"[790, 249, 824, 278]","[18, 249, 110, 278]",V10,images/schedule_0003_highlighted_grid.png
schedule_0003,highlighted_grid,S0003_R007,7,김예준,김,1,10689959,金,2006,male,병동,22,2026-01-22,RD,Rd,"[824, 249, 858, 278]","[18, 249, 110, 278]",W10,images/schedule_0003_highlighted_grid.png
schedule_0003,highlighted_grid,S0003_R007,7,김예준,김,1,10689959,金,2006,male,병동,23,2026-01-23,TRN,TRN,"[858, 249, 892, 278]","[18, 249, 110, 278]",X10,images/schedule_0003_highlighted_grid.png
schedule_0003,highlighted_grid,S0003_R007,7,김예준,김,1,10689959,金,2006,male,병동,24,2026-01-24,NB,nB,"[892, 249, 926, 278]","[18, 249, 110, 278]",Y10,images/schedule_0003_highlighted_grid.png
schedule_0003,highlighted_grid,S0003_R007,7,김예준,김,1,10689959,金,2006,male,병동,25,2026-01-25,PH,pH,"[926, 249, 960, 278]","[18, 249, 110, 278]",Z10,images/schedule_0003_highlighted_grid.png
schedule_0003,highlighted_grid,S0003_R007,7,김예준,김,1,10689959,金,2006,male,병동,26,2026-01-26,RO,rO,"[960, 249, 994, 278]","[18, 249, 110, 278]",AA10,images/schedule_0003_highlighted_grid.png
schedule_0003,highlighted_grid,S0003_R007,7,김예준,김,1,10689959,金,2006,male,병동,27,2026-01-27,O,O,"[994, 249, 1028, 278]","[18, 249, 110, 278]",AB10,images/schedule_0003_highlighted_grid.png
schedule_0003,highlighted_grid,S0003_R007,7,김예준,김,1,10689959,金,2006,male,병동,28,2026-01-28,E,e,"[1028, 249, 1062, 278]","[18, 249, 110, 278]",AC10,images/schedule_0003_highlighted_grid.png
schedule_0003,highlighted_grid,S0003_R007,7,김예준,김,1,10689959,金,2006,male,병동,29,2026-01-29,E,e,"[1062, 249, 1096, 278]","[18, 249, 110, 278]",AD10,images/schedule_0003_highlighted_grid.png
schedule_0003,highlighted_grid,S0003_R007,7,김예준,김,1,10689959,金,2006,male,병동,30,2026-01-30,OFF,oFf,"[1096, 249, 1130, 278]","[18, 249, 110, 278]",AE10,images/schedule_0003_highlighted_grid.png
schedule_0003,highlighted_grid,S0003_R007,7,김예준,김,1,10689959,金,2006,male,병동,31,2026-01-31,O,o,"[1130, 249, 1164, 278]","[18, 249, 110, 278]",AF10,images/schedule_0003_highlighted_grid.png
schedule_0003,highlighted_grid,S0003_R008,8,강정수,강,6,1268472,姜|康,1972,male,병동,1,2026-01-01,P,p,"[110, 278, 144, 307]","[18, 278, 110, 307]",B11,images/schedule_0003_highlighted_grid.png
schedule_0003,highlighted_grid,S0003_R008,8,강정수,강,6,1268472,姜|康,1972,male,병동,2,2026-01-02,off,off,"[144, 278, 178, 307]","[18, 278, 110, 307]",C11,images/schedule_0003_highlighted_grid.png
schedule_0003,highlighted_grid,S0003_R008,8,강정수,강,6,1268472,姜|康,1972,male,병동,3,2026-01-03,D,D,"[178, 278, 212, 307]","[18, 278, 110, 307]",D11,images/schedule_0003_highlighted_grid.png
schedule_0003,highlighted_grid,S0003_R008,8,강정수,강,6,1268472,姜|康,1972,male,병동,4,2026-01-04,E,E,"[212, 278, 246, 307]","[18, 278, 110, 307]",E11,images/schedule_0003_highlighted_grid.png
schedule_0003,highlighted_grid,S0003_R008,8,강정수,강,6,1268472,姜|康,1972,male,병동,5,2026-01-05,E,e,"[246, 278, 280, 307]","[18, 278, 110, 307]",F11,images/schedule_0003_highlighted_grid.png
schedule_0003,highlighted_grid,S0003_R008,8,강정수,강,6,1268472,姜|康,1972,male,병동,6,2026-01-06,NB,nB,"[280, 278, 314, 307]","[18, 278, 110, 307]",G11,images/schedule_0003_highlighted_grid.png
schedule_0003,highlighted_grid,S0003_R008,8,강정수,강,6,1268472,姜|康,1972,male,병동,7,2026-01-07,RD,RD,"[314, 278, 348, 307]","[18, 278, 110, 307]",H11,images/schedule_0003_highlighted_grid.png
schedule_0003,highlighted_grid,S0003_R008,8,강정수,강,6,1268472,姜|康,1972,male,병동,8,2026-01-08,N12,N12,"[348, 278, 382, 307]","[18, 278, 110, 307]",I11,images/schedule_0003_highlighted_grid.png
schedule_0003,highlighted_grid,S0003_R008,8,강정수,강,6,1268472,姜|康,1972,male,병동,9,2026-01-09,SL,Sl,"[382, 278, 416, 307]","[18, 278, 110, 307]",J11,images/schedule_0003_highlighted_grid.png
schedule_0003,highlighted_grid,S0003_R008,8,강정수,강,6,1268472,姜|康,1972,male,병동,10,2026-01-10,DE,DE,"[416, 278, 450, 307]","[18, 278, 110, 307]",K11,images/schedule_0003_highlighted_grid.png
schedule_0003,highlighted_grid,S0003_R008,8,강정수,강,6,1268472,姜|康,1972,male,병동,11,2026-01-11,ST,St,"[450, 278, 484, 307]","[18, 278, 110, 307]",L11,images/schedule_0003_highlighted_grid.png
schedule_0003,highlighted_grid,S0003_R008,8,강정수,강,6,1268472,姜|康,1972,male,병동,12,2026-01-12,특별휴가,특별휴가,"[484, 278, 518, 307]","[18, 278, 110, 307]",M11,images/schedule_0003_highlighted_grid.png
schedule_0003,highlighted_grid,S0003_R008,8,강정수,강,6,1268472,姜|康,1972,male,병동,13,2026-01-13,DL,DL,"[518, 278, 552, 307]","[18, 278, 110, 307]",N11,images/schedule_0003_highlighted_grid.png
schedule_0003,highlighted_grid,S0003_R008,8,강정수,강,6,1268472,姜|康,1972,male,병동,14,2026-01-14,보,보,"[552, 278, 586, 307]","[18, 278, 110, 307]",O11,images/schedule_0003_highlighted_grid.png
schedule_0003,highlighted_grid,S0003_R008,8,강정수,강,6,1268472,姜|康,1972,male,병동,15,2026-01-15,BH,Bh,"[586, 278, 620, 307]","[18, 278, 110, 307]",P11,images/schedule_0003_highlighted_grid.png
schedule_0003,highlighted_grid,S0003_R008,8,강정수,강,6,1268472,姜|康,1972,male,병동,16,2026-01-16,NO,No,"[620, 278, 654, 307]","[18, 278, 110, 307]",Q11,images/schedule_0003_highlighted_grid.png
schedule_0003,highlighted_grid,S0003_R008,8,강정수,강,6,1268472,姜|康,1972,male,병동,17,2026-01-17,DB,DB,"[654, 278, 688, 307]","[18, 278, 110, 307]",R11,images/schedule_0003_highlighted_grid.png
schedule_0003,highlighted_grid,S0003_R008,8,강정수,강,6,1268472,姜|康,1972,male,병동,18,2026-01-18,ON,oN,"[688, 278, 722, 307]","[18, 278, 110, 307]",S11,images/schedule_0003_highlighted_grid.png
schedule_0003,highlighted_grid,S0003_R008,8,강정수,강,6,1268472,姜|康,1972,male,병동,19,2026-01-19,DN,DN,"[722, 278, 756, 307]","[18, 278, 110, 307]",T11,images/schedule_0003_highlighted_grid.png
schedule_0003,highlighted_grid,S0003_R008,8,강정수,강,6,1268472,姜|康,1972,male,병동,20,2026-01-20,P,P,"[756, 278, 790, 307]","[18, 278, 110, 307]",U11,images/schedule_0003_highlighted_grid.png
schedule_0003,highlighted_grid,S0003_R008,8,강정수,강,6,1268472,姜|康,1972,male,병동,21,2026-01-21,M,m,"[790, 278, 824, 307]","[18, 278, 110, 307]",V11,images/schedule_0003_highlighted_grid.png
schedule_0003,highlighted_grid,S0003_R008,8,강정수,강,6,1268472,姜|康,1972,male,병동,22,2026-01-22,P,p,"[824, 278, 858, 307]","[18, 278, 110, 307]",W11,images/schedule_0003_highlighted_grid.png
schedule_0003,highlighted_grid,S0003_R008,8,강정수,강,6,1268472,姜|康,1972,male,병동,23,2026-01-23,PM,Pm,"[858, 278, 892, 307]","[18, 278, 110, 307]",X11,images/schedule_0003_highlighted_grid.png
schedule_0003,highlighted_grid,S0003_R008,8,강정수,강,6,1268472,姜|康,1972,male,병동,24,2026-01-24,AM,AM,"[892, 278, 926, 307]","[18, 278, 110, 307]",Y11,images/schedule_0003_highlighted_grid.png
schedule_0003,highlighted_grid,S0003_R008,8,강정수,강,6,1268472,姜|康,1972,male,병동,25,2026-01-25,노조,노조,"[926, 278, 960, 307]","[18, 278, 110, 307]",Z11,images/schedule_0003_highlighted_grid.png
schedule_0003,highlighted_grid,S0003_R008,8,강정수,강,6,1268472,姜|康,1972,male,병동,26,2026-01-26,ICU,ICu,"[960, 278, 994, 307]","[18, 278, 110, 307]",AA11,images/schedule_0003_highlighted_grid.png
schedule_0003,highlighted_grid,S0003_R008,8,강정수,강,6,1268472,姜|康,1972,male,병동,27,2026-01-27,ML,ML,"[994, 278, 1028, 307]","[18, 278, 110, 307]",AB11,images/schedule_0003_highlighted_grid.png
schedule_0003,highlighted_grid,S0003_R008,8,강정수,강,6,1268472,姜|康,1972,male,병동,28,2026-01-28,VAC,vAC,"[1028, 278, 1062, 307]","[18, 278, 110, 307]",AC11,images/schedule_0003_highlighted_grid.png
schedule_0003,highlighted_grid,S0003_R008,8,강정수,강,6,1268472,姜|康,1972,male,병동,29,2026-01-29,D5,D5,"[1062, 278, 1096, 307]","[18, 278, 110, 307]",AD11,images/schedule_0003_highlighted_grid.png
schedule_0003,highlighted_grid,S0003_R008,8,강정수,강,6,1268472,姜|康,1972,male,병동,30,2026-01-30,Off,Off,"[1096, 278, 1130, 307]","[18, 278, 110, 307]",AE11,images/schedule_0003_highlighted_grid.png
schedule_0003,highlighted_grid,S0003_R008,8,강정수,강,6,1268472,姜|康,1972,male,병동,31,2026-01-31,경,경,"[1130, 278, 1164, 307]","[18, 278, 110, 307]",AF11,images/schedule_0003_highlighted_grid.png
schedule_0003,highlighted_grid,S0003_R009,9,구다은,구,41,193080,具,1996,female,병동,1,2026-01-01,특,특,"[110, 307, 144, 336]","[18, 307, 110, 336]",B12,images/schedule_0003_highlighted_grid.png
schedule_0003,highlighted_grid,S0003_R009,9,구다은,구,41,193080,具,1996,female,병동,2,2026-01-02,교육,교육,"[144, 307, 178, 336]","[18, 307, 110, 336]",C12,images/schedule_0003_highlighted_grid.png
schedule_0003,highlighted_grid,S0003_R009,9,구다은,구,41,193080,具,1996,female,병동,3,2026-01-03,CH,CH,"[178, 307, 212, 336]","[18, 307, 110, 336]",D12,images/schedule_0003_highlighted_grid.png
schedule_0003,highlighted_grid,S0003_R009,9,구다은,구,41,193080,具,1996,female,병동,4,2026-01-04,MD,mD,"[212, 307, 246, 336]","[18, 307, 110, 336]",E12,images/schedule_0003_highlighted_grid.png
schedule_0003,highlighted_grid,S0003_R009,9,구다은,구,41,193080,具,1996,female,병동,5,2026-01-05,WO,WO,"[246, 307, 280, 336]","[18, 307, 110, 336]",F12,images/schedule_0003_highlighted_grid.png
schedule_0003,highlighted_grid,S0003_R009,9,구다은,구,41,193080,具,1996,female,병동,6,2026-01-06,N12,N12,"[280, 307, 314, 336]","[18, 307, 110, 336]",G12,images/schedule_0003_highlighted_grid.png
schedule_0003,highlighted_grid,S0003_R009,9,구다은,구,41,193080,具,1996,female,병동,7,2026-01-07,LD,LD,"[314, 307, 348, 336]","[18, 307, 110, 336]",H12,images/schedule_0003_highlighted_grid.png
schedule_0003,highlighted_grid,S0003_R009,9,구다은,구,41,193080,具,1996,female,병동,8,2026-01-08,CN,CN,"[348, 307, 382, 336]","[18, 307, 110, 336]",I12,images/schedule_0003_highlighted_grid.png
schedule_0003,highlighted_grid,S0003_R009,9,구다은,구,41,193080,具,1996,female,병동,9,2026-01-09,DN,DN,"[382, 307, 416, 336]","[18, 307, 110, 336]",J12,images/schedule_0003_highlighted_grid.png
schedule_0003,highlighted_grid,S0003_R009,9,구다은,구,41,193080,具,1996,female,병동,10,2026-01-10,E,e,"[416, 307, 450, 336]","[18, 307, 110, 336]",K12,images/schedule_0003_highlighted_grid.png
schedule_0003,highlighted_grid,S0003_R009,9,구다은,구,41,193080,具,1996,female,병동,11,2026-01-11,OFF,oFF,"[450, 307, 484, 336]","[18, 307, 110, 336]",L12,images/schedule_0003_highlighted_grid.png
schedule_0003,highlighted_grid,S0003_R009,9,구다은,구,41,193080,具,1996,female,병동,12,2026-01-12,E,E,"[484, 307, 518, 336]","[18, 307, 110, 336]",M12,images/schedule_0003_highlighted_grid.png
schedule_0003,highlighted_grid,S0003_R009,9,구다은,구,41,193080,具,1996,female,병동,13,2026-01-13,N,N,"[518, 307, 552, 336]","[18, 307, 110, 336]",N12,images/schedule_0003_highlighted_grid.png
schedule_0003,highlighted_grid,S0003_R009,9,구다은,구,41,193080,具,1996,female,병동,14,2026-01-14,N,n,"[552, 307, 586, 336]","[18, 307, 110, 336]",O12,images/schedule_0003_highlighted_grid.png
schedule_0003,highlighted_grid,S0003_R009,9,구다은,구,41,193080,具,1996,female,병동,15,2026-01-15,LD,LD,"[586, 307, 620, 336]","[18, 307, 110, 336]",P12,images/schedule_0003_highlighted_grid.png
schedule_0003,highlighted_grid,S0003_R009,9,구다은,구,41,193080,具,1996,female,병동,16,2026-01-16,E,E,"[620, 307, 654, 336]","[18, 307, 110, 336]",Q12,images/schedule_0003_highlighted_grid.png
schedule_0003,highlighted_grid,S0003_R009,9,구다은,구,41,193080,具,1996,female,병동,17,2026-01-17,출장,출장,"[654, 307, 688, 336]","[18, 307, 110, 336]",R12,images/schedule_0003_highlighted_grid.png
schedule_0003,highlighted_grid,S0003_R009,9,구다은,구,41,193080,具,1996,female,병동,18,2026-01-18,MID,miD,"[688, 307, 722, 336]","[18, 307, 110, 336]",S12,images/schedule_0003_highlighted_grid.png
schedule_0003,highlighted_grid,S0003_R009,9,구다은,구,41,193080,具,1996,female,병동,19,2026-01-19,D,D,"[722, 307, 756, 336]","[18, 307, 110, 336]",T12,images/schedule_0003_highlighted_grid.png
schedule_0003,highlighted_grid,S0003_R009,9,구다은,구,41,193080,具,1996,female,병동,20,2026-01-20,E,E,"[756, 307, 790, 336]","[18, 307, 110, 336]",U12,images/schedule_0003_highlighted_grid.png
schedule_0003,highlighted_grid,S0003_R009,9,구다은,구,41,193080,具,1996,female,병동,21,2026-01-21,HELP,HELP,"[790, 307, 824, 336]","[18, 307, 110, 336]",V12,images/schedule_0003_highlighted_grid.png
schedule_0003,highlighted_grid,S0003_R009,9,구다은,구,41,193080,具,1996,female,병동,22,2026-01-22,CALL,CAll,"[824, 307, 858, 336]","[18, 307, 110, 336]",W12,images/schedule_0003_highlighted_grid.png
schedule_0003,highlighted_grid,S0003_R009,9,구다은,구,41,193080,具,1996,female,병동,23,2026-01-23,-,-,"[858, 307, 892, 336]","[18, 307, 110, 336]",X12,images/schedule_0003_highlighted_grid.png
schedule_0003,highlighted_grid,S0003_R009,9,구다은,구,41,193080,具,1996,female,병동,24,2026-01-24,OF,Of,"[892, 307, 926, 336]","[18, 307, 110, 336]",Y12,images/schedule_0003_highlighted_grid.png
schedule_0003,highlighted_grid,S0003_R009,9,구다은,구,41,193080,具,1996,female,병동,25,2026-01-25,S,s,"[926, 307, 960, 336]","[18, 307, 110, 336]",Z12,images/schedule_0003_highlighted_grid.png
schedule_0003,highlighted_grid,S0003_R009,9,구다은,구,41,193080,具,1996,female,병동,26,2026-01-26,UPL,UPL,"[960, 307, 994, 336]","[18, 307, 110, 336]",AA12,images/schedule_0003_highlighted_grid.png
schedule_0003,highlighted_grid,S0003_R009,9,구다은,구,41,193080,具,1996,female,병동,27,2026-01-27,—,—,"[994, 307, 1028, 336]","[18, 307, 110, 336]",AB12,images/schedule_0003_highlighted_grid.png
schedule_0003,highlighted_grid,S0003_R009,9,구다은,구,41,193080,具,1996,female,병동,28,2026-01-28,D5,D5,"[1028, 307, 1062, 336]","[18, 307, 110, 336]",AC12,images/schedule_0003_highlighted_grid.png
schedule_0003,highlighted_grid,S0003_R009,9,구다은,구,41,193080,具,1996,female,병동,29,2026-01-29,PACU,PaCu,"[1062, 307, 1096, 336]","[18, 307, 110, 336]",AD12,images/schedule_0003_highlighted_grid.png
schedule_0003,highlighted_grid,S0003_R009,9,구다은,구,41,193080,具,1996,female,병동,30,2026-01-30,N12,N12,"[1096, 307, 1130, 336]","[18, 307, 110, 336]",AE12,images/schedule_0003_highlighted_grid.png
schedule_0003,highlighted_grid,S0003_R009,9,구다은,구,41,193080,具,1996,female,병동,31,2026-01-31,STBY,STBY,"[1130, 307, 1164, 336]","[18, 307, 110, 336]",AF12,images/schedule_0003_highlighted_grid.png
schedule_0003,highlighted_grid,S0003_R010,10,김나영,김,1,10689959,金,1985,female,병동,1,2026-01-01,ONC,onc,"[110, 336, 144, 365]","[18, 336, 110, 365]",B13,images/schedule_0003_highlighted_grid.png
schedule_0003,highlighted_grid,S0003_R010,10,김나영,김,1,10689959,金,1985,female,병동,2,2026-01-02,DE,dE,"[144, 336, 178, 365]","[18, 336, 110, 365]",C13,images/schedule_0003_highlighted_grid.png
schedule_0003,highlighted_grid,S0003_R010,10,김나영,김,1,10689959,金,1985,female,병동,3,2026-01-03,보,보,"[178, 336, 212, 365]","[18, 336, 110, 365]",D13,images/schedule_0003_highlighted_grid.png
schedule_0003,highlighted_grid,S0003_R010,10,김나영,김,1,10689959,金,1985,female,병동,4,2026-01-04,ML,ML,"[212, 336, 246, 365]","[18, 336, 110, 365]",E13,images/schedule_0003_highlighted_grid.png
schedule_0003,highlighted_grid,S0003_R010,10,김나영,김,1,10689959,金,1985,female,병동,5,2026-01-05,P,P,"[246, 336, 280, 365]","[18, 336, 110, 365]",F13,images/schedule_0003_highlighted_grid.png
schedule_0003,highlighted_grid,S0003_R010,10,김나영,김,1,10689959,金,1985,female,병동,6,2026-01-06,Off,ofF,"[280, 336, 314, 365]","[18, 336, 110, 365]",G13,images/schedule_0003_highlighted_grid.png
schedule_0003,highlighted_grid,S0003_R010,10,김나영,김,1,10689959,金,1985,female,병동,7,2026-01-07,P,P,"[314, 336, 348, 365]","[18, 336, 110, 365]",H13,images/schedule_0003_highlighted_grid.png
schedule_0003,highlighted_grid,S0003_R010,10,김나영,김,1,10689959,金,1985,female,병동,8,2026-01-08,O,O,"[348, 336, 382, 365]","[18, 336, 110, 365]",I13,images/schedule_0003_highlighted_grid.png
schedule_0003,highlighted_grid,S0003_R010,10,김나영,김,1,10689959,金,1985,female,병동,9,2026-01-09,E,E,"[382, 336, 416, 365]","[18, 336, 110, 365]",J13,images/schedule_0003_highlighted_grid.png
schedule_0003,highlighted_grid,S0003_R010,10,김나영,김,1,10689959,金,1985,female,병동,10,2026-01-10,E,E,"[416, 336, 450, 365]","[18, 336, 110, 365]",K13,images/schedule_0003_highlighted_grid.png
schedule_0003,highlighted_grid,S0003_R010,10,김나영,김,1,10689959,金,1985,female,병동,11,2026-01-11,O,o,"[450, 336, 484, 365]","[18, 336, 110, 365]",L13,images/schedule_0003_highlighted_grid.png
schedule_0003,highlighted_grid,S0003_R010,10,김나영,김,1,10689959,金,1985,female,병동,12,2026-01-12,O,O,"[484, 336, 518, 365]","[18, 336, 110, 365]",M13,images/schedule_0003_highlighted_grid.png
schedule_0003,highlighted_grid,S0003_R010,10,김나영,김,1,10689959,金,1985,female,병동,13,2026-01-13,E,E,"[518, 336, 552, 365]","[18, 336, 110, 365]",N13,images/schedule_0003_highlighted_grid.png
schedule_0003,highlighted_grid,S0003_R010,10,김나영,김,1,10689959,金,1985,female,병동,14,2026-01-14,E,E,"[552, 336, 586, 365]","[18, 336, 110, 365]",O13,images/schedule_0003_highlighted_grid.png
schedule_0003,highlighted_grid,S0003_R010,10,김나영,김,1,10689959,金,1985,female,병동,15,2026-01-15,O,o,"[586, 336, 620, 365]","[18, 336, 110, 365]",P13,images/schedule_0003_highlighted_grid.png
schedule_0003,highlighted_grid,S0003_R010,10,김나영,김,1,10689959,金,1985,female,병동,16,2026-01-16,O,o,"[620, 336, 654, 365]","[18, 336, 110, 365]",Q13,images/schedule_0003_highlighted_grid.png
schedule_0003,highlighted_grid,S0003_R010,10,김나영,김,1,10689959,金,1985,female,병동,17,2026-01-17,O,o,"[654, 336, 688, 365]","[18, 336, 110, 365]",R13,images/schedule_0003_highlighted_grid.png
schedule_0003,highlighted_grid,S0003_R010,10,김나영,김,1,10689959,金,1985,female,병동,18,2026-01-18,off,oFF,"[688, 336, 722, 365]","[18, 336, 110, 365]",S13,images/schedule_0003_highlighted_grid.png
schedule_0003,highlighted_grid,S0003_R010,10,김나영,김,1,10689959,金,1985,female,병동,19,2026-01-19,AL,AL,"[722, 336, 756, 365]","[18, 336, 110, 365]",T13,images/schedule_0003_highlighted_grid.png
schedule_0003,highlighted_grid,S0003_R010,10,김나영,김,1,10689959,金,1985,female,병동,20,2026-01-20,H,h,"[756, 336, 790, 365]","[18, 336, 110, 365]",U13,images/schedule_0003_highlighted_grid.png
schedule_0003,highlighted_grid,S0003_R010,10,김나영,김,1,10689959,金,1985,female,병동,21,2026-01-21,WO,wO,"[790, 336, 824, 365]","[18, 336, 110, 365]",V13,images/schedule_0003_highlighted_grid.png
schedule_0003,highlighted_grid,S0003_R010,10,김나영,김,1,10689959,金,1985,female,병동,22,2026-01-22,X,X,"[824, 336, 858, 365]","[18, 336, 110, 365]",W13,images/schedule_0003_highlighted_grid.png
schedule_0003,highlighted_grid,S0003_R010,10,김나영,김,1,10689959,金,1985,female,병동,23,2026-01-23,D12,d12,"[858, 336, 892, 365]","[18, 336, 110, 365]",X13,images/schedule_0003_highlighted_grid.png
schedule_0003,highlighted_grid,S0003_R010,10,김나영,김,1,10689959,金,1985,female,병동,24,2026-01-24,HELP,HELP,"[892, 336, 926, 365]","[18, 336, 110, 365]",Y13,images/schedule_0003_highlighted_grid.png
schedule_0003,highlighted_grid,S0003_R010,10,김나영,김,1,10689959,金,1985,female,병동,25,2026-01-25,D/E,d/e,"[926, 336, 960, 365]","[18, 336, 110, 365]",Z13,images/schedule_0003_highlighted_grid.png
schedule_0003,highlighted_grid,S0003_R010,10,김나영,김,1,10689959,金,1985,female,병동,26,2026-01-26,노,노,"[960, 336, 994, 365]","[18, 336, 110, 365]",AA13,images/schedule_0003_highlighted_grid.png
schedule_0003,highlighted_grid,S0003_R010,10,김나영,김,1,10689959,金,1985,female,병동,27,2026-01-27,E,E,"[994, 336, 1028, 365]","[18, 336, 110, 365]",AB13,images/schedule_0003_highlighted_grid.png
schedule_0003,highlighted_grid,S0003_R010,10,김나영,김,1,10689959,金,1985,female,병동,28,2026-01-28,E,E,"[1028, 336, 1062, 365]","[18, 336, 110, 365]",AC13,images/schedule_0003_highlighted_grid.png
schedule_0003,highlighted_grid,S0003_R010,10,김나영,김,1,10689959,金,1985,female,병동,29,2026-01-29,E,E,"[1062, 336, 1096, 365]","[18, 336, 110, 365]",AD13,images/schedule_0003_highlighted_grid.png
schedule_0003,highlighted_grid,S0003_R010,10,김나영,김,1,10689959,金,1985,female,병동,30,2026-01-30,N,n,"[1096, 336, 1130, 365]","[18, 336, 110, 365]",AE13,images/schedule_0003_highlighted_grid.png
schedule_0003,highlighted_grid,S0003_R010,10,김나영,김,1,10689959,金,1985,female,병동,31,2026-01-31,교육,교육,"[1130, 336, 1164, 365]","[18, 336, 110, 365]",AF13,images/schedule_0003_highlighted_grid.png
schedule_0003,highlighted_grid,S0003_R011,11,박은지,박,3,4192074,朴,1992,female,병동,1,2026-01-01,DB,DB,"[110, 365, 144, 394]","[18, 365, 110, 394]",B14,images/schedule_0003_highlighted_grid.png
schedule_0003,highlighted_grid,S0003_R011,11,박은지,박,3,4192074,朴,1992,female,병동,2,2026-01-02,NO,No,"[144, 365, 178, 394]","[18, 365, 110, 394]",C14,images/schedule_0003_highlighted_grid.png
schedule_0003,highlighted_grid,S0003_R011,11,박은지,박,3,4192074,朴,1992,female,병동,3,2026-01-03,경조,경조,"[178, 365, 212, 394]","[18, 365, 110, 394]",D14,images/schedule_0003_highlighted_grid.png
schedule_0003,highlighted_grid,S0003_R011,11,박은지,박,3,4192074,朴,1992,female,병동,4,2026-01-04,AMH,aMh,"[212, 365, 246, 394]","[18, 365, 110, 394]",E14,images/schedule_0003_highlighted_grid.png
schedule_0003,highlighted_grid,S0003_R011,11,박은지,박,3,4192074,朴,1992,female,병동,5,2026-01-05,MD,Md,"[246, 365, 280, 394]","[18, 365, 110, 394]",F14,images/schedule_0003_highlighted_grid.png
schedule_0003,highlighted_grid,S0003_R011,11,박은지,박,3,4192074,朴,1992,female,병동,6,2026-01-06,NB,NB,"[280, 365, 314, 394]","[18, 365, 110, 394]",G14,images/schedule_0003_highlighted_grid.png
schedule_0003,highlighted_grid,S0003_R011,11,박은지,박,3,4192074,朴,1992,female,병동,7,2026-01-07,DH,DH,"[314, 365, 348, 394]","[18, 365, 110, 394]",H14,images/schedule_0003_highlighted_grid.png
schedule_0003,highlighted_grid,S0003_R011,11,박은지,박,3,4192074,朴,1992,female,병동,8,2026-01-08,O,O,"[348, 365, 382, 394]","[18, 365, 110, 394]",I14,images/schedule_0003_highlighted_grid.png
schedule_0003,highlighted_grid,S0003_R011,11,박은지,박,3,4192074,朴,1992,female,병동,9,2026-01-09,N,N,"[382, 365, 416, 394]","[18, 365, 110, 394]",J14,images/schedule_0003_highlighted_grid.png
schedule_0003,highlighted_grid,S0003_R011,11,박은지,박,3,4192074,朴,1992,female,병동,10,2026-01-10,OFF,OFF,"[416, 365, 450, 394]","[18, 365, 110, 394]",K14,images/schedule_0003_highlighted_grid.png
schedule_0003,highlighted_grid,S0003_R011,11,박은지,박,3,4192074,朴,1992,female,병동,11,2026-01-11,T,T,"[450, 365, 484, 394]","[18, 365, 110, 394]",L14,images/schedule_0003_highlighted_grid.png
schedule_0003,highlighted_grid,S0003_R011,11,박은지,박,3,4192074,朴,1992,female,병동,12,2026-01-12,PM,pM,"[484, 365, 518, 394]","[18, 365, 110, 394]",M14,images/schedule_0003_highlighted_grid.png
schedule_0003,highlighted_grid,S0003_R011,11,박은지,박,3,4192074,朴,1992,female,병동,13,2026-01-13,OF,OF,"[518, 365, 552, 394]","[18, 365, 110, 394]",N14,images/schedule_0003_highlighted_grid.png
schedule_0003,highlighted_grid,S0003_R011,11,박은지,박,3,4192074,朴,1992,female,병동,14,2026-01-14,WO,WO,"[552, 365, 586, 394]","[18, 365, 110, 394]",O14,images/schedule_0003_highlighted_grid.png
schedule_0003,highlighted_grid,S0003_R011,11,박은지,박,3,4192074,朴,1992,female,병동,15,2026-01-15,PH,ph,"[586, 365, 620, 394]","[18, 365, 110, 394]",P14,images/schedule_0003_highlighted_grid.png
schedule_0003,highlighted_grid,S0003_R011,11,박은지,박,3,4192074,朴,1992,female,병동,16,2026-01-16,OFF,OfF,"[620, 365, 654, 394]","[18, 365, 110, 394]",Q14,images/schedule_0003_highlighted_grid.png
schedule_0003,highlighted_grid,S0003_R011,11,박은지,박,3,4192074,朴,1992,female,병동,17,2026-01-17,N,N,"[654, 365, 688, 394]","[18, 365, 110, 394]",R14,images/schedule_0003_highlighted_grid.png
schedule_0003,highlighted_grid,S0003_R011,11,박은지,박,3,4192074,朴,1992,female,병동,18,2026-01-18,N,N,"[688, 365, 722, 394]","[18, 365, 110, 394]",S14,images/schedule_0003_highlighted_grid.png
schedule_0003,highlighted_grid,S0003_R011,11,박은지,박,3,4192074,朴,1992,female,병동,19,2026-01-19,D12,d12,"[722, 365, 756, 394]","[18, 365, 110, 394]",T14,images/schedule_0003_highlighted_grid.png
schedule_0003,highlighted_grid,S0003_R011,11,박은지,박,3,4192074,朴,1992,female,병동,20,2026-01-20,AO,AO,"[756, 365, 790, 394]","[18, 365, 110, 394]",U14,images/schedule_0003_highlighted_grid.png
schedule_0003,highlighted_grid,S0003_R011,11,박은지,박,3,4192074,朴,1992,female,병동,21,2026-01-21,D5,D5,"[790, 365, 824, 394]","[18, 365, 110, 394]",V14,images/schedule_0003_highlighted_grid.png
schedule_0003,highlighted_grid,S0003_R011,11,박은지,박,3,4192074,朴,1992,female,병동,22,2026-01-22,D,D,"[824, 365, 858, 394]","[18, 365, 110, 394]",W14,images/schedule_0003_highlighted_grid.png
schedule_0003,highlighted_grid,S0003_R011,11,박은지,박,3,4192074,朴,1992,female,병동,23,2026-01-23,D,D,"[858, 365, 892, 394]","[18, 365, 110, 394]",X14,images/schedule_0003_highlighted_grid.png
schedule_0003,highlighted_grid,S0003_R011,11,박은지,박,3,4192074,朴,1992,female,병동,24,2026-01-24,MD,MD,"[892, 365, 926, 394]","[18, 365, 110, 394]",Y14,images/schedule_0003_highlighted_grid.png
schedule_0003,highlighted_grid,S0003_R011,11,박은지,박,3,4192074,朴,1992,female,병동,25,2026-01-25,CL,CL,"[926, 365, 960, 394]","[18, 365, 110, 394]",Z14,images/schedule_0003_highlighted_grid.png
schedule_0003,highlighted_grid,S0003_R011,11,박은지,박,3,4192074,朴,1992,female,병동,26,2026-01-26,D12,d12,"[960, 365, 994, 394]","[18, 365, 110, 394]",AA14,images/schedule_0003_highlighted_grid.png
schedule_0003,highlighted_grid,S0003_R011,11,박은지,박,3,4192074,朴,1992,female,병동,27,2026-01-27,OF,of,"[994, 365, 1028, 394]","[18, 365, 110, 394]",AB14,images/schedule_0003_highlighted_grid.png
schedule_0003,highlighted_grid,S0003_R011,11,박은지,박,3,4192074,朴,1992,female,병동,28,2026-01-28,A,a,"[1028, 365, 1062, 394]","[18, 365, 110, 394]",AC14,images/schedule_0003_highlighted_grid.png
schedule_0003,highlighted_grid,S0003_R011,11,박은지,박,3,4192074,朴,1992,female,병동,29,2026-01-29,DE,DE,"[1062, 365, 1096, 394]","[18, 365, 110, 394]",AD14,images/schedule_0003_highlighted_grid.png
schedule_0003,highlighted_grid,S0003_R011,11,박은지,박,3,4192074,朴,1992,female,병동,30,2026-01-30,AM,AM,"[1096, 365, 1130, 394]","[18, 365, 110, 394]",AE14,images/schedule_0003_highlighted_grid.png
schedule_0003,highlighted_grid,S0003_R011,11,박은지,박,3,4192074,朴,1992,female,병동,31,2026-01-31,OH,oh,"[1130, 365, 1164, 394]","[18, 365, 110, 394]",AF14,images/schedule_0003_highlighted_grid.png
schedule_0003,highlighted_grid,S0003_R012,12,윤수빈,윤,8,1020547,尹,2000,female,병동,1,2026-01-01,ON,ON,"[110, 394, 144, 423]","[18, 394, 110, 423]",B15,images/schedule_0003_highlighted_grid.png
schedule_0003,highlighted_grid,S0003_R012,12,윤수빈,윤,8,1020547,尹,2000,female,병동,2,2026-01-02,N,N,"[144, 394, 178, 423]","[18, 394, 110, 423]",C15,images/schedule_0003_highlighted_grid.png
schedule_0003,highlighted_grid,S0003_R012,12,윤수빈,윤,8,1020547,尹,2000,female,병동,3,2026-01-03,NO,NO,"[178, 394, 212, 423]","[18, 394, 110, 423]",D15,images/schedule_0003_highlighted_grid.png
schedule_0003,highlighted_grid,S0003_R012,12,윤수빈,윤,8,1020547,尹,2000,female,병동,4,2026-01-04,S,S,"[212, 394, 246, 423]","[18, 394, 110, 423]",E15,images/schedule_0003_highlighted_grid.png
schedule_0003,highlighted_grid,S0003_R012,12,윤수빈,윤,8,1020547,尹,2000,female,병동,5,2026-01-05,C,c,"[246, 394, 280, 423]","[18, 394, 110, 423]",F15,images/schedule_0003_highlighted_grid.png
schedule_0003,highlighted_grid,S0003_R012,12,윤수빈,윤,8,1020547,尹,2000,female,병동,6,2026-01-06,MID,MiD,"[280, 394, 314, 423]","[18, 394, 110, 423]",G15,images/schedule_0003_highlighted_grid.png
schedule_0003,highlighted_grid,S0003_R012,12,윤수빈,윤,8,1020547,尹,2000,female,병동,7,2026-01-07,D,d,"[314, 394, 348, 423]","[18, 394, 110, 423]",H15,images/schedule_0003_highlighted_grid.png
schedule_0003,highlighted_grid,S0003_R012,12,윤수빈,윤,8,1020547,尹,2000,female,병동,8,2026-01-08,OFF,OFf,"[348, 394, 382, 423]","[18, 394, 110, 423]",I15,images/schedule_0003_highlighted_grid.png
schedule_0003,highlighted_grid,S0003_R012,12,윤수빈,윤,8,1020547,尹,2000,female,병동,9,2026-01-09,N,N,"[382, 394, 416, 423]","[18, 394, 110, 423]",J15,images/schedule_0003_highlighted_grid.png
schedule_0003,highlighted_grid,S0003_R012,12,윤수빈,윤,8,1020547,尹,2000,female,병동,10,2026-01-10,NO,NO,"[416, 394, 450, 423]","[18, 394, 110, 423]",K15,images/schedule_0003_highlighted_grid.png
schedule_0003,highlighted_grid,S0003_R012,12,윤수빈,윤,8,1020547,尹,2000,female,병동,11,2026-01-11,반차,반차,"[450, 394, 484, 423]","[18, 394, 110, 423]",L15,images/schedule_0003_highlighted_grid.png
schedule_0003,highlighted_grid,S0003_R012,12,윤수빈,윤,8,1020547,尹,2000,female,병동,12,2026-01-12,INT,iNt,"[484, 394, 518, 423]","[18, 394, 110, 423]",M15,images/schedule_0003_highlighted_grid.png
schedule_0003,highlighted_grid,S0003_R012,12,윤수빈,윤,8,1020547,尹,2000,female,병동,13,2026-01-13,A/L,A/L,"[518, 394, 552, 423]","[18, 394, 110, 423]",N15,images/schedule_0003_highlighted_grid.png
schedule_0003,highlighted_grid,S0003_R012,12,윤수빈,윤,8,1020547,尹,2000,female,병동,14,2026-01-14,RD,RD,"[552, 394, 586, 423]","[18, 394, 110, 423]",O15,images/schedule_0003_highlighted_grid.png
schedule_0003,highlighted_grid,S0003_R012,12,윤수빈,윤,8,1020547,尹,2000,female,병동,15,2026-01-15,T,t,"[586, 394, 620, 423]","[18, 394, 110, 423]",P15,images/schedule_0003_highlighted_grid.png
schedule_0003,highlighted_grid,S0003_R012,12,윤수빈,윤,8,1020547,尹,2000,female,병동,16,2026-01-16,CONF,CONF,"[620, 394, 654, 423]","[18, 394, 110, 423]",Q15,images/schedule_0003_highlighted_grid.png
schedule_0003,highlighted_grid,S0003_R012,12,윤수빈,윤,8,1020547,尹,2000,female,병동,17,2026-01-17,MID,miD,"[654, 394, 688, 423]","[18, 394, 110, 423]",R15,images/schedule_0003_highlighted_grid.png
schedule_0003,highlighted_grid,S0003_R012,12,윤수빈,윤,8,1020547,尹,2000,female,병동,18,2026-01-18,LD,lD,"[688, 394, 722, 423]","[18, 394, 110, 423]",S15,images/schedule_0003_highlighted_grid.png
schedule_0003,highlighted_grid,S0003_R012,12,윤수빈,윤,8,1020547,尹,2000,female,병동,19,2026-01-19,PH,PH,"[722, 394, 756, 423]","[18, 394, 110, 423]",T15,images/schedule_0003_highlighted_grid.png
schedule_0003,highlighted_grid,S0003_R012,12,윤수빈,윤,8,1020547,尹,2000,female,병동,20,2026-01-20,NA,na,"[756, 394, 790, 423]","[18, 394, 110, 423]",U15,images/schedule_0003_highlighted_grid.png
schedule_0003,highlighted_grid,S0003_R012,12,윤수빈,윤,8,1020547,尹,2000,female,병동,21,2026-01-21,ADO,AdO,"[790, 394, 824, 423]","[18, 394, 110, 423]",V15,images/schedule_0003_highlighted_grid.png
schedule_0003,highlighted_grid,S0003_R012,12,윤수빈,윤,8,1020547,尹,2000,female,병동,22,2026-01-22,DL,DL,"[824, 394, 858, 423]","[18, 394, 110, 423]",W15,images/schedule_0003_highlighted_grid.png
schedule_0003,highlighted_grid,S0003_R012,12,윤수빈,윤,8,1020547,尹,2000,female,병동,23,2026-01-23,MD,MD,"[858, 394, 892, 423]","[18, 394, 110, 423]",X15,images/schedule_0003_highlighted_grid.png
schedule_0003,highlighted_grid,S0003_R012,12,윤수빈,윤,8,1020547,尹,2000,female,병동,24,2026-01-24,H,H,"[892, 394, 926, 423]","[18, 394, 110, 423]",Y15,images/schedule_0003_highlighted_grid.png
schedule_0003,highlighted_grid,S0003_R012,12,윤수빈,윤,8,1020547,尹,2000,female,병동,25,2026-01-25,off,OFF,"[926, 394, 960, 423]","[18, 394, 110, 423]",Z15,images/schedule_0003_highlighted_grid.png
schedule_0003,highlighted_grid,S0003_R012,12,윤수빈,윤,8,1020547,尹,2000,female,병동,26,2026-01-26,D,D,"[960, 394, 994, 423]","[18, 394, 110, 423]",AA15,images/schedule_0003_highlighted_grid.png
schedule_0003,highlighted_grid,S0003_R012,12,윤수빈,윤,8,1020547,尹,2000,female,병동,27,2026-01-27,O,O,"[994, 394, 1028, 423]","[18, 394, 110, 423]",AB15,images/schedule_0003_highlighted_grid.png
schedule_0003,highlighted_grid,S0003_R012,12,윤수빈,윤,8,1020547,尹,2000,female,병동,28,2026-01-28,N,N,"[1028, 394, 1062, 423]","[18, 394, 110, 423]",AC15,images/schedule_0003_highlighted_grid.png
schedule_0003,highlighted_grid,S0003_R012,12,윤수빈,윤,8,1020547,尹,2000,female,병동,29,2026-01-29,OFF,OFF,"[1062, 394, 1096, 423]","[18, 394, 110, 423]",AD15,images/schedule_0003_highlighted_grid.png
schedule_0003,highlighted_grid,S0003_R012,12,윤수빈,윤,8,1020547,尹,2000,female,병동,30,2026-01-30,OFF,OFF,"[1096, 394, 1130, 423]","[18, 394, 110, 423]",AE15,images/schedule_0003_highlighted_grid.png
schedule_0003,highlighted_grid,S0003_R012,12,윤수빈,윤,8,1020547,尹,2000,female,병동,31,2026-01-31,OC,Oc,"[1130, 394, 1164, 423]","[18, 394, 110, 423]",AF15,images/schedule_0003_highlighted_grid.png
schedule_0003,highlighted_grid,S0003_R013,13,배소영,배,26,400641,裵,1985,female,병동,1,2026-01-01,D12,D12,"[110, 423, 144, 452]","[18, 423, 110, 452]",B16,images/schedule_0003_highlighted_grid.png
schedule_0003,highlighted_grid,S0003_R013,13,배소영,배,26,400641,裵,1985,female,병동,2,2026-01-02,WO,WO,"[144, 423, 178, 452]","[18, 423, 110, 452]",C16,images/schedule_0003_highlighted_grid.png
schedule_0003,highlighted_grid,S0003_R013,13,배소영,배,26,400641,裵,1985,female,병동,3,2026-01-03,P,P,"[178, 423, 212, 452]","[18, 423, 110, 452]",D16,images/schedule_0003_highlighted_grid.png
schedule_0003,highlighted_grid,S0003_R013,13,배소영,배,26,400641,裵,1985,female,병동,4,2026-01-04,MD,MD,"[212, 423, 246, 452]","[18, 423, 110, 452]",E16,images/schedule_0003_highlighted_grid.png
schedule_0003,highlighted_grid,S0003_R013,13,배소영,배,26,400641,裵,1985,female,병동,5,2026-01-05,Off,Off,"[246, 423, 280, 452]","[18, 423, 110, 452]",F16,images/schedule_0003_highlighted_grid.png
schedule_0003,highlighted_grid,S0003_R013,13,배소영,배,26,400641,裵,1985,female,병동,6,2026-01-06,H,H,"[280, 423, 314, 452]","[18, 423, 110, 452]",G16,images/schedule_0003_highlighted_grid.png
schedule_0003,highlighted_grid,S0003_R013,13,배소영,배,26,400641,裵,1985,female,병동,7,2026-01-07,Off,OFF,"[314, 423, 348, 452]","[18, 423, 110, 452]",H16,images/schedule_0003_highlighted_grid.png
schedule_0003,highlighted_grid,S0003_R013,13,배소영,배,26,400641,裵,1985,female,병동,8,2026-01-08,E,E,"[348, 423, 382, 452]","[18, 423, 110, 452]",I16,images/schedule_0003_highlighted_grid.png
schedule_0003,highlighted_grid,S0003_R013,13,배소영,배,26,400641,裵,1985,female,병동,9,2026-01-09,N,n,"[382, 423, 416, 452]","[18, 423, 110, 452]",J16,images/schedule_0003_highlighted_grid.png
schedule_0003,highlighted_grid,S0003_R013,13,배소영,배,26,400641,裵,1985,female,병동,10,2026-01-10,N,N,"[416, 423, 450, 452]","[18, 423, 110, 452]",K16,images/schedule_0003_highlighted_grid.png
schedule_0003,highlighted_grid,S0003_R013,13,배소영,배,26,400641,裵,1985,female,병동,11,2026-01-11,F,F,"[450, 423, 484, 452]","[18, 423, 110, 452]",L16,images/schedule_0003_highlighted_grid.png
schedule_0003,highlighted_grid,S0003_R013,13,배소영,배,26,400641,裵,1985,female,병동,12,2026-01-12,D,D,"[484, 423, 518, 452]","[18, 423, 110, 452]",M16,images/schedule_0003_highlighted_grid.png
schedule_0003,highlighted_grid,S0003_R013,13,배소영,배,26,400641,裵,1985,female,병동,13,2026-01-13,D,d,"[518, 423, 552, 452]","[18, 423, 110, 452]",N16,images/schedule_0003_highlighted_grid.png
schedule_0003,highlighted_grid,S0003_R013,13,배소영,배,26,400641,裵,1985,female,병동,14,2026-01-14,F,F,"[552, 423, 586, 452]","[18, 423, 110, 452]",O16,images/schedule_0003_highlighted_grid.png
schedule_0003,highlighted_grid,S0003_R013,13,배소영,배,26,400641,裵,1985,female,병동,15,2026-01-15,E,e,"[586, 423, 620, 452]","[18, 423, 110, 452]",P16,images/schedule_0003_highlighted_grid.png
schedule_0003,highlighted_grid,S0003_R013,13,배소영,배,26,400641,裵,1985,female,병동,16,2026-01-16,P,P,"[620, 423, 654, 452]","[18, 423, 110, 452]",Q16,images/schedule_0003_highlighted_grid.png
schedule_0003,highlighted_grid,S0003_R013,13,배소영,배,26,400641,裵,1985,female,병동,17,2026-01-17,DN,Dn,"[654, 423, 688, 452]","[18, 423, 110, 452]",R16,images/schedule_0003_highlighted_grid.png
schedule_0003,highlighted_grid,S0003_R013,13,배소영,배,26,400641,裵,1985,female,병동,18,2026-01-18,—,—,"[688, 423, 722, 452]","[18, 423, 110, 452]",S16,images/schedule_0003_highlighted_grid.png
schedule_0003,highlighted_grid,S0003_R013,13,배소영,배,26,400641,裵,1985,female,병동,19,2026-01-19,D5,D5,"[722, 423, 756, 452]","[18, 423, 110, 452]",T16,images/schedule_0003_highlighted_grid.png
schedule_0003,highlighted_grid,S0003_R013,13,배소영,배,26,400641,裵,1985,female,병동,20,2026-01-20,DE,DE,"[756, 423, 790, 452]","[18, 423, 110, 452]",U16,images/schedule_0003_highlighted_grid.png
schedule_0003,highlighted_grid,S0003_R013,13,배소영,배,26,400641,裵,1985,female,병동,21,2026-01-21,OC,OC,"[790, 423, 824, 452]","[18, 423, 110, 452]",V16,images/schedule_0003_highlighted_grid.png
schedule_0003,highlighted_grid,S0003_R013,13,배소영,배,26,400641,裵,1985,female,병동,22,2026-01-22,MTG,mTg,"[824, 423, 858, 452]","[18, 423, 110, 452]",W16,images/schedule_0003_highlighted_grid.png
schedule_0003,highlighted_grid,S0003_R013,13,배소영,배,26,400641,裵,1985,female,병동,23,2026-01-23,LD,Ld,"[858, 423, 892, 452]","[18, 423, 110, 452]",X16,images/schedule_0003_highlighted_grid.png
schedule_0003,highlighted_grid,S0003_R013,13,배소영,배,26,400641,裵,1985,female,병동,24,2026-01-24,D/E,d/E,"[892, 423, 926, 452]","[18, 423, 110, 452]",Y16,images/schedule_0003_highlighted_grid.png
schedule_0003,highlighted_grid,S0003_R013,13,배소영,배,26,400641,裵,1985,female,병동,25,2026-01-25,f,f,"[926, 423, 960, 452]","[18, 423, 110, 452]",Z16,images/schedule_0003_highlighted_grid.png
schedule_0003,highlighted_grid,S0003_R013,13,배소영,배,26,400641,裵,1985,female,병동,26,2026-01-26,F,F,"[960, 423, 994, 452]","[18, 423, 110, 452]",AA16,images/schedule_0003_highlighted_grid.png
schedule_0003,highlighted_grid,S0003_R013,13,배소영,배,26,400641,裵,1985,female,병동,27,2026-01-27,N,n,"[994, 423, 1028, 452]","[18, 423, 110, 452]",AB16,images/schedule_0003_highlighted_grid.png
schedule_0003,highlighted_grid,S0003_R013,13,배소영,배,26,400641,裵,1985,female,병동,28,2026-01-28,NO,No,"[1028, 423, 1062, 452]","[18, 423, 110, 452]",AC16,images/schedule_0003_highlighted_grid.png
schedule_0003,highlighted_grid,S0003_R013,13,배소영,배,26,400641,裵,1985,female,병동,29,2026-01-29,E,E,"[1062, 423, 1096, 452]","[18, 423, 110, 452]",AD16,images/schedule_0003_highlighted_grid.png
schedule_0003,highlighted_grid,S0003_R013,13,배소영,배,26,400641,裵,1985,female,병동,30,2026-01-30,OFF,OFF,"[1096, 423, 1130, 452]","[18, 423, 110, 452]",AE16,images/schedule_0003_highlighted_grid.png
schedule_0003,highlighted_grid,S0003_R013,13,배소영,배,26,400641,裵,1985,female,병동,31,2026-01-31,D,d,"[1130, 423, 1164, 452]","[18, 423, 110, 452]",AF16,images/schedule_0003_highlighted_grid.png
schedule_0003,highlighted_grid,S0003_R014,14,신지영,신,14,985823,申|辛|愼,1974,female,병동,1,2026-01-01,MD,MD,"[110, 452, 144, 481]","[18, 452, 110, 481]",B17,images/schedule_0003_highlighted_grid.png
schedule_0003,highlighted_grid,S0003_R014,14,신지영,신,14,985823,申|辛|愼,1974,female,병동,2,2026-01-02,S,S,"[144, 452, 178, 481]","[18, 452, 110, 481]",C17,images/schedule_0003_highlighted_grid.png
schedule_0003,highlighted_grid,S0003_R014,14,신지영,신,14,985823,申|辛|愼,1974,female,병동,3,2026-01-03,D/E,D/E,"[178, 452, 212, 481]","[18, 452, 110, 481]",D17,images/schedule_0003_highlighted_grid.png
schedule_0003,highlighted_grid,S0003_R014,14,신지영,신,14,985823,申|辛|愼,1974,female,병동,4,2026-01-04,LD,LD,"[212, 452, 246, 481]","[18, 452, 110, 481]",E17,images/schedule_0003_highlighted_grid.png
schedule_0003,highlighted_grid,S0003_R014,14,신지영,신,14,985823,申|辛|愼,1974,female,병동,5,2026-01-05,PM,pm,"[246, 452, 280, 481]","[18, 452, 110, 481]",F17,images/schedule_0003_highlighted_grid.png
schedule_0003,highlighted_grid,S0003_R014,14,신지영,신,14,985823,申|辛|愼,1974,female,병동,6,2026-01-06,D12,D12,"[280, 452, 314, 481]","[18, 452, 110, 481]",G17,images/schedule_0003_highlighted_grid.png
schedule_0003,highlighted_grid,S0003_R014,14,신지영,신,14,985823,申|辛|愼,1974,female,병동,7,2026-01-07,AL,aL,"[314, 452, 348, 481]","[18, 452, 110, 481]",H17,images/schedule_0003_highlighted_grid.png
schedule_0003,highlighted_grid,S0003_R014,14,신지영,신,14,985823,申|辛|愼,1974,female,병동,8,2026-01-08,UL,UL,"[348, 452, 382, 481]","[18, 452, 110, 481]",I17,images/schedule_0003_highlighted_grid.png
schedule_0003,highlighted_grid,S0003_R014,14,신지영,신,14,985823,申|辛|愼,1974,female,병동,9,2026-01-09,ICU,iCu,"[382, 452, 416, 481]","[18, 452, 110, 481]",J17,images/schedule_0003_highlighted_grid.png
schedule_0003,highlighted_grid,S0003_R014,14,신지영,신,14,985823,申|辛|愼,1974,female,병동,10,2026-01-10,D,D,"[416, 452, 450, 481]","[18, 452, 110, 481]",K17,images/schedule_0003_highlighted_grid.png
schedule_0003,highlighted_grid,S0003_R014,14,신지영,신,14,985823,申|辛|愼,1974,female,병동,11,2026-01-11,OFF,ofF,"[450, 452, 484, 481]","[18, 452, 110, 481]",L17,images/schedule_0003_highlighted_grid.png
schedule_0003,highlighted_grid,S0003_R014,14,신지영,신,14,985823,申|辛|愼,1974,female,병동,12,2026-01-12,DE,de,"[484, 452, 518, 481]","[18, 452, 110, 481]",M17,images/schedule_0003_highlighted_grid.png
schedule_0003,highlighted_grid,S0003_R014,14,신지영,신,14,985823,申|辛|愼,1974,female,병동,13,2026-01-13,RO,RO,"[518, 452, 552, 481]","[18, 452, 110, 481]",N17,images/schedule_0003_highlighted_grid.png
schedule_0003,highlighted_grid,S0003_R014,14,신지영,신,14,985823,申|辛|愼,1974,female,병동,14,2026-01-14,off,off,"[552, 452, 586, 481]","[18, 452, 110, 481]",O17,images/schedule_0003_highlighted_grid.png
schedule_0003,highlighted_grid,S0003_R014,14,신지영,신,14,985823,申|辛|愼,1974,female,병동,15,2026-01-15,D,d,"[586, 452, 620, 481]","[18, 452, 110, 481]",P17,images/schedule_0003_highlighted_grid.png
schedule_0003,highlighted_grid,S0003_R014,14,신지영,신,14,985823,申|辛|愼,1974,female,병동,16,2026-01-16,E,e,"[620, 452, 654, 481]","[18, 452, 110, 481]",Q17,images/schedule_0003_highlighted_grid.png
schedule_0003,highlighted_grid,S0003_R014,14,신지영,신,14,985823,申|辛|愼,1974,female,병동,17,2026-01-17,F,F,"[654, 452, 688, 481]","[18, 452, 110, 481]",R17,images/schedule_0003_highlighted_grid.png
schedule_0003,highlighted_grid,S0003_R014,14,신지영,신,14,985823,申|辛|愼,1974,female,병동,18,2026-01-18,E,E,"[688, 452, 722, 481]","[18, 452, 110, 481]",S17,images/schedule_0003_highlighted_grid.png
schedule_0003,highlighted_grid,S0003_R014,14,신지영,신,14,985823,申|辛|愼,1974,female,병동,19,2026-01-19,출산,출산,"[722, 452, 756, 481]","[18, 452, 110, 481]",T17,images/schedule_0003_highlighted_grid.png
schedule_0003,highlighted_grid,S0003_R014,14,신지영,신,14,985823,申|辛|愼,1974,female,병동,20,2026-01-20,-,-,"[756, 452, 790, 481]","[18, 452, 110, 481]",U17,images/schedule_0003_highlighted_grid.png
schedule_0003,highlighted_grid,S0003_R014,14,신지영,신,14,985823,申|辛|愼,1974,female,병동,21,2026-01-21,경조,경조,"[790, 452, 824, 481]","[18, 452, 110, 481]",V17,images/schedule_0003_highlighted_grid.png
schedule_0003,highlighted_grid,S0003_R014,14,신지영,신,14,985823,申|辛|愼,1974,female,병동,22,2026-01-22,ADO,AdO,"[824, 452, 858, 481]","[18, 452, 110, 481]",W17,images/schedule_0003_highlighted_grid.png
schedule_0003,highlighted_grid,S0003_R014,14,신지영,신,14,985823,申|辛|愼,1974,female,병동,23,2026-01-23,Off,ofF,"[858, 452, 892, 481]","[18, 452, 110, 481]",X17,images/schedule_0003_highlighted_grid.png
schedule_0003,highlighted_grid,S0003_R014,14,신지영,신,14,985823,申|辛|愼,1974,female,병동,24,2026-01-24,PH,PH,"[892, 452, 926, 481]","[18, 452, 110, 481]",Y17,images/schedule_0003_highlighted_grid.png
schedule_0003,highlighted_grid,S0003_R014,14,신지영,신,14,985823,申|辛|愼,1974,female,병동,25,2026-01-25,NA,NA,"[926, 452, 960, 481]","[18, 452, 110, 481]",Z17,images/schedule_0003_highlighted_grid.png
schedule_0003,highlighted_grid,S0003_R014,14,신지영,신,14,985823,申|辛|愼,1974,female,병동,26,2026-01-26,D12,D12,"[960, 452, 994, 481]","[18, 452, 110, 481]",AA17,images/schedule_0003_highlighted_grid.png
schedule_0003,highlighted_grid,S0003_R014,14,신지영,신,14,985823,申|辛|愼,1974,female,병동,27,2026-01-27,D/E,d/E,"[994, 452, 1028, 481]","[18, 452, 110, 481]",AB17,images/schedule_0003_highlighted_grid.png
schedule_0003,highlighted_grid,S0003_R014,14,신지영,신,14,985823,申|辛|愼,1974,female,병동,28,2026-01-28,D5,D5,"[1028, 452, 1062, 481]","[18, 452, 110, 481]",AC17,images/schedule_0003_highlighted_grid.png
schedule_0003,highlighted_grid,S0003_R014,14,신지영,신,14,985823,申|辛|愼,1974,female,병동,29,2026-01-29,MID,MiD,"[1062, 452, 1096, 481]","[18, 452, 110, 481]",AD17,images/schedule_0003_highlighted_grid.png
schedule_0003,highlighted_grid,S0003_R014,14,신지영,신,14,985823,申|辛|愼,1974,female,병동,30,2026-01-30,D,d,"[1096, 452, 1130, 481]","[18, 452, 110, 481]",AE17,images/schedule_0003_highlighted_grid.png
schedule_0003,highlighted_grid,S0003_R014,14,신지영,신,14,985823,申|辛|愼,1974,female,병동,31,2026-01-31,UN,UN,"[1130, 452, 1164, 481]","[18, 452, 110, 481]",AF17,images/schedule_0003_highlighted_grid.png
schedule_0004,grouped_hospital,S0004_R001,1,서가은,서,13,751704,徐,2004,female,1파트,1,2026-06-01,WO,wo,"[196, 134, 224, 161]","[110, 134, 196, 161]",C4,images/schedule_0004_grouped_hospital.png
schedule_0004,grouped_hospital,S0004_R001,1,서가은,서,13,751704,徐,2004,female,1파트,2,2026-06-02,H⁺,H⁺,"[224, 134, 252, 161]","[110, 134, 196, 161]",D4,images/schedule_0004_grouped_hospital.png
schedule_0004,grouped_hospital,S0004_R001,1,서가은,서,13,751704,徐,2004,female,1파트,3,2026-06-03,O,O,"[252, 134, 280, 161]","[110, 134, 196, 161]",E4,images/schedule_0004_grouped_hospital.png
schedule_0004,grouped_hospital,S0004_R001,1,서가은,서,13,751704,徐,2004,female,1파트,4,2026-06-04,D,D,"[280, 134, 308, 161]","[110, 134, 196, 161]",F4,images/schedule_0004_grouped_hospital.png
schedule_0004,grouped_hospital,S0004_R001,1,서가은,서,13,751704,徐,2004,female,1파트,5,2026-06-05,E,e,"[308, 134, 336, 161]","[110, 134, 196, 161]",G4,images/schedule_0004_grouped_hospital.png
schedule_0004,grouped_hospital,S0004_R001,1,서가은,서,13,751704,徐,2004,female,1파트,6,2026-06-06,O,o,"[336, 134, 364, 161]","[110, 134, 196, 161]",H4,images/schedule_0004_grouped_hospital.png
schedule_0004,grouped_hospital,S0004_R001,1,서가은,서,13,751704,徐,2004,female,1파트,7,2026-06-07,D,D,"[364, 134, 392, 161]","[110, 134, 196, 161]",I4,images/schedule_0004_grouped_hospital.png
schedule_0004,grouped_hospital,S0004_R001,1,서가은,서,13,751704,徐,2004,female,1파트,8,2026-06-08,O,o,"[392, 134, 420, 161]","[110, 134, 196, 161]",J4,images/schedule_0004_grouped_hospital.png
schedule_0004,grouped_hospital,S0004_R001,1,서가은,서,13,751704,徐,2004,female,1파트,9,2026-06-09,PM,PM,"[420, 134, 448, 161]","[110, 134, 196, 161]",K4,images/schedule_0004_grouped_hospital.png
schedule_0004,grouped_hospital,S0004_R001,1,서가은,서,13,751704,徐,2004,female,1파트,10,2026-06-10,LD,lD,"[448, 134, 476, 161]","[110, 134, 196, 161]",L4,images/schedule_0004_grouped_hospital.png
schedule_0004,grouped_hospital,S0004_R001,1,서가은,서,13,751704,徐,2004,female,1파트,11,2026-06-11,LD,LD,"[476, 134, 504, 161]","[110, 134, 196, 161]",M4,images/schedule_0004_grouped_hospital.png
schedule_0004,grouped_hospital,S0004_R001,1,서가은,서,13,751704,徐,2004,female,1파트,12,2026-06-12,Off,Off,"[504, 134, 532, 161]","[110, 134, 196, 161]",N4,images/schedule_0004_grouped_hospital.png
schedule_0004,grouped_hospital,S0004_R001,1,서가은,서,13,751704,徐,2004,female,1파트,13,2026-06-13,AO,ao,"[532, 134, 560, 161]","[110, 134, 196, 161]",O4,images/schedule_0004_grouped_hospital.png
schedule_0004,grouped_hospital,S0004_R001,1,서가은,서,13,751704,徐,2004,female,1파트,14,2026-06-14,PM,PM,"[560, 134, 588, 161]","[110, 134, 196, 161]",P4,images/schedule_0004_grouped_hospital.png
schedule_0004,grouped_hospital,S0004_R001,1,서가은,서,13,751704,徐,2004,female,1파트,15,2026-06-15,DH,dH,"[588, 134, 616, 161]","[110, 134, 196, 161]",Q4,images/schedule_0004_grouped_hospital.png
schedule_0004,grouped_hospital,S0004_R001,1,서가은,서,13,751704,徐,2004,female,1파트,16,2026-06-16,N,N,"[616, 134, 644, 161]","[110, 134, 196, 161]",R4,images/schedule_0004_grouped_hospital.png
schedule_0004,grouped_hospital,S0004_R001,1,서가은,서,13,751704,徐,2004,female,1파트,17,2026-06-17,F,F,"[644, 134, 672, 161]","[110, 134, 196, 161]",S4,images/schedule_0004_grouped_hospital.png
schedule_0004,grouped_hospital,S0004_R001,1,서가은,서,13,751704,徐,2004,female,1파트,18,2026-06-18,F,F,"[672, 134, 700, 161]","[110, 134, 196, 161]",T4,images/schedule_0004_grouped_hospital.png
schedule_0004,grouped_hospital,S0004_R001,1,서가은,서,13,751704,徐,2004,female,1파트,19,2026-06-19,f,f,"[700, 134, 728, 161]","[110, 134, 196, 161]",U4,images/schedule_0004_grouped_hospital.png
schedule_0004,grouped_hospital,S0004_R001,1,서가은,서,13,751704,徐,2004,female,1파트,20,2026-06-20,WO,WO,"[728, 134, 756, 161]","[110, 134, 196, 161]",V4,images/schedule_0004_grouped_hospital.png
schedule_0004,grouped_hospital,S0004_R001,1,서가은,서,13,751704,徐,2004,female,1파트,21,2026-06-21,MD,MD,"[756, 134, 784, 161]","[110, 134, 196, 161]",W4,images/schedule_0004_grouped_hospital.png
schedule_0004,grouped_hospital,S0004_R001,1,서가은,서,13,751704,徐,2004,female,1파트,22,2026-06-22,OFF,oFF,"[784, 134, 812, 161]","[110, 134, 196, 161]",X4,images/schedule_0004_grouped_hospital.png
schedule_0004,grouped_hospital,S0004_R001,1,서가은,서,13,751704,徐,2004,female,1파트,23,2026-06-23,X,X,"[812, 134, 840, 161]","[110, 134, 196, 161]",Y4,images/schedule_0004_grouped_hospital.png
schedule_0004,grouped_hospital,S0004_R001,1,서가은,서,13,751704,徐,2004,female,1파트,24,2026-06-24,PM,pM,"[840, 134, 868, 161]","[110, 134, 196, 161]",Z4,images/schedule_0004_grouped_hospital.png
schedule_0004,grouped_hospital,S0004_R001,1,서가은,서,13,751704,徐,2004,female,1파트,25,2026-06-25,DB,DB,"[868, 134, 896, 161]","[110, 134, 196, 161]",AA4,images/schedule_0004_grouped_hospital.png
schedule_0004,grouped_hospital,S0004_R001,1,서가은,서,13,751704,徐,2004,female,1파트,26,2026-06-26,CCL,CCL,"[896, 134, 924, 161]","[110, 134, 196, 161]",AB4,images/schedule_0004_grouped_hospital.png
schedule_0004,grouped_hospital,S0004_R001,1,서가은,서,13,751704,徐,2004,female,1파트,27,2026-06-27,F,F,"[924, 134, 952, 161]","[110, 134, 196, 161]",AC4,images/schedule_0004_grouped_hospital.png
schedule_0004,grouped_hospital,S0004_R001,1,서가은,서,13,751704,徐,2004,female,1파트,28,2026-06-28,D,D,"[952, 134, 980, 161]","[110, 134, 196, 161]",AD4,images/schedule_0004_grouped_hospital.png
schedule_0004,grouped_hospital,S0004_R001,1,서가은,서,13,751704,徐,2004,female,1파트,29,2026-06-29,O,O,"[980, 134, 1008, 161]","[110, 134, 196, 161]",AE4,images/schedule_0004_grouped_hospital.png
schedule_0004,grouped_hospital,S0004_R001,1,서가은,서,13,751704,徐,2004,female,1파트,30,2026-06-30,E,E,"[1008, 134, 1036, 161]","[110, 134, 196, 161]",AF4,images/schedule_0004_grouped_hospital.png
schedule_0004,grouped_hospital,S0004_R002,2,소옥희,소,68,52427,蘇,1969,female,1파트,1,2026-06-01,A,A,"[196, 161, 224, 188]","[110, 161, 196, 188]",C5,images/schedule_0004_grouped_hospital.png
schedule_0004,grouped_hospital,S0004_R002,2,소옥희,소,68,52427,蘇,1969,female,1파트,2,2026-06-02,A,a,"[224, 161, 252, 188]","[110, 161, 196, 188]",D5,images/schedule_0004_grouped_hospital.png
schedule_0004,grouped_hospital,S0004_R002,2,소옥희,소,68,52427,蘇,1969,female,1파트,3,2026-06-03,D,d,"[252, 161, 280, 188]","[110, 161, 196, 188]",E5,images/schedule_0004_grouped_hospital.png
schedule_0004,grouped_hospital,S0004_R002,2,소옥희,소,68,52427,蘇,1969,female,1파트,4,2026-06-04,F,F,"[280, 161, 308, 188]","[110, 161, 196, 188]",F5,images/schedule_0004_grouped_hospital.png
schedule_0004,grouped_hospital,S0004_R002,2,소옥희,소,68,52427,蘇,1969,female,1파트,5,2026-06-05,f,f,"[308, 161, 336, 188]","[110, 161, 196, 188]",G5,images/schedule_0004_grouped_hospital.png
schedule_0004,grouped_hospital,S0004_R002,2,소옥희,소,68,52427,蘇,1969,female,1파트,6,2026-06-06,D,d,"[336, 161, 364, 188]","[110, 161, 196, 188]",H5,images/schedule_0004_grouped_hospital.png
schedule_0004,grouped_hospital,S0004_R002,2,소옥희,소,68,52427,蘇,1969,female,1파트,7,2026-06-07,AO,AO,"[364, 161, 392, 188]","[110, 161, 196, 188]",I5,images/schedule_0004_grouped_hospital.png
schedule_0004,grouped_hospital,S0004_R002,2,소옥희,소,68,52427,蘇,1969,female,1파트,8,2026-06-08,AMH,AMH,"[392, 161, 420, 188]","[110, 161, 196, 188]",J5,images/schedule_0004_grouped_hospital.png
schedule_0004,grouped_hospital,S0004_R002,2,소옥희,소,68,52427,蘇,1969,female,1파트,9,2026-06-09,D12,D12,"[420, 161, 448, 188]","[110, 161, 196, 188]",K5,images/schedule_0004_grouped_hospital.png
schedule_0004,grouped_hospital,S0004_R002,2,소옥희,소,68,52427,蘇,1969,female,1파트,10,2026-06-10,CN,cN,"[448, 161, 476, 188]","[110, 161, 196, 188]",L5,images/schedule_0004_grouped_hospital.png
schedule_0004,grouped_hospital,S0004_R002,2,소옥희,소,68,52427,蘇,1969,female,1파트,11,2026-06-11,TL,tL,"[476, 161, 504, 188]","[110, 161, 196, 188]",M5,images/schedule_0004_grouped_hospital.png
schedule_0004,grouped_hospital,S0004_R002,2,소옥희,소,68,52427,蘇,1969,female,1파트,12,2026-06-12,DE,DE,"[504, 161, 532, 188]","[110, 161, 196, 188]",N5,images/schedule_0004_grouped_hospital.png
schedule_0004,grouped_hospital,S0004_R002,2,소옥희,소,68,52427,蘇,1969,female,1파트,13,2026-06-13,LD,LD,"[532, 161, 560, 188]","[110, 161, 196, 188]",O5,images/schedule_0004_grouped_hospital.png
schedule_0004,grouped_hospital,S0004_R002,2,소옥희,소,68,52427,蘇,1969,female,1파트,14,2026-06-14,VL,Vl,"[560, 161, 588, 188]","[110, 161, 196, 188]",P5,images/schedule_0004_grouped_hospital.png
schedule_0004,grouped_hospital,S0004_R002,2,소옥희,소,68,52427,蘇,1969,female,1파트,15,2026-06-15,H+,H+,"[588, 161, 616, 188]","[110, 161, 196, 188]",Q5,images/schedule_0004_grouped_hospital.png
schedule_0004,grouped_hospital,S0004_R002,2,소옥희,소,68,52427,蘇,1969,female,1파트,16,2026-06-16,DE,dE,"[616, 161, 644, 188]","[110, 161, 196, 188]",R5,images/schedule_0004_grouped_hospital.png
schedule_0004,grouped_hospital,S0004_R002,2,소옥희,소,68,52427,蘇,1969,female,1파트,17,2026-06-17,MTG,MTg,"[644, 161, 672, 188]","[110, 161, 196, 188]",S5,images/schedule_0004_grouped_hospital.png
schedule_0004,grouped_hospital,S0004_R002,2,소옥희,소,68,52427,蘇,1969,female,1파트,18,2026-06-18,OR,OR,"[672, 161, 700, 188]","[110, 161, 196, 188]",T5,images/schedule_0004_grouped_hospital.png
schedule_0004,grouped_hospital,S0004_R002,2,소옥희,소,68,52427,蘇,1969,female,1파트,19,2026-06-19,-,-,"[700, 161, 728, 188]","[110, 161, 196, 188]",U5,images/schedule_0004_grouped_hospital.png
schedule_0004,grouped_hospital,S0004_R002,2,소옥희,소,68,52427,蘇,1969,female,1파트,20,2026-06-20,UN,UN,"[728, 161, 756, 188]","[110, 161, 196, 188]",V5,images/schedule_0004_grouped_hospital.png
schedule_0004,grouped_hospital,S0004_R002,2,소옥희,소,68,52427,蘇,1969,female,1파트,21,2026-06-21,OC,oC,"[756, 161, 784, 188]","[110, 161, 196, 188]",W5,images/schedule_0004_grouped_hospital.png
schedule_0004,grouped_hospital,S0004_R002,2,소옥희,소,68,52427,蘇,1969,female,1파트,22,2026-06-22,DO,Do,"[784, 161, 812, 188]","[110, 161, 196, 188]",X5,images/schedule_0004_grouped_hospital.png
schedule_0004,grouped_hospital,S0004_R002,2,소옥희,소,68,52427,蘇,1969,female,1파트,23,2026-06-23,OF,Of,"[812, 161, 840, 188]","[110, 161, 196, 188]",Y5,images/schedule_0004_grouped_hospital.png
schedule_0004,grouped_hospital,S0004_R002,2,소옥희,소,68,52427,蘇,1969,female,1파트,24,2026-06-24,off,oFF,"[840, 161, 868, 188]","[110, 161, 196, 188]",Z5,images/schedule_0004_grouped_hospital.png
schedule_0004,grouped_hospital,S0004_R002,2,소옥희,소,68,52427,蘇,1969,female,1파트,25,2026-06-25,OFF,oFF,"[868, 161, 896, 188]","[110, 161, 196, 188]",AA5,images/schedule_0004_grouped_hospital.png
schedule_0004,grouped_hospital,S0004_R002,2,소옥희,소,68,52427,蘇,1969,female,1파트,26,2026-06-26,RO,Ro,"[896, 161, 924, 188]","[110, 161, 196, 188]",AB5,images/schedule_0004_grouped_hospital.png
schedule_0004,grouped_hospital,S0004_R002,2,소옥희,소,68,52427,蘇,1969,female,1파트,27,2026-06-27,LD,LD,"[924, 161, 952, 188]","[110, 161, 196, 188]",AC5,images/schedule_0004_grouped_hospital.png
schedule_0004,grouped_hospital,S0004_R002,2,소옥희,소,68,52427,蘇,1969,female,1파트,28,2026-06-28,중,중,"[952, 161, 980, 188]","[110, 161, 196, 188]",AD5,images/schedule_0004_grouped_hospital.png
schedule_0004,grouped_hospital,S0004_R002,2,소옥희,소,68,52427,蘇,1969,female,1파트,29,2026-06-29,HELP,HELP,"[980, 161, 1008, 188]","[110, 161, 196, 188]",AE5,images/schedule_0004_grouped_hospital.png
schedule_0004,grouped_hospital,S0004_R002,2,소옥희,소,68,52427,蘇,1969,female,1파트,30,2026-06-30,NB,NB,"[1008, 161, 1036, 188]","[110, 161, 196, 188]",AF5,images/schedule_0004_grouped_hospital.png
schedule_0004,grouped_hospital,S0004_R003,3,이은정,이,2,7306828,李,1985,female,1파트,1,2026-06-01,EXT,EXt,"[196, 188, 224, 215]","[110, 188, 196, 215]",C6,images/schedule_0004_grouped_hospital.png
schedule_0004,grouped_hospital,S0004_R003,3,이은정,이,2,7306828,李,1985,female,1파트,2,2026-06-02,E,E,"[224, 188, 252, 215]","[110, 188, 196, 215]",D6,images/schedule_0004_grouped_hospital.png
schedule_0004,grouped_hospital,S0004_R003,3,이은정,이,2,7306828,李,1985,female,1파트,3,2026-06-03,MD,MD,"[252, 188, 280, 215]","[110, 188, 196, 215]",E6,images/schedule_0004_grouped_hospital.png
schedule_0004,grouped_hospital,S0004_R003,3,이은정,이,2,7306828,李,1985,female,1파트,4,2026-06-04,WO,WO,"[280, 188, 308, 215]","[110, 188, 196, 215]",F6,images/schedule_0004_grouped_hospital.png
schedule_0004,grouped_hospital,S0004_R003,3,이은정,이,2,7306828,李,1985,female,1파트,5,2026-06-05,당,당,"[308, 188, 336, 215]","[110, 188, 196, 215]",G6,images/schedule_0004_grouped_hospital.png
schedule_0004,grouped_hospital,S0004_R003,3,이은정,이,2,7306828,李,1985,female,1파트,6,2026-06-06,DB,dB,"[336, 188, 364, 215]","[110, 188, 196, 215]",H6,images/schedule_0004_grouped_hospital.png
schedule_0004,grouped_hospital,S0004_R003,3,이은정,이,2,7306828,李,1985,female,1파트,7,2026-06-07,OF,OF,"[364, 188, 392, 215]","[110, 188, 196, 215]",I6,images/schedule_0004_grouped_hospital.png
schedule_0004,grouped_hospital,S0004_R003,3,이은정,이,2,7306828,李,1985,female,1파트,8,2026-06-08,DO,DO,"[392, 188, 420, 215]","[110, 188, 196, 215]",J6,images/schedule_0004_grouped_hospital.png
schedule_0004,grouped_hospital,S0004_R003,3,이은정,이,2,7306828,李,1985,female,1파트,9,2026-06-09,AO,AO,"[420, 188, 448, 215]","[110, 188, 196, 215]",K6,images/schedule_0004_grouped_hospital.png
schedule_0004,grouped_hospital,S0004_R003,3,이은정,이,2,7306828,李,1985,female,1파트,10,2026-06-10,N12,n12,"[448, 188, 476, 215]","[110, 188, 196, 215]",L6,images/schedule_0004_grouped_hospital.png
schedule_0004,grouped_hospital,S0004_R003,3,이은정,이,2,7306828,李,1985,female,1파트,11,2026-06-11,H,H,"[476, 188, 504, 215]","[110, 188, 196, 215]",M6,images/schedule_0004_grouped_hospital.png
schedule_0004,grouped_hospital,S0004_R003,3,이은정,이,2,7306828,李,1985,female,1파트,12,2026-06-12,노조휴가,노조휴가,"[504, 188, 532, 215]","[110, 188, 196, 215]",N6,images/schedule_0004_grouped_hospital.png
schedule_0004,grouped_hospital,S0004_R003,3,이은정,이,2,7306828,李,1985,female,1파트,13,2026-06-13,M,M,"[532, 188, 560, 215]","[110, 188, 196, 215]",O6,images/schedule_0004_grouped_hospital.png
schedule_0004,grouped_hospital,S0004_R003,3,이은정,이,2,7306828,李,1985,female,1파트,14,2026-06-14,NB,NB,"[560, 188, 588, 215]","[110, 188, 196, 215]",P6,images/schedule_0004_grouped_hospital.png
schedule_0004,grouped_hospital,S0004_R003,3,이은정,이,2,7306828,李,1985,female,1파트,15,2026-06-15,DN,DN,"[588, 188, 616, 215]","[110, 188, 196, 215]",Q6,images/schedule_0004_grouped_hospital.png
schedule_0004,grouped_hospital,S0004_R003,3,이은정,이,2,7306828,李,1985,female,1파트,16,2026-06-16,STL,STL,"[616, 188, 644, 215]","[110, 188, 196, 215]",R6,images/schedule_0004_grouped_hospital.png
schedule_0004,grouped_hospital,S0004_R003,3,이은정,이,2,7306828,李,1985,female,1파트,17,2026-06-17,N,N,"[644, 188, 672, 215]","[110, 188, 196, 215]",S6,images/schedule_0004_grouped_hospital.png
schedule_0004,grouped_hospital,S0004_R003,3,이은정,이,2,7306828,李,1985,female,1파트,18,2026-06-18,N,n,"[672, 188, 700, 215]","[110, 188, 196, 215]",T6,images/schedule_0004_grouped_hospital.png
schedule_0004,grouped_hospital,S0004_R003,3,이은정,이,2,7306828,李,1985,female,1파트,19,2026-06-19,O,O,"[700, 188, 728, 215]","[110, 188, 196, 215]",U6,images/schedule_0004_grouped_hospital.png
schedule_0004,grouped_hospital,S0004_R003,3,이은정,이,2,7306828,李,1985,female,1파트,20,2026-06-20,O,o,"[728, 188, 756, 215]","[110, 188, 196, 215]",V6,images/schedule_0004_grouped_hospital.png
schedule_0004,grouped_hospital,S0004_R003,3,이은정,이,2,7306828,李,1985,female,1파트,21,2026-06-21,O,O,"[756, 188, 784, 215]","[110, 188, 196, 215]",W6,images/schedule_0004_grouped_hospital.png
schedule_0004,grouped_hospital,S0004_R003,3,이은정,이,2,7306828,李,1985,female,1파트,22,2026-06-22,S,S,"[784, 188, 812, 215]","[110, 188, 196, 215]",X6,images/schedule_0004_grouped_hospital.png
schedule_0004,grouped_hospital,S0004_R003,3,이은정,이,2,7306828,李,1985,female,1파트,23,2026-06-23,공가,공가,"[812, 188, 840, 215]","[110, 188, 196, 215]",Y6,images/schedule_0004_grouped_hospital.png
schedule_0004,grouped_hospital,S0004_R003,3,이은정,이,2,7306828,李,1985,female,1파트,24,2026-06-24,SD,SD,"[840, 188, 868, 215]","[110, 188, 196, 215]",Z6,images/schedule_0004_grouped_hospital.png
schedule_0004,grouped_hospital,S0004_R003,3,이은정,이,2,7306828,李,1985,female,1파트,25,2026-06-25,SD,SD,"[868, 188, 896, 215]","[110, 188, 196, 215]",AA6,images/schedule_0004_grouped_hospital.png
schedule_0004,grouped_hospital,S0004_R003,3,이은정,이,2,7306828,李,1985,female,1파트,26,2026-06-26,RD,RD,"[896, 188, 924, 215]","[110, 188, 196, 215]",AB6,images/schedule_0004_grouped_hospital.png
schedule_0004,grouped_hospital,S0004_R003,3,이은정,이,2,7306828,李,1985,female,1파트,27,2026-06-27,DN,DN,"[924, 188, 952, 215]","[110, 188, 196, 215]",AC6,images/schedule_0004_grouped_hospital.png
schedule_0004,grouped_hospital,S0004_R003,3,이은정,이,2,7306828,李,1985,female,1파트,28,2026-06-28,MID,Mid,"[952, 188, 980, 215]","[110, 188, 196, 215]",AD6,images/schedule_0004_grouped_hospital.png
schedule_0004,grouped_hospital,S0004_R003,3,이은정,이,2,7306828,李,1985,female,1파트,29,2026-06-29,N12,N12,"[980, 188, 1008, 215]","[110, 188, 196, 215]",AE6,images/schedule_0004_grouped_hospital.png
schedule_0004,grouped_hospital,S0004_R003,3,이은정,이,2,7306828,李,1985,female,1파트,30,2026-06-30,WS,Ws,"[1008, 188, 1036, 215]","[110, 188, 196, 215]",AF6,images/schedule_0004_grouped_hospital.png
schedule_0004,grouped_hospital,S0004_R004,4,유동훈,유,21,949428,柳|劉|兪,1981,male,1파트,1,2026-06-01,출,출,"[196, 215, 224, 242]","[110, 215, 196, 242]",C7,images/schedule_0004_grouped_hospital.png
schedule_0004,grouped_hospital,S0004_R004,4,유동훈,유,21,949428,柳|劉|兪,1981,male,1파트,2,2026-06-02,P,P,"[224, 215, 252, 242]","[110, 215, 196, 242]",D7,images/schedule_0004_grouped_hospital.png
schedule_0004,grouped_hospital,S0004_R004,4,유동훈,유,21,949428,柳|劉|兪,1981,male,1파트,3,2026-06-03,X,X,"[252, 215, 280, 242]","[110, 215, 196, 242]",E7,images/schedule_0004_grouped_hospital.png
schedule_0004,grouped_hospital,S0004_R004,4,유동훈,유,21,949428,柳|劉|兪,1981,male,1파트,4,2026-06-04,PM,PM,"[280, 215, 308, 242]","[110, 215, 196, 242]",F7,images/schedule_0004_grouped_hospital.png
schedule_0004,grouped_hospital,S0004_R004,4,유동훈,유,21,949428,柳|劉|兪,1981,male,1파트,5,2026-06-05,MID,MID,"[308, 215, 336, 242]","[110, 215, 196, 242]",G7,images/schedule_0004_grouped_hospital.png
schedule_0004,grouped_hospital,S0004_R004,4,유동훈,유,21,949428,柳|劉|兪,1981,male,1파트,6,2026-06-06,OFF,OfF,"[336, 215, 364, 242]","[110, 215, 196, 242]",H7,images/schedule_0004_grouped_hospital.png
schedule_0004,grouped_hospital,S0004_R004,4,유동훈,유,21,949428,柳|劉|兪,1981,male,1파트,7,2026-06-07,E,E,"[364, 215, 392, 242]","[110, 215, 196, 242]",I7,images/schedule_0004_grouped_hospital.png
schedule_0004,grouped_hospital,S0004_R004,4,유동훈,유,21,949428,柳|劉|兪,1981,male,1파트,8,2026-06-08,OFF,OFf,"[392, 215, 420, 242]","[110, 215, 196, 242]",J7,images/schedule_0004_grouped_hospital.png
schedule_0004,grouped_hospital,S0004_R004,4,유동훈,유,21,949428,柳|劉|兪,1981,male,1파트,9,2026-06-09,회의,회의,"[420, 215, 448, 242]","[110, 215, 196, 242]",K7,images/schedule_0004_grouped_hospital.png
schedule_0004,grouped_hospital,S0004_R004,4,유동훈,유,21,949428,柳|劉|兪,1981,male,1파트,10,2026-06-10,E,E,"[448, 215, 476, 242]","[110, 215, 196, 242]",L7,images/schedule_0004_grouped_hospital.png
schedule_0004,grouped_hospital,S0004_R004,4,유동훈,유,21,949428,柳|劉|兪,1981,male,1파트,11,2026-06-11,F,F,"[476, 215, 504, 242]","[110, 215, 196, 242]",M7,images/schedule_0004_grouped_hospital.png
schedule_0004,grouped_hospital,S0004_R004,4,유동훈,유,21,949428,柳|劉|兪,1981,male,1파트,12,2026-06-12,D,D,"[504, 215, 532, 242]","[110, 215, 196, 242]",N7,images/schedule_0004_grouped_hospital.png
schedule_0004,grouped_hospital,S0004_R004,4,유동훈,유,21,949428,柳|劉|兪,1981,male,1파트,13,2026-06-13,D,D,"[532, 215, 560, 242]","[110, 215, 196, 242]",O7,images/schedule_0004_grouped_hospital.png
schedule_0004,grouped_hospital,S0004_R004,4,유동훈,유,21,949428,柳|劉|兪,1981,male,1파트,14,2026-06-14,노조,노조,"[560, 215, 588, 242]","[110, 215, 196, 242]",P7,images/schedule_0004_grouped_hospital.png
schedule_0004,grouped_hospital,S0004_R004,4,유동훈,유,21,949428,柳|劉|兪,1981,male,1파트,15,2026-06-15,E,E,"[588, 215, 616, 242]","[110, 215, 196, 242]",Q7,images/schedule_0004_grouped_hospital.png
schedule_0004,grouped_hospital,S0004_R004,4,유동훈,유,21,949428,柳|劉|兪,1981,male,1파트,16,2026-06-16,OFF,OFF,"[616, 215, 644, 242]","[110, 215, 196, 242]",R7,images/schedule_0004_grouped_hospital.png
schedule_0004,grouped_hospital,S0004_R004,4,유동훈,유,21,949428,柳|劉|兪,1981,male,1파트,17,2026-06-17,OH,OH,"[644, 215, 672, 242]","[110, 215, 196, 242]",S7,images/schedule_0004_grouped_hospital.png
schedule_0004,grouped_hospital,S0004_R004,4,유동훈,유,21,949428,柳|劉|兪,1981,male,1파트,18,2026-06-18,D12,D12,"[672, 215, 700, 242]","[110, 215, 196, 242]",T7,images/schedule_0004_grouped_hospital.png
schedule_0004,grouped_hospital,S0004_R004,4,유동훈,유,21,949428,柳|劉|兪,1981,male,1파트,19,2026-06-19,D12,D12,"[700, 215, 728, 242]","[110, 215, 196, 242]",U7,images/schedule_0004_grouped_hospital.png
schedule_0004,grouped_hospital,S0004_R004,4,유동훈,유,21,949428,柳|劉|兪,1981,male,1파트,20,2026-06-20,—,—,"[728, 215, 756, 242]","[110, 215, 196, 242]",V7,images/schedule_0004_grouped_hospital.png
schedule_0004,grouped_hospital,S0004_R004,4,유동훈,유,21,949428,柳|劉|兪,1981,male,1파트,21,2026-06-21,ADO,Ado,"[756, 215, 784, 242]","[110, 215, 196, 242]",W7,images/schedule_0004_grouped_hospital.png
schedule_0004,grouped_hospital,S0004_R004,4,유동훈,유,21,949428,柳|劉|兪,1981,male,1파트,22,2026-06-22,D,D,"[784, 215, 812, 242]","[110, 215, 196, 242]",X7,images/schedule_0004_grouped_hospital.png
schedule_0004,grouped_hospital,S0004_R004,4,유동훈,유,21,949428,柳|劉|兪,1981,male,1파트,23,2026-06-23,생,생,"[812, 215, 840, 242]","[110, 215, 196, 242]",Y7,images/schedule_0004_grouped_hospital.png
schedule_0004,grouped_hospital,S0004_R004,4,유동훈,유,21,949428,柳|劉|兪,1981,male,1파트,24,2026-06-24,D,D,"[840, 215, 868, 242]","[110, 215, 196, 242]",Z7,images/schedule_0004_grouped_hospital.png
schedule_0004,grouped_hospital,S0004_R004,4,유동훈,유,21,949428,柳|劉|兪,1981,male,1파트,25,2026-06-25,D,D,"[868, 215, 896, 242]","[110, 215, 196, 242]",AA7,images/schedule_0004_grouped_hospital.png
schedule_0004,grouped_hospital,S0004_R004,4,유동훈,유,21,949428,柳|劉|兪,1981,male,1파트,26,2026-06-26,D,D,"[896, 215, 924, 242]","[110, 215, 196, 242]",AB7,images/schedule_0004_grouped_hospital.png
schedule_0004,grouped_hospital,S0004_R004,4,유동훈,유,21,949428,柳|劉|兪,1981,male,1파트,27,2026-06-27,O,O,"[924, 215, 952, 242]","[110, 215, 196, 242]",AC7,images/schedule_0004_grouped_hospital.png
schedule_0004,grouped_hospital,S0004_R004,4,유동훈,유,21,949428,柳|劉|兪,1981,male,1파트,28,2026-06-28,O,o,"[952, 215, 980, 242]","[110, 215, 196, 242]",AD7,images/schedule_0004_grouped_hospital.png
schedule_0004,grouped_hospital,S0004_R004,4,유동훈,유,21,949428,柳|劉|兪,1981,male,1파트,29,2026-06-29,O,o,"[980, 215, 1008, 242]","[110, 215, 196, 242]",AE7,images/schedule_0004_grouped_hospital.png
schedule_0004,grouped_hospital,S0004_R004,4,유동훈,유,21,949428,柳|劉|兪,1981,male,1파트,30,2026-06-30,DN,DN,"[1008, 215, 1036, 242]","[110, 215, 196, 242]",AF7,images/schedule_0004_grouped_hospital.png
schedule_0004,grouped_hospital,S0004_R005,5,전지원,전,19,745579,全|田,2003,female,1파트,1,2026-06-01,RO,RO,"[196, 242, 224, 269]","[110, 242, 196, 269]",C8,images/schedule_0004_grouped_hospital.png
schedule_0004,grouped_hospital,S0004_R005,5,전지원,전,19,745579,全|田,2003,female,1파트,2,2026-06-02,반,반,"[224, 242, 252, 269]","[110, 242, 196, 269]",D8,images/schedule_0004_grouped_hospital.png
schedule_0004,grouped_hospital,S0004_R005,5,전지원,전,19,745579,全|田,2003,female,1파트,3,2026-06-03,RO,RO,"[252, 242, 280, 269]","[110, 242, 196, 269]",E8,images/schedule_0004_grouped_hospital.png
schedule_0004,grouped_hospital,S0004_R005,5,전지원,전,19,745579,全|田,2003,female,1파트,4,2026-06-04,D12,D12,"[280, 242, 308, 269]","[110, 242, 196, 269]",F8,images/schedule_0004_grouped_hospital.png
schedule_0004,grouped_hospital,S0004_R005,5,전지원,전,19,745579,全|田,2003,female,1파트,5,2026-06-05,M,M,"[308, 242, 336, 269]","[110, 242, 196, 269]",G8,images/schedule_0004_grouped_hospital.png
schedule_0004,grouped_hospital,S0004_R005,5,전지원,전,19,745579,全|田,2003,female,1파트,6,2026-06-06,D5,D5,"[336, 242, 364, 269]","[110, 242, 196, 269]",H8,images/schedule_0004_grouped_hospital.png
schedule_0004,grouped_hospital,S0004_R005,5,전지원,전,19,745579,全|田,2003,female,1파트,7,2026-06-07,RD,RD,"[364, 242, 392, 269]","[110, 242, 196, 269]",I8,images/schedule_0004_grouped_hospital.png
schedule_0004,grouped_hospital,S0004_R005,5,전지원,전,19,745579,全|田,2003,female,1파트,8,2026-06-08,MD,md,"[392, 242, 420, 269]","[110, 242, 196, 269]",J8,images/schedule_0004_grouped_hospital.png
schedule_0004,grouped_hospital,S0004_R005,5,전지원,전,19,745579,全|田,2003,female,1파트,9,2026-06-09,당,당,"[420, 242, 448, 269]","[110, 242, 196, 269]",K8,images/schedule_0004_grouped_hospital.png
schedule_0004,grouped_hospital,S0004_R005,5,전지원,전,19,745579,全|田,2003,female,1파트,10,2026-06-10,RO,RO,"[448, 242, 476, 269]","[110, 242, 196, 269]",L8,images/schedule_0004_grouped_hospital.png
schedule_0004,grouped_hospital,S0004_R005,5,전지원,전,19,745579,全|田,2003,female,1파트,11,2026-06-11,D5,D5,"[476, 242, 504, 269]","[110, 242, 196, 269]",M8,images/schedule_0004_grouped_hospital.png
schedule_0004,grouped_hospital,S0004_R005,5,전지원,전,19,745579,全|田,2003,female,1파트,12,2026-06-12,SH,Sh,"[504, 242, 532, 269]","[110, 242, 196, 269]",N8,images/schedule_0004_grouped_hospital.png
schedule_0004,grouped_hospital,S0004_R005,5,전지원,전,19,745579,全|田,2003,female,1파트,13,2026-06-13,O/C,O/C,"[532, 242, 560, 269]","[110, 242, 196, 269]",O8,images/schedule_0004_grouped_hospital.png
schedule_0004,grouped_hospital,S0004_R005,5,전지원,전,19,745579,全|田,2003,female,1파트,14,2026-06-14,DB,DB,"[560, 242, 588, 269]","[110, 242, 196, 269]",P8,images/schedule_0004_grouped_hospital.png
schedule_0004,grouped_hospital,S0004_R005,5,전지원,전,19,745579,全|田,2003,female,1파트,15,2026-06-15,LD,LD,"[588, 242, 616, 269]","[110, 242, 196, 269]",Q8,images/schedule_0004_grouped_hospital.png
schedule_0004,grouped_hospital,S0004_R005,5,전지원,전,19,745579,全|田,2003,female,1파트,16,2026-06-16,RD,Rd,"[616, 242, 644, 269]","[110, 242, 196, 269]",R8,images/schedule_0004_grouped_hospital.png
schedule_0004,grouped_hospital,S0004_R005,5,전지원,전,19,745579,全|田,2003,female,1파트,17,2026-06-17,AM,Am,"[644, 242, 672, 269]","[110, 242, 196, 269]",S8,images/schedule_0004_grouped_hospital.png
schedule_0004,grouped_hospital,S0004_R005,5,전지원,전,19,745579,全|田,2003,female,1파트,18,2026-06-18,EXT,EXT,"[672, 242, 700, 269]","[110, 242, 196, 269]",T8,images/schedule_0004_grouped_hospital.png
schedule_0004,grouped_hospital,S0004_R005,5,전지원,전,19,745579,全|田,2003,female,1파트,19,2026-06-19,D/E,D/E,"[700, 242, 728, 269]","[110, 242, 196, 269]",U8,images/schedule_0004_grouped_hospital.png
schedule_0004,grouped_hospital,S0004_R005,5,전지원,전,19,745579,全|田,2003,female,1파트,20,2026-06-20,ON,ON,"[728, 242, 756, 269]","[110, 242, 196, 269]",V8,images/schedule_0004_grouped_hospital.png
schedule_0004,grouped_hospital,S0004_R005,5,전지원,전,19,745579,全|田,2003,female,1파트,21,2026-06-21,RD,RD,"[756, 242, 784, 269]","[110, 242, 196, 269]",W8,images/schedule_0004_grouped_hospital.png
schedule_0004,grouped_hospital,S0004_R005,5,전지원,전,19,745579,全|田,2003,female,1파트,22,2026-06-22,MID,MId,"[784, 242, 812, 269]","[110, 242, 196, 269]",X8,images/schedule_0004_grouped_hospital.png
schedule_0004,grouped_hospital,S0004_R005,5,전지원,전,19,745579,全|田,2003,female,1파트,23,2026-06-23,RO,RO,"[812, 242, 840, 269]","[110, 242, 196, 269]",Y8,images/schedule_0004_grouped_hospital.png
schedule_0004,grouped_hospital,S0004_R005,5,전지원,전,19,745579,全|田,2003,female,1파트,24,2026-06-24,P,p,"[840, 242, 868, 269]","[110, 242, 196, 269]",Z8,images/schedule_0004_grouped_hospital.png
schedule_0004,grouped_hospital,S0004_R005,5,전지원,전,19,745579,全|田,2003,female,1파트,25,2026-06-25,M,M,"[868, 242, 896, 269]","[110, 242, 196, 269]",AA8,images/schedule_0004_grouped_hospital.png
schedule_0004,grouped_hospital,S0004_R005,5,전지원,전,19,745579,全|田,2003,female,1파트,26,2026-06-26,AM,AM,"[896, 242, 924, 269]","[110, 242, 196, 269]",AB8,images/schedule_0004_grouped_hospital.png
schedule_0004,grouped_hospital,S0004_R005,5,전지원,전,19,745579,全|田,2003,female,1파트,27,2026-06-27,휴직,휴직,"[924, 242, 952, 269]","[110, 242, 196, 269]",AC8,images/schedule_0004_grouped_hospital.png
schedule_0004,grouped_hospital,S0004_R005,5,전지원,전,19,745579,全|田,2003,female,1파트,28,2026-06-28,RD,RD,"[952, 242, 980, 269]","[110, 242, 196, 269]",AD8,images/schedule_0004_grouped_hospital.png
schedule_0004,grouped_hospital,S0004_R005,5,전지원,전,19,745579,全|田,2003,female,1파트,29,2026-06-29,D12,D12,"[980, 242, 1008, 269]","[110, 242, 196, 269]",AE8,images/schedule_0004_grouped_hospital.png
schedule_0004,grouped_hospital,S0004_R005,5,전지원,전,19,745579,全|田,2003,female,1파트,30,2026-06-30,—,—,"[1008, 242, 1036, 269]","[110, 242, 196, 269]",AF8,images/schedule_0004_grouped_hospital.png
schedule_0004,grouped_hospital,S0004_R006,6,김지훈,김,1,10689959,金,2007,male,2파트,1,2026-06-01,NO,no,"[196, 269, 224, 296]","[110, 269, 196, 296]",C9,images/schedule_0004_grouped_hospital.png
schedule_0004,grouped_hospital,S0004_R006,6,김지훈,김,1,10689959,金,2007,male,2파트,2,2026-06-02,D5,D5,"[224, 269, 252, 296]","[110, 269, 196, 296]",D9,images/schedule_0004_grouped_hospital.png
schedule_0004,grouped_hospital,S0004_R006,6,김지훈,김,1,10689959,金,2007,male,2파트,3,2026-06-03,P,P,"[252, 269, 280, 296]","[110, 269, 196, 296]",E9,images/schedule_0004_grouped_hospital.png
schedule_0004,grouped_hospital,S0004_R006,6,김지훈,김,1,10689959,金,2007,male,2파트,4,2026-06-04,CB,cb,"[280, 269, 308, 296]","[110, 269, 196, 296]",F9,images/schedule_0004_grouped_hospital.png
schedule_0004,grouped_hospital,S0004_R006,6,김지훈,김,1,10689959,金,2007,male,2파트,5,2026-06-05,N,n,"[308, 269, 336, 296]","[110, 269, 196, 296]",G9,images/schedule_0004_grouped_hospital.png
schedule_0004,grouped_hospital,S0004_R006,6,김지훈,김,1,10689959,金,2007,male,2파트,6,2026-06-06,N,N,"[336, 269, 364, 296]","[110, 269, 196, 296]",H9,images/schedule_0004_grouped_hospital.png
schedule_0004,grouped_hospital,S0004_R006,6,김지훈,김,1,10689959,金,2007,male,2파트,7,2026-06-07,NPL,NPl,"[364, 269, 392, 296]","[110, 269, 196, 296]",I9,images/schedule_0004_grouped_hospital.png
schedule_0004,grouped_hospital,S0004_R006,6,김지훈,김,1,10689959,金,2007,male,2파트,8,2026-06-08,OFF,ofF,"[392, 269, 420, 296]","[110, 269, 196, 296]",J9,images/schedule_0004_grouped_hospital.png
schedule_0004,grouped_hospital,S0004_R006,6,김지훈,김,1,10689959,金,2007,male,2파트,9,2026-06-09,E,E,"[420, 269, 448, 296]","[110, 269, 196, 296]",K9,images/schedule_0004_grouped_hospital.png
schedule_0004,grouped_hospital,S0004_R006,6,김지훈,김,1,10689959,金,2007,male,2파트,10,2026-06-10,E,E,"[448, 269, 476, 296]","[110, 269, 196, 296]",L9,images/schedule_0004_grouped_hospital.png
schedule_0004,grouped_hospital,S0004_R006,6,김지훈,김,1,10689959,金,2007,male,2파트,11,2026-06-11,E,e,"[476, 269, 504, 296]","[110, 269, 196, 296]",M9,images/schedule_0004_grouped_hospital.png
schedule_0004,grouped_hospital,S0004_R006,6,김지훈,김,1,10689959,金,2007,male,2파트,12,2026-06-12,O,O,"[504, 269, 532, 296]","[110, 269, 196, 296]",N9,images/schedule_0004_grouped_hospital.png
schedule_0004,grouped_hospital,S0004_R006,6,김지훈,김,1,10689959,金,2007,male,2파트,13,2026-06-13,O,O,"[532, 269, 560, 296]","[110, 269, 196, 296]",O9,images/schedule_0004_grouped_hospital.png
schedule_0004,grouped_hospital,S0004_R006,6,김지훈,김,1,10689959,金,2007,male,2파트,14,2026-06-14,NA,NA,"[560, 269, 588, 296]","[110, 269, 196, 296]",P9,images/schedule_0004_grouped_hospital.png
schedule_0004,grouped_hospital,S0004_R006,6,김지훈,김,1,10689959,金,2007,male,2파트,15,2026-06-15,D/E,D/E,"[588, 269, 616, 296]","[110, 269, 196, 296]",Q9,images/schedule_0004_grouped_hospital.png
schedule_0004,grouped_hospital,S0004_R006,6,김지훈,김,1,10689959,金,2007,male,2파트,16,2026-06-16,AO,AO,"[616, 269, 644, 296]","[110, 269, 196, 296]",R9,images/schedule_0004_grouped_hospital.png
schedule_0004,grouped_hospital,S0004_R006,6,김지훈,김,1,10689959,金,2007,male,2파트,17,2026-06-17,MID,MID,"[644, 269, 672, 296]","[110, 269, 196, 296]",S9,images/schedule_0004_grouped_hospital.png
schedule_0004,grouped_hospital,S0004_R006,6,김지훈,김,1,10689959,金,2007,male,2파트,18,2026-06-18,X,X,"[672, 269, 700, 296]","[110, 269, 196, 296]",T9,images/schedule_0004_grouped_hospital.png
schedule_0004,grouped_hospital,S0004_R006,6,김지훈,김,1,10689959,金,2007,male,2파트,19,2026-06-19,PACU,PACU,"[700, 269, 728, 296]","[110, 269, 196, 296]",U9,images/schedule_0004_grouped_hospital.png
schedule_0004,grouped_hospital,S0004_R006,6,김지훈,김,1,10689959,金,2007,male,2파트,20,2026-06-20,DE,De,"[728, 269, 756, 296]","[110, 269, 196, 296]",V9,images/schedule_0004_grouped_hospital.png
schedule_0004,grouped_hospital,S0004_R006,6,김지훈,김,1,10689959,金,2007,male,2파트,21,2026-06-21,X,X,"[756, 269, 784, 296]","[110, 269, 196, 296]",W9,images/schedule_0004_grouped_hospital.png
schedule_0004,grouped_hospital,S0004_R006,6,김지훈,김,1,10689959,金,2007,male,2파트,22,2026-06-22,LD,Ld,"[784, 269, 812, 296]","[110, 269, 196, 296]",X9,images/schedule_0004_grouped_hospital.png
schedule_0004,grouped_hospital,S0004_R006,6,김지훈,김,1,10689959,金,2007,male,2파트,23,2026-06-23,NA,nA,"[812, 269, 840, 296]","[110, 269, 196, 296]",Y9,images/schedule_0004_grouped_hospital.png
schedule_0004,grouped_hospital,S0004_R006,6,김지훈,김,1,10689959,金,2007,male,2파트,24,2026-06-24,NB,nB,"[840, 269, 868, 296]","[110, 269, 196, 296]",Z9,images/schedule_0004_grouped_hospital.png
schedule_0004,grouped_hospital,S0004_R006,6,김지훈,김,1,10689959,金,2007,male,2파트,25,2026-06-25,-,-,"[868, 269, 896, 296]","[110, 269, 196, 296]",AA9,images/schedule_0004_grouped_hospital.png
schedule_0004,grouped_hospital,S0004_R006,6,김지훈,김,1,10689959,金,2007,male,2파트,26,2026-06-26,SH,SH,"[896, 269, 924, 296]","[110, 269, 196, 296]",AB9,images/schedule_0004_grouped_hospital.png
schedule_0004,grouped_hospital,S0004_R006,6,김지훈,김,1,10689959,金,2007,male,2파트,27,2026-06-27,H,H,"[924, 269, 952, 296]","[110, 269, 196, 296]",AC9,images/schedule_0004_grouped_hospital.png
schedule_0004,grouped_hospital,S0004_R006,6,김지훈,김,1,10689959,金,2007,male,2파트,28,2026-06-28,AM,Am,"[952, 269, 980, 296]","[110, 269, 196, 296]",AD9,images/schedule_0004_grouped_hospital.png
schedule_0004,grouped_hospital,S0004_R006,6,김지훈,김,1,10689959,金,2007,male,2파트,29,2026-06-29,PM,PM,"[980, 269, 1008, 296]","[110, 269, 196, 296]",AE9,images/schedule_0004_grouped_hospital.png
schedule_0004,grouped_hospital,S0004_R006,6,김지훈,김,1,10689959,金,2007,male,2파트,30,2026-06-30,H,h,"[1008, 269, 1036, 296]","[110, 269, 196, 296]",AF9,images/schedule_0004_grouped_hospital.png
schedule_0004,grouped_hospital,S0004_R007,7,천소현,천,54,121780,千,2001,female,2파트,1,2026-06-01,DL,DL,"[196, 296, 224, 323]","[110, 296, 196, 323]",C10,images/schedule_0004_grouped_hospital.png
schedule_0004,grouped_hospital,S0004_R007,7,천소현,천,54,121780,千,2001,female,2파트,2,2026-06-02,DB,db,"[224, 296, 252, 323]","[110, 296, 196, 323]",D10,images/schedule_0004_grouped_hospital.png
schedule_0004,grouped_hospital,S0004_R007,7,천소현,천,54,121780,千,2001,female,2파트,3,2026-06-03,N12,N12,"[252, 296, 280, 323]","[110, 296, 196, 323]",E10,images/schedule_0004_grouped_hospital.png
schedule_0004,grouped_hospital,S0004_R007,7,천소현,천,54,121780,千,2001,female,2파트,4,2026-06-04,ADO,ado,"[280, 296, 308, 323]","[110, 296, 196, 323]",F10,images/schedule_0004_grouped_hospital.png
schedule_0004,grouped_hospital,S0004_R007,7,천소현,천,54,121780,千,2001,female,2파트,5,2026-06-05,D,D,"[308, 296, 336, 323]","[110, 296, 196, 323]",G10,images/schedule_0004_grouped_hospital.png
schedule_0004,grouped_hospital,S0004_R007,7,천소현,천,54,121780,千,2001,female,2파트,6,2026-06-06,D,d,"[336, 296, 364, 323]","[110, 296, 196, 323]",H10,images/schedule_0004_grouped_hospital.png
schedule_0004,grouped_hospital,S0004_R007,7,천소현,천,54,121780,千,2001,female,2파트,7,2026-06-07,F,F,"[364, 296, 392, 323]","[110, 296, 196, 323]",I10,images/schedule_0004_grouped_hospital.png
schedule_0004,grouped_hospital,S0004_R007,7,천소현,천,54,121780,千,2001,female,2파트,8,2026-06-08,f,f,"[392, 296, 420, 323]","[110, 296, 196, 323]",J10,images/schedule_0004_grouped_hospital.png
schedule_0004,grouped_hospital,S0004_R007,7,천소현,천,54,121780,千,2001,female,2파트,9,2026-06-09,공가,공가,"[420, 296, 448, 323]","[110, 296, 196, 323]",K10,images/schedule_0004_grouped_hospital.png
schedule_0004,grouped_hospital,S0004_R007,7,천소현,천,54,121780,千,2001,female,2파트,10,2026-06-10,F,F,"[448, 296, 476, 323]","[110, 296, 196, 323]",L10,images/schedule_0004_grouped_hospital.png
schedule_0004,grouped_hospital,S0004_R007,7,천소현,천,54,121780,千,2001,female,2파트,11,2026-06-11,UN,UN,"[476, 296, 504, 323]","[110, 296, 196, 323]",M10,images/schedule_0004_grouped_hospital.png
schedule_0004,grouped_hospital,S0004_R007,7,천소현,천,54,121780,千,2001,female,2파트,12,2026-06-12,H,H,"[504, 296, 532, 323]","[110, 296, 196, 323]",N10,images/schedule_0004_grouped_hospital.png
schedule_0004,grouped_hospital,S0004_R007,7,천소현,천,54,121780,千,2001,female,2파트,13,2026-06-13,D/E,D/E,"[532, 296, 560, 323]","[110, 296, 196, 323]",O10,images/schedule_0004_grouped_hospital.png
schedule_0004,grouped_hospital,S0004_R007,7,천소현,천,54,121780,千,2001,female,2파트,14,2026-06-14,CSSD,cssd,"[560, 296, 588, 323]","[110, 296, 196, 323]",P10,images/schedule_0004_grouped_hospital.png
schedule_0004,grouped_hospital,S0004_R007,7,천소현,천,54,121780,千,2001,female,2파트,15,2026-06-15,ST,ST,"[588, 296, 616, 323]","[110, 296, 196, 323]",Q10,images/schedule_0004_grouped_hospital.png
schedule_0004,grouped_hospital,S0004_R007,7,천소현,천,54,121780,千,2001,female,2파트,16,2026-06-16,특별휴가,특별휴가,"[616, 296, 644, 323]","[110, 296, 196, 323]",R10,images/schedule_0004_grouped_hospital.png
schedule_0004,grouped_hospital,S0004_R007,7,천소현,천,54,121780,千,2001,female,2파트,17,2026-06-17,ONC,ONC,"[644, 296, 672, 323]","[110, 296, 196, 323]",S10,images/schedule_0004_grouped_hospital.png
schedule_0004,grouped_hospital,S0004_R007,7,천소현,천,54,121780,千,2001,female,2파트,18,2026-06-18,M,m,"[672, 296, 700, 323]","[110, 296, 196, 323]",T10,images/schedule_0004_grouped_hospital.png
schedule_0004,grouped_hospital,S0004_R007,7,천소현,천,54,121780,千,2001,female,2파트,19,2026-06-19,D/E,D/e,"[700, 296, 728, 323]","[110, 296, 196, 323]",U10,images/schedule_0004_grouped_hospital.png
schedule_0004,grouped_hospital,S0004_R007,7,천소현,천,54,121780,千,2001,female,2파트,20,2026-06-20,노,노,"[728, 296, 756, 323]","[110, 296, 196, 323]",V10,images/schedule_0004_grouped_hospital.png
schedule_0004,grouped_hospital,S0004_R007,7,천소현,천,54,121780,千,2001,female,2파트,21,2026-06-21,경,경,"[756, 296, 784, 323]","[110, 296, 196, 323]",W10,images/schedule_0004_grouped_hospital.png
schedule_0004,grouped_hospital,S0004_R007,7,천소현,천,54,121780,千,2001,female,2파트,22,2026-06-22,S,S,"[784, 296, 812, 323]","[110, 296, 196, 323]",X10,images/schedule_0004_grouped_hospital.png
schedule_0004,grouped_hospital,S0004_R007,7,천소현,천,54,121780,千,2001,female,2파트,23,2026-06-23,D,D,"[812, 296, 840, 323]","[110, 296, 196, 323]",Y10,images/schedule_0004_grouped_hospital.png
schedule_0004,grouped_hospital,S0004_R007,7,천소현,천,54,121780,千,2001,female,2파트,24,2026-06-24,F,F,"[840, 296, 868, 323]","[110, 296, 196, 323]",Z10,images/schedule_0004_grouped_hospital.png
schedule_0004,grouped_hospital,S0004_R007,7,천소현,천,54,121780,千,2001,female,2파트,25,2026-06-25,F,F,"[868, 296, 896, 323]","[110, 296, 196, 323]",AA10,images/schedule_0004_grouped_hospital.png
schedule_0004,grouped_hospital,S0004_R007,7,천소현,천,54,121780,千,2001,female,2파트,26,2026-06-26,N,N,"[896, 296, 924, 323]","[110, 296, 196, 323]",AB10,images/schedule_0004_grouped_hospital.png
schedule_0004,grouped_hospital,S0004_R007,7,천소현,천,54,121780,千,2001,female,2파트,27,2026-06-27,F,F,"[924, 296, 952, 323]","[110, 296, 196, 323]",AC10,images/schedule_0004_grouped_hospital.png
schedule_0004,grouped_hospital,S0004_R007,7,천소현,천,54,121780,千,2001,female,2파트,28,2026-06-28,f,f,"[952, 296, 980, 323]","[110, 296, 196, 323]",AD10,images/schedule_0004_grouped_hospital.png
schedule_0004,grouped_hospital,S0004_R007,7,천소현,천,54,121780,千,2001,female,2파트,29,2026-06-29,D,d,"[980, 296, 1008, 323]","[110, 296, 196, 323]",AE10,images/schedule_0004_grouped_hospital.png
schedule_0004,grouped_hospital,S0004_R007,7,천소현,천,54,121780,千,2001,female,2파트,30,2026-06-30,OFF,Off,"[1008, 296, 1036, 323]","[110, 296, 196, 323]",AF10,images/schedule_0004_grouped_hospital.png
schedule_0004,grouped_hospital,S0004_R008,8,오지영,오,12,763281,吳,1975,female,2파트,1,2026-06-01,STL,STL,"[196, 323, 224, 350]","[110, 323, 196, 350]",C11,images/schedule_0004_grouped_hospital.png
schedule_0004,grouped_hospital,S0004_R008,8,오지영,오,12,763281,吳,1975,female,2파트,2,2026-06-02,DN,DN,"[224, 323, 252, 350]","[110, 323, 196, 350]",D11,images/schedule_0004_grouped_hospital.png
schedule_0004,grouped_hospital,S0004_R008,8,오지영,오,12,763281,吳,1975,female,2파트,3,2026-06-03,f,f,"[252, 323, 280, 350]","[110, 323, 196, 350]",E11,images/schedule_0004_grouped_hospital.png
schedule_0004,grouped_hospital,S0004_R008,8,오지영,오,12,763281,吳,1975,female,2파트,4,2026-06-04,MID,MID,"[280, 323, 308, 350]","[110, 323, 196, 350]",F11,images/schedule_0004_grouped_hospital.png
schedule_0004,grouped_hospital,S0004_R008,8,오지영,오,12,763281,吳,1975,female,2파트,5,2026-06-05,EL,EL,"[308, 323, 336, 350]","[110, 323, 196, 350]",G11,images/schedule_0004_grouped_hospital.png
schedule_0004,grouped_hospital,S0004_R008,8,오지영,오,12,763281,吳,1975,female,2파트,6,2026-06-06,ANL,AnL,"[336, 323, 364, 350]","[110, 323, 196, 350]",H11,images/schedule_0004_grouped_hospital.png
schedule_0004,grouped_hospital,S0004_R008,8,오지영,오,12,763281,吳,1975,female,2파트,7,2026-06-07,H+,H+,"[364, 323, 392, 350]","[110, 323, 196, 350]",I11,images/schedule_0004_grouped_hospital.png
schedule_0004,grouped_hospital,S0004_R008,8,오지영,오,12,763281,吳,1975,female,2파트,8,2026-06-08,F,f,"[392, 323, 420, 350]","[110, 323, 196, 350]",J11,images/schedule_0004_grouped_hospital.png
schedule_0004,grouped_hospital,S0004_R008,8,오지영,오,12,763281,吳,1975,female,2파트,9,2026-06-09,F,F,"[420, 323, 448, 350]","[110, 323, 196, 350]",K11,images/schedule_0004_grouped_hospital.png
schedule_0004,grouped_hospital,S0004_R008,8,오지영,오,12,763281,吳,1975,female,2파트,10,2026-06-10,AM,AM,"[448, 323, 476, 350]","[110, 323, 196, 350]",L11,images/schedule_0004_grouped_hospital.png
schedule_0004,grouped_hospital,S0004_R008,8,오지영,오,12,763281,吳,1975,female,2파트,11,2026-06-11,S,S,"[476, 323, 504, 350]","[110, 323, 196, 350]",M11,images/schedule_0004_grouped_hospital.png
schedule_0004,grouped_hospital,S0004_R008,8,오지영,오,12,763281,吳,1975,female,2파트,12,2026-06-12,PO,pO,"[504, 323, 532, 350]","[110, 323, 196, 350]",N11,images/schedule_0004_grouped_hospital.png
schedule_0004,grouped_hospital,S0004_R008,8,오지영,오,12,763281,吳,1975,female,2파트,13,2026-06-13,파견,파견,"[532, 323, 560, 350]","[110, 323, 196, 350]",O11,images/schedule_0004_grouped_hospital.png
schedule_0004,grouped_hospital,S0004_R008,8,오지영,오,12,763281,吳,1975,female,2파트,14,2026-06-14,O,O,"[560, 323, 588, 350]","[110, 323, 196, 350]",P11,images/schedule_0004_grouped_hospital.png
schedule_0004,grouped_hospital,S0004_R008,8,오지영,오,12,763281,吳,1975,female,2파트,15,2026-06-15,파견,파견,"[588, 323, 616, 350]","[110, 323, 196, 350]",Q11,images/schedule_0004_grouped_hospital.png
schedule_0004,grouped_hospital,S0004_R008,8,오지영,오,12,763281,吳,1975,female,2파트,16,2026-06-16,UPL,Upl,"[616, 323, 644, 350]","[110, 323, 196, 350]",R11,images/schedule_0004_grouped_hospital.png
schedule_0004,grouped_hospital,S0004_R008,8,오지영,오,12,763281,吳,1975,female,2파트,17,2026-06-17,주,주,"[644, 323, 672, 350]","[110, 323, 196, 350]",S11,images/schedule_0004_grouped_hospital.png
schedule_0004,grouped_hospital,S0004_R008,8,오지영,오,12,763281,吳,1975,female,2파트,18,2026-06-18,NA,Na,"[672, 323, 700, 350]","[110, 323, 196, 350]",T11,images/schedule_0004_grouped_hospital.png
schedule_0004,grouped_hospital,S0004_R008,8,오지영,오,12,763281,吳,1975,female,2파트,19,2026-06-19,M,M,"[700, 323, 728, 350]","[110, 323, 196, 350]",U11,images/schedule_0004_grouped_hospital.png
schedule_0004,grouped_hospital,S0004_R008,8,오지영,오,12,763281,吳,1975,female,2파트,20,2026-06-20,AM,AM,"[728, 323, 756, 350]","[110, 323, 196, 350]",V11,images/schedule_0004_grouped_hospital.png
schedule_0004,grouped_hospital,S0004_R008,8,오지영,오,12,763281,吳,1975,female,2파트,21,2026-06-21,EL,el,"[756, 323, 784, 350]","[110, 323, 196, 350]",W11,images/schedule_0004_grouped_hospital.png
schedule_0004,grouped_hospital,S0004_R008,8,오지영,오,12,763281,吳,1975,female,2파트,22,2026-06-22,WO,wo,"[784, 323, 812, 350]","[110, 323, 196, 350]",X11,images/schedule_0004_grouped_hospital.png
schedule_0004,grouped_hospital,S0004_R008,8,오지영,오,12,763281,吳,1975,female,2파트,23,2026-06-23,AM,AM,"[812, 323, 840, 350]","[110, 323, 196, 350]",Y11,images/schedule_0004_grouped_hospital.png
schedule_0004,grouped_hospital,S0004_R008,8,오지영,오,12,763281,吳,1975,female,2파트,24,2026-06-24,A,A,"[840, 323, 868, 350]","[110, 323, 196, 350]",Z11,images/schedule_0004_grouped_hospital.png
schedule_0004,grouped_hospital,S0004_R008,8,오지영,오,12,763281,吳,1975,female,2파트,25,2026-06-25,OR,OR,"[868, 323, 896, 350]","[110, 323, 196, 350]",AA11,images/schedule_0004_grouped_hospital.png
schedule_0004,grouped_hospital,S0004_R008,8,오지영,오,12,763281,吳,1975,female,2파트,26,2026-06-26,WO,WO,"[896, 323, 924, 350]","[110, 323, 196, 350]",AB11,images/schedule_0004_grouped_hospital.png
schedule_0004,grouped_hospital,S0004_R008,8,오지영,오,12,763281,吳,1975,female,2파트,27,2026-06-27,DB,db,"[924, 323, 952, 350]","[110, 323, 196, 350]",AC11,images/schedule_0004_grouped_hospital.png
schedule_0004,grouped_hospital,S0004_R008,8,오지영,오,12,763281,吳,1975,female,2파트,28,2026-06-28,-,-,"[952, 323, 980, 350]","[110, 323, 196, 350]",AD11,images/schedule_0004_grouped_hospital.png
schedule_0004,grouped_hospital,S0004_R008,8,오지영,오,12,763281,吳,1975,female,2파트,29,2026-06-29,MID,mID,"[980, 323, 1008, 350]","[110, 323, 196, 350]",AE11,images/schedule_0004_grouped_hospital.png
schedule_0004,grouped_hospital,S0004_R008,8,오지영,오,12,763281,吳,1975,female,2파트,30,2026-06-30,OFF,off,"[1008, 323, 1036, 350]","[110, 323, 196, 350]",AF11,images/schedule_0004_grouped_hospital.png
schedule_0004,grouped_hospital,S0004_R009,9,안지은,안,17,685639,安,1986,female,2파트,1,2026-06-01,DB,DB,"[196, 350, 224, 377]","[110, 350, 196, 377]",C12,images/schedule_0004_grouped_hospital.png
schedule_0004,grouped_hospital,S0004_R009,9,안지은,안,17,685639,安,1986,female,2파트,2,2026-06-02,NA,NA,"[224, 350, 252, 377]","[110, 350, 196, 377]",D12,images/schedule_0004_grouped_hospital.png
schedule_0004,grouped_hospital,S0004_R009,9,안지은,안,17,685639,安,1986,female,2파트,3,2026-06-03,ST,ST,"[252, 350, 280, 377]","[110, 350, 196, 377]",E12,images/schedule_0004_grouped_hospital.png
schedule_0004,grouped_hospital,S0004_R009,9,안지은,안,17,685639,安,1986,female,2파트,4,2026-06-04,WS,WS,"[280, 350, 308, 377]","[110, 350, 196, 377]",F12,images/schedule_0004_grouped_hospital.png
schedule_0004,grouped_hospital,S0004_R009,9,안지은,안,17,685639,安,1986,female,2파트,5,2026-06-05,OFF,Off,"[308, 350, 336, 377]","[110, 350, 196, 377]",G12,images/schedule_0004_grouped_hospital.png
schedule_0004,grouped_hospital,S0004_R009,9,안지은,안,17,685639,安,1986,female,2파트,6,2026-06-06,D,D,"[336, 350, 364, 377]","[110, 350, 196, 377]",H12,images/schedule_0004_grouped_hospital.png
schedule_0004,grouped_hospital,S0004_R009,9,안지은,안,17,685639,安,1986,female,2파트,7,2026-06-07,E,E,"[364, 350, 392, 377]","[110, 350, 196, 377]",I12,images/schedule_0004_grouped_hospital.png
schedule_0004,grouped_hospital,S0004_R009,9,안지은,안,17,685639,安,1986,female,2파트,8,2026-06-08,E,e,"[392, 350, 420, 377]","[110, 350, 196, 377]",J12,images/schedule_0004_grouped_hospital.png
schedule_0004,grouped_hospital,S0004_R009,9,안지은,안,17,685639,安,1986,female,2파트,9,2026-06-09,F,F,"[420, 350, 448, 377]","[110, 350, 196, 377]",K12,images/schedule_0004_grouped_hospital.png
schedule_0004,grouped_hospital,S0004_R009,9,안지은,안,17,685639,安,1986,female,2파트,10,2026-06-10,D,D,"[448, 350, 476, 377]","[110, 350, 196, 377]",L12,images/schedule_0004_grouped_hospital.png
schedule_0004,grouped_hospital,S0004_R009,9,안지은,안,17,685639,安,1986,female,2파트,11,2026-06-11,OFF,OfF,"[476, 350, 504, 377]","[110, 350, 196, 377]",M12,images/schedule_0004_grouped_hospital.png
schedule_0004,grouped_hospital,S0004_R009,9,안지은,안,17,685639,安,1986,female,2파트,12,2026-06-12,EH,EH,"[504, 350, 532, 377]","[110, 350, 196, 377]",N12,images/schedule_0004_grouped_hospital.png
schedule_0004,grouped_hospital,S0004_R009,9,안지은,안,17,685639,安,1986,female,2파트,13,2026-06-13,MID,MID,"[532, 350, 560, 377]","[110, 350, 196, 377]",O12,images/schedule_0004_grouped_hospital.png
schedule_0004,grouped_hospital,S0004_R009,9,안지은,안,17,685639,安,1986,female,2파트,14,2026-06-14,O/C,O/C,"[560, 350, 588, 377]","[110, 350, 196, 377]",P12,images/schedule_0004_grouped_hospital.png
schedule_0004,grouped_hospital,S0004_R009,9,안지은,안,17,685639,安,1986,female,2파트,15,2026-06-15,ONC,ONC,"[588, 350, 616, 377]","[110, 350, 196, 377]",Q12,images/schedule_0004_grouped_hospital.png
schedule_0004,grouped_hospital,S0004_R009,9,안지은,안,17,685639,安,1986,female,2파트,16,2026-06-16,O,o,"[616, 350, 644, 377]","[110, 350, 196, 377]",R12,images/schedule_0004_grouped_hospital.png
schedule_0004,grouped_hospital,S0004_R009,9,안지은,안,17,685639,安,1986,female,2파트,17,2026-06-17,OFF,off,"[644, 350, 672, 377]","[110, 350, 196, 377]",S12,images/schedule_0004_grouped_hospital.png
schedule_0004,grouped_hospital,S0004_R009,9,안지은,안,17,685639,安,1986,female,2파트,18,2026-06-18,LD,LD,"[672, 350, 700, 377]","[110, 350, 196, 377]",T12,images/schedule_0004_grouped_hospital.png
schedule_0004,grouped_hospital,S0004_R009,9,안지은,안,17,685639,安,1986,female,2파트,19,2026-06-19,NA,NA,"[700, 350, 728, 377]","[110, 350, 196, 377]",U12,images/schedule_0004_grouped_hospital.png
schedule_0004,grouped_hospital,S0004_R009,9,안지은,안,17,685639,安,1986,female,2파트,20,2026-06-20,NO,nO,"[728, 350, 756, 377]","[110, 350, 196, 377]",V12,images/schedule_0004_grouped_hospital.png
schedule_0004,grouped_hospital,S0004_R009,9,안지은,안,17,685639,安,1986,female,2파트,21,2026-06-21,D5,D5,"[756, 350, 784, 377]","[110, 350, 196, 377]",W12,images/schedule_0004_grouped_hospital.png
schedule_0004,grouped_hospital,S0004_R009,9,안지은,안,17,685639,安,1986,female,2파트,22,2026-06-22,IH,IH,"[784, 350, 812, 377]","[110, 350, 196, 377]",X12,images/schedule_0004_grouped_hospital.png
schedule_0004,grouped_hospital,S0004_R009,9,안지은,안,17,685639,安,1986,female,2파트,23,2026-06-23,O,O,"[812, 350, 840, 377]","[110, 350, 196, 377]",Y12,images/schedule_0004_grouped_hospital.png
schedule_0004,grouped_hospital,S0004_R009,9,안지은,안,17,685639,安,1986,female,2파트,24,2026-06-24,D,D,"[840, 350, 868, 377]","[110, 350, 196, 377]",Z12,images/schedule_0004_grouped_hospital.png
schedule_0004,grouped_hospital,S0004_R009,9,안지은,안,17,685639,安,1986,female,2파트,25,2026-06-25,D,D,"[868, 350, 896, 377]","[110, 350, 196, 377]",AA12,images/schedule_0004_grouped_hospital.png
schedule_0004,grouped_hospital,S0004_R009,9,안지은,안,17,685639,安,1986,female,2파트,26,2026-06-26,D,d,"[896, 350, 924, 377]","[110, 350, 196, 377]",AB12,images/schedule_0004_grouped_hospital.png
schedule_0004,grouped_hospital,S0004_R009,9,안지은,안,17,685639,安,1986,female,2파트,27,2026-06-27,D,D,"[924, 350, 952, 377]","[110, 350, 196, 377]",AC12,images/schedule_0004_grouped_hospital.png
schedule_0004,grouped_hospital,S0004_R009,9,안지은,안,17,685639,安,1986,female,2파트,28,2026-06-28,OFF,OFF,"[952, 350, 980, 377]","[110, 350, 196, 377]",AD12,images/schedule_0004_grouped_hospital.png
schedule_0004,grouped_hospital,S0004_R009,9,안지은,안,17,685639,安,1986,female,2파트,29,2026-06-29,O,O,"[980, 350, 1008, 377]","[110, 350, 196, 377]",AE12,images/schedule_0004_grouped_hospital.png
schedule_0004,grouped_hospital,S0004_R009,9,안지은,안,17,685639,安,1986,female,2파트,30,2026-06-30,D/E,D/E,"[1008, 350, 1036, 377]","[110, 350, 196, 377]",AF12,images/schedule_0004_grouped_hospital.png
schedule_0004,grouped_hospital,S0004_R010,10,조수연,조,7,1453827,趙|曺,1993,female,2파트,1,2026-06-01,EH,EH,"[196, 377, 224, 404]","[110, 377, 196, 404]",C13,images/schedule_0004_grouped_hospital.png
schedule_0004,grouped_hospital,S0004_R010,10,조수연,조,7,1453827,趙|曺,1993,female,2파트,2,2026-06-02,DB,dB,"[224, 377, 252, 404]","[110, 377, 196, 404]",D13,images/schedule_0004_grouped_hospital.png
schedule_0004,grouped_hospital,S0004_R010,10,조수연,조,7,1453827,趙|曺,1993,female,2파트,3,2026-06-03,PH,ph,"[252, 377, 280, 404]","[110, 377, 196, 404]",E13,images/schedule_0004_grouped_hospital.png
schedule_0004,grouped_hospital,S0004_R010,10,조수연,조,7,1453827,趙|曺,1993,female,2파트,4,2026-06-04,D/E,D/E,"[280, 377, 308, 404]","[110, 377, 196, 404]",F13,images/schedule_0004_grouped_hospital.png
schedule_0004,grouped_hospital,S0004_R010,10,조수연,조,7,1453827,趙|曺,1993,female,2파트,5,2026-06-05,ONC,ONc,"[308, 377, 336, 404]","[110, 377, 196, 404]",G13,images/schedule_0004_grouped_hospital.png
schedule_0004,grouped_hospital,S0004_R010,10,조수연,조,7,1453827,趙|曺,1993,female,2파트,6,2026-06-06,-,-,"[336, 377, 364, 404]","[110, 377, 196, 404]",H13,images/schedule_0004_grouped_hospital.png
schedule_0004,grouped_hospital,S0004_R010,10,조수연,조,7,1453827,趙|曺,1993,female,2파트,7,2026-06-07,DN,DN,"[364, 377, 392, 404]","[110, 377, 196, 404]",I13,images/schedule_0004_grouped_hospital.png
schedule_0004,grouped_hospital,S0004_R010,10,조수연,조,7,1453827,趙|曺,1993,female,2파트,8,2026-06-08,D12,d12,"[392, 377, 420, 404]","[110, 377, 196, 404]",J13,images/schedule_0004_grouped_hospital.png
schedule_0004,grouped_hospital,S0004_R010,10,조수연,조,7,1453827,趙|曺,1993,female,2파트,9,2026-06-09,D5,D5,"[420, 377, 448, 404]","[110, 377, 196, 404]",K13,images/schedule_0004_grouped_hospital.png
schedule_0004,grouped_hospital,S0004_R010,10,조수연,조,7,1453827,趙|曺,1993,female,2파트,10,2026-06-10,RO,ro,"[448, 377, 476, 404]","[110, 377, 196, 404]",L13,images/schedule_0004_grouped_hospital.png
schedule_0004,grouped_hospital,S0004_R010,10,조수연,조,7,1453827,趙|曺,1993,female,2파트,11,2026-06-11,—,—,"[476, 377, 504, 404]","[110, 377, 196, 404]",M13,images/schedule_0004_grouped_hospital.png
schedule_0004,grouped_hospital,S0004_R010,10,조수연,조,7,1453827,趙|曺,1993,female,2파트,12,2026-06-12,P,p,"[504, 377, 532, 404]","[110, 377, 196, 404]",N13,images/schedule_0004_grouped_hospital.png
schedule_0004,grouped_hospital,S0004_R010,10,조수연,조,7,1453827,趙|曺,1993,female,2파트,13,2026-06-13,OFF,OFF,"[532, 377, 560, 404]","[110, 377, 196, 404]",O13,images/schedule_0004_grouped_hospital.png
schedule_0004,grouped_hospital,S0004_R010,10,조수연,조,7,1453827,趙|曺,1993,female,2파트,14,2026-06-14,OFF,OFF,"[560, 377, 588, 404]","[110, 377, 196, 404]",P13,images/schedule_0004_grouped_hospital.png
schedule_0004,grouped_hospital,S0004_R010,10,조수연,조,7,1453827,趙|曺,1993,female,2파트,15,2026-06-15,A,A,"[588, 377, 616, 404]","[110, 377, 196, 404]",Q13,images/schedule_0004_grouped_hospital.png
schedule_0004,grouped_hospital,S0004_R010,10,조수연,조,7,1453827,趙|曺,1993,female,2파트,16,2026-06-16,—,—,"[616, 377, 644, 404]","[110, 377, 196, 404]",R13,images/schedule_0004_grouped_hospital.png
schedule_0004,grouped_hospital,S0004_R010,10,조수연,조,7,1453827,趙|曺,1993,female,2파트,17,2026-06-17,PO,Po,"[644, 377, 672, 404]","[110, 377, 196, 404]",S13,images/schedule_0004_grouped_hospital.png
schedule_0004,grouped_hospital,S0004_R010,10,조수연,조,7,1453827,趙|曺,1993,female,2파트,18,2026-06-18,S,S,"[672, 377, 700, 404]","[110, 377, 196, 404]",T13,images/schedule_0004_grouped_hospital.png
schedule_0004,grouped_hospital,S0004_R010,10,조수연,조,7,1453827,趙|曺,1993,female,2파트,19,2026-06-19,AO,ao,"[700, 377, 728, 404]","[110, 377, 196, 404]",U13,images/schedule_0004_grouped_hospital.png
schedule_0004,grouped_hospital,S0004_R010,10,조수연,조,7,1453827,趙|曺,1993,female,2파트,20,2026-06-20,ADO,ADO,"[728, 377, 756, 404]","[110, 377, 196, 404]",V13,images/schedule_0004_grouped_hospital.png
schedule_0004,grouped_hospital,S0004_R010,10,조수연,조,7,1453827,趙|曺,1993,female,2파트,21,2026-06-21,O,O,"[756, 377, 784, 404]","[110, 377, 196, 404]",W13,images/schedule_0004_grouped_hospital.png
schedule_0004,grouped_hospital,S0004_R010,10,조수연,조,7,1453827,趙|曺,1993,female,2파트,22,2026-06-22,D,d,"[784, 377, 812, 404]","[110, 377, 196, 404]",X13,images/schedule_0004_grouped_hospital.png
schedule_0004,grouped_hospital,S0004_R010,10,조수연,조,7,1453827,趙|曺,1993,female,2파트,23,2026-06-23,D,d,"[812, 377, 840, 404]","[110, 377, 196, 404]",Y13,images/schedule_0004_grouped_hospital.png
schedule_0004,grouped_hospital,S0004_R010,10,조수연,조,7,1453827,趙|曺,1993,female,2파트,24,2026-06-24,D,d,"[840, 377, 868, 404]","[110, 377, 196, 404]",Z13,images/schedule_0004_grouped_hospital.png
schedule_0004,grouped_hospital,S0004_R010,10,조수연,조,7,1453827,趙|曺,1993,female,2파트,25,2026-06-25,F,F,"[868, 377, 896, 404]","[110, 377, 196, 404]",AA13,images/schedule_0004_grouped_hospital.png
schedule_0004,grouped_hospital,S0004_R010,10,조수연,조,7,1453827,趙|曺,1993,female,2파트,26,2026-06-26,N,N,"[896, 377, 924, 404]","[110, 377, 196, 404]",AB13,images/schedule_0004_grouped_hospital.png
schedule_0004,grouped_hospital,S0004_R010,10,조수연,조,7,1453827,趙|曺,1993,female,2파트,27,2026-06-27,N,N,"[924, 377, 952, 404]","[110, 377, 196, 404]",AC13,images/schedule_0004_grouped_hospital.png
schedule_0004,grouped_hospital,S0004_R010,10,조수연,조,7,1453827,趙|曺,1993,female,2파트,28,2026-06-28,D,D,"[952, 377, 980, 404]","[110, 377, 196, 404]",AD13,images/schedule_0004_grouped_hospital.png
schedule_0004,grouped_hospital,S0004_R010,10,조수연,조,7,1453827,趙|曺,1993,female,2파트,29,2026-06-29,OFF,OFF,"[980, 377, 1008, 404]","[110, 377, 196, 404]",AE13,images/schedule_0004_grouped_hospital.png
schedule_0004,grouped_hospital,S0004_R010,10,조수연,조,7,1453827,趙|曺,1993,female,2파트,30,2026-06-30,N,N,"[1008, 377, 1036, 404]","[110, 377, 196, 404]",AF13,images/schedule_0004_grouped_hospital.png
schedule_0004,grouped_hospital,S0004_R011,11,윤유진,윤,8,1020547,尹,1999,female,3파트,1,2026-06-01,-,-,"[196, 404, 224, 431]","[110, 404, 196, 431]",C14,images/schedule_0004_grouped_hospital.png
schedule_0004,grouped_hospital,S0004_R011,11,윤유진,윤,8,1020547,尹,1999,female,3파트,2,2026-06-02,D/E,d/e,"[224, 404, 252, 431]","[110, 404, 196, 431]",D14,images/schedule_0004_grouped_hospital.png
schedule_0004,grouped_hospital,S0004_R011,11,윤유진,윤,8,1020547,尹,1999,female,3파트,3,2026-06-03,RD,RD,"[252, 404, 280, 431]","[110, 404, 196, 431]",E14,images/schedule_0004_grouped_hospital.png
schedule_0004,grouped_hospital,S0004_R011,11,윤유진,윤,8,1020547,尹,1999,female,3파트,4,2026-06-04,SH,SH,"[280, 404, 308, 431]","[110, 404, 196, 431]",F14,images/schedule_0004_grouped_hospital.png
schedule_0004,grouped_hospital,S0004_R011,11,윤유진,윤,8,1020547,尹,1999,female,3파트,5,2026-06-05,WS,ws,"[308, 404, 336, 431]","[110, 404, 196, 431]",G14,images/schedule_0004_grouped_hospital.png
schedule_0004,grouped_hospital,S0004_R011,11,윤유진,윤,8,1020547,尹,1999,female,3파트,6,2026-06-06,AM,Am,"[336, 404, 364, 431]","[110, 404, 196, 431]",H14,images/schedule_0004_grouped_hospital.png
schedule_0004,grouped_hospital,S0004_R011,11,윤유진,윤,8,1020547,尹,1999,female,3파트,7,2026-06-07,MD,MD,"[364, 404, 392, 431]","[110, 404, 196, 431]",I14,images/schedule_0004_grouped_hospital.png
schedule_0004,grouped_hospital,S0004_R011,11,윤유진,윤,8,1020547,尹,1999,female,3파트,8,2026-06-08,D5,d5,"[392, 404, 420, 431]","[110, 404, 196, 431]",J14,images/schedule_0004_grouped_hospital.png
schedule_0004,grouped_hospital,S0004_R011,11,윤유진,윤,8,1020547,尹,1999,female,3파트,9,2026-06-09,A,A,"[420, 404, 448, 431]","[110, 404, 196, 431]",K14,images/schedule_0004_grouped_hospital.png
schedule_0004,grouped_hospital,S0004_R011,11,윤유진,윤,8,1020547,尹,1999,female,3파트,10,2026-06-10,LV,lv,"[448, 404, 476, 431]","[110, 404, 196, 431]",L14,images/schedule_0004_grouped_hospital.png
schedule_0004,grouped_hospital,S0004_R011,11,윤유진,윤,8,1020547,尹,1999,female,3파트,11,2026-06-11,D5,D5,"[476, 404, 504, 431]","[110, 404, 196, 431]",M14,images/schedule_0004_grouped_hospital.png
schedule_0004,grouped_hospital,S0004_R011,11,윤유진,윤,8,1020547,尹,1999,female,3파트,12,2026-06-12,LV,LV,"[504, 404, 532, 431]","[110, 404, 196, 431]",N14,images/schedule_0004_grouped_hospital.png
schedule_0004,grouped_hospital,S0004_R011,11,윤유진,윤,8,1020547,尹,1999,female,3파트,13,2026-06-13,HELP,Help,"[532, 404, 560, 431]","[110, 404, 196, 431]",O14,images/schedule_0004_grouped_hospital.png
schedule_0004,grouped_hospital,S0004_R011,11,윤유진,윤,8,1020547,尹,1999,female,3파트,14,2026-06-14,CALL,CaLL,"[560, 404, 588, 431]","[110, 404, 196, 431]",P14,images/schedule_0004_grouped_hospital.png
schedule_0004,grouped_hospital,S0004_R011,11,윤유진,윤,8,1020547,尹,1999,female,3파트,15,2026-06-15,A,A,"[588, 404, 616, 431]","[110, 404, 196, 431]",Q14,images/schedule_0004_grouped_hospital.png
schedule_0004,grouped_hospital,S0004_R011,11,윤유진,윤,8,1020547,尹,1999,female,3파트,16,2026-06-16,DE,DE,"[616, 404, 644, 431]","[110, 404, 196, 431]",R14,images/schedule_0004_grouped_hospital.png
schedule_0004,grouped_hospital,S0004_R011,11,윤유진,윤,8,1020547,尹,1999,female,3파트,17,2026-06-17,M,m,"[644, 404, 672, 431]","[110, 404, 196, 431]",S14,images/schedule_0004_grouped_hospital.png
schedule_0004,grouped_hospital,S0004_R011,11,윤유진,윤,8,1020547,尹,1999,female,3파트,18,2026-06-18,-,-,"[672, 404, 700, 431]","[110, 404, 196, 431]",T14,images/schedule_0004_grouped_hospital.png
schedule_0004,grouped_hospital,S0004_R011,11,윤유진,윤,8,1020547,尹,1999,female,3파트,19,2026-06-19,RO,RO,"[700, 404, 728, 431]","[110, 404, 196, 431]",U14,images/schedule_0004_grouped_hospital.png
schedule_0004,grouped_hospital,S0004_R011,11,윤유진,윤,8,1020547,尹,1999,female,3파트,20,2026-06-20,E,E,"[728, 404, 756, 431]","[110, 404, 196, 431]",V14,images/schedule_0004_grouped_hospital.png
schedule_0004,grouped_hospital,S0004_R011,11,윤유진,윤,8,1020547,尹,1999,female,3파트,21,2026-06-21,O,O,"[756, 404, 784, 431]","[110, 404, 196, 431]",W14,images/schedule_0004_grouped_hospital.png
schedule_0004,grouped_hospital,S0004_R011,11,윤유진,윤,8,1020547,尹,1999,female,3파트,22,2026-06-22,OFF,OFF,"[784, 404, 812, 431]","[110, 404, 196, 431]",X14,images/schedule_0004_grouped_hospital.png
schedule_0004,grouped_hospital,S0004_R011,11,윤유진,윤,8,1020547,尹,1999,female,3파트,23,2026-06-23,D12,D12,"[812, 404, 840, 431]","[110, 404, 196, 431]",Y14,images/schedule_0004_grouped_hospital.png
schedule_0004,grouped_hospital,S0004_R011,11,윤유진,윤,8,1020547,尹,1999,female,3파트,24,2026-06-24,S,s,"[840, 404, 868, 431]","[110, 404, 196, 431]",Z14,images/schedule_0004_grouped_hospital.png
schedule_0004,grouped_hospital,S0004_R011,11,윤유진,윤,8,1020547,尹,1999,female,3파트,25,2026-06-25,AM,AM,"[868, 404, 896, 431]","[110, 404, 196, 431]",AA14,images/schedule_0004_grouped_hospital.png
schedule_0004,grouped_hospital,S0004_R011,11,윤유진,윤,8,1020547,尹,1999,female,3파트,26,2026-06-26,DE,dE,"[896, 404, 924, 431]","[110, 404, 196, 431]",AB14,images/schedule_0004_grouped_hospital.png
schedule_0004,grouped_hospital,S0004_R011,11,윤유진,윤,8,1020547,尹,1999,female,3파트,27,2026-06-27,CL,Cl,"[924, 404, 952, 431]","[110, 404, 196, 431]",AC14,images/schedule_0004_grouped_hospital.png
schedule_0004,grouped_hospital,S0004_R011,11,윤유진,윤,8,1020547,尹,1999,female,3파트,28,2026-06-28,MD,Md,"[952, 404, 980, 431]","[110, 404, 196, 431]",AD14,images/schedule_0004_grouped_hospital.png
schedule_0004,grouped_hospital,S0004_R011,11,윤유진,윤,8,1020547,尹,1999,female,3파트,29,2026-06-29,E,e,"[980, 404, 1008, 431]","[110, 404, 196, 431]",AE14,images/schedule_0004_grouped_hospital.png
schedule_0004,grouped_hospital,S0004_R011,11,윤유진,윤,8,1020547,尹,1999,female,3파트,30,2026-06-30,SH,Sh,"[1008, 404, 1036, 431]","[110, 404, 196, 431]",AF14,images/schedule_0004_grouped_hospital.png
schedule_0004,grouped_hospital,S0004_R012,12,윤복순,윤,8,1020547,尹,1972,female,3파트,1,2026-06-01,N12,N12,"[196, 431, 224, 458]","[110, 431, 196, 458]",C15,images/schedule_0004_grouped_hospital.png
schedule_0004,grouped_hospital,S0004_R012,12,윤복순,윤,8,1020547,尹,1972,female,3파트,2,2026-06-02,CN,CN,"[224, 431, 252, 458]","[110, 431, 196, 458]",D15,images/schedule_0004_grouped_hospital.png
schedule_0004,grouped_hospital,S0004_R012,12,윤복순,윤,8,1020547,尹,1972,female,3파트,3,2026-06-03,IH,ih,"[252, 431, 280, 458]","[110, 431, 196, 458]",E15,images/schedule_0004_grouped_hospital.png
schedule_0004,grouped_hospital,S0004_R012,12,윤복순,윤,8,1020547,尹,1972,female,3파트,4,2026-06-04,PH,pH,"[280, 431, 308, 458]","[110, 431, 196, 458]",F15,images/schedule_0004_grouped_hospital.png
schedule_0004,grouped_hospital,S0004_R012,12,윤복순,윤,8,1020547,尹,1972,female,3파트,5,2026-06-05,NB,NB,"[308, 431, 336, 458]","[110, 431, 196, 458]",G15,images/schedule_0004_grouped_hospital.png
schedule_0004,grouped_hospital,S0004_R012,12,윤복순,윤,8,1020547,尹,1972,female,3파트,6,2026-06-06,off,oFf,"[336, 431, 364, 458]","[110, 431, 196, 458]",H15,images/schedule_0004_grouped_hospital.png
schedule_0004,grouped_hospital,S0004_R012,12,윤복순,윤,8,1020547,尹,1972,female,3파트,7,2026-06-07,ADO,ADO,"[364, 431, 392, 458]","[110, 431, 196, 458]",I15,images/schedule_0004_grouped_hospital.png
schedule_0004,grouped_hospital,S0004_R012,12,윤복순,윤,8,1020547,尹,1972,female,3파트,8,2026-06-08,연,연,"[392, 431, 420, 458]","[110, 431, 196, 458]",J15,images/schedule_0004_grouped_hospital.png
schedule_0004,grouped_hospital,S0004_R012,12,윤복순,윤,8,1020547,尹,1972,female,3파트,9,2026-06-09,MID,mID,"[420, 431, 448, 458]","[110, 431, 196, 458]",K15,images/schedule_0004_grouped_hospital.png
schedule_0004,grouped_hospital,S0004_R012,12,윤복순,윤,8,1020547,尹,1972,female,3파트,10,2026-06-10,ADO,ADO,"[448, 431, 476, 458]","[110, 431, 196, 458]",L15,images/schedule_0004_grouped_hospital.png
schedule_0004,grouped_hospital,S0004_R012,12,윤복순,윤,8,1020547,尹,1972,female,3파트,11,2026-06-11,DB,Db,"[476, 431, 504, 458]","[110, 431, 196, 458]",M15,images/schedule_0004_grouped_hospital.png
schedule_0004,grouped_hospital,S0004_R012,12,윤복순,윤,8,1020547,尹,1972,female,3파트,12,2026-06-12,NA,na,"[504, 431, 532, 458]","[110, 431, 196, 458]",N15,images/schedule_0004_grouped_hospital.png
schedule_0004,grouped_hospital,S0004_R012,12,윤복순,윤,8,1020547,尹,1972,female,3파트,13,2026-06-13,N,N,"[532, 431, 560, 458]","[110, 431, 196, 458]",O15,images/schedule_0004_grouped_hospital.png
schedule_0004,grouped_hospital,S0004_R012,12,윤복순,윤,8,1020547,尹,1972,female,3파트,14,2026-06-14,TRN,TRN,"[560, 431, 588, 458]","[110, 431, 196, 458]",P15,images/schedule_0004_grouped_hospital.png
schedule_0004,grouped_hospital,S0004_R012,12,윤복순,윤,8,1020547,尹,1972,female,3파트,15,2026-06-15,D,D,"[588, 431, 616, 458]","[110, 431, 196, 458]",Q15,images/schedule_0004_grouped_hospital.png
schedule_0004,grouped_hospital,S0004_R012,12,윤복순,윤,8,1020547,尹,1972,female,3파트,16,2026-06-16,F,F,"[616, 431, 644, 458]","[110, 431, 196, 458]",R15,images/schedule_0004_grouped_hospital.png
schedule_0004,grouped_hospital,S0004_R012,12,윤복순,윤,8,1020547,尹,1972,female,3파트,17,2026-06-17,ADO,ADO,"[644, 431, 672, 458]","[110, 431, 196, 458]",S15,images/schedule_0004_grouped_hospital.png
schedule_0004,grouped_hospital,S0004_R012,12,윤복순,윤,8,1020547,尹,1972,female,3파트,18,2026-06-18,MID,MID,"[672, 431, 700, 458]","[110, 431, 196, 458]",T15,images/schedule_0004_grouped_hospital.png
schedule_0004,grouped_hospital,S0004_R012,12,윤복순,윤,8,1020547,尹,1972,female,3파트,19,2026-06-19,MID,MID,"[700, 431, 728, 458]","[110, 431, 196, 458]",U15,images/schedule_0004_grouped_hospital.png
schedule_0004,grouped_hospital,S0004_R012,12,윤복순,윤,8,1020547,尹,1972,female,3파트,20,2026-06-20,M,M,"[728, 431, 756, 458]","[110, 431, 196, 458]",V15,images/schedule_0004_grouped_hospital.png
schedule_0004,grouped_hospital,S0004_R012,12,윤복순,윤,8,1020547,尹,1972,female,3파트,21,2026-06-21,M,M,"[756, 431, 784, 458]","[110, 431, 196, 458]",W15,images/schedule_0004_grouped_hospital.png
schedule_0004,grouped_hospital,S0004_R012,12,윤복순,윤,8,1020547,尹,1972,female,3파트,22,2026-06-22,M,m,"[784, 431, 812, 458]","[110, 431, 196, 458]",X15,images/schedule_0004_grouped_hospital.png
schedule_0004,grouped_hospital,S0004_R012,12,윤복순,윤,8,1020547,尹,1972,female,3파트,23,2026-06-23,-,-,"[812, 431, 840, 458]","[110, 431, 196, 458]",Y15,images/schedule_0004_grouped_hospital.png
schedule_0004,grouped_hospital,S0004_R012,12,윤복순,윤,8,1020547,尹,1972,female,3파트,24,2026-06-24,D5,d5,"[840, 431, 868, 458]","[110, 431, 196, 458]",Z15,images/schedule_0004_grouped_hospital.png
schedule_0004,grouped_hospital,S0004_R012,12,윤복순,윤,8,1020547,尹,1972,female,3파트,25,2026-06-25,A,A,"[868, 431, 896, 458]","[110, 431, 196, 458]",AA15,images/schedule_0004_grouped_hospital.png
schedule_0004,grouped_hospital,S0004_R012,12,윤복순,윤,8,1020547,尹,1972,female,3파트,26,2026-06-26,A,A,"[896, 431, 924, 458]","[110, 431, 196, 458]",AB15,images/schedule_0004_grouped_hospital.png
schedule_0004,grouped_hospital,S0004_R012,12,윤복순,윤,8,1020547,尹,1972,female,3파트,27,2026-06-27,TRN,TRN,"[924, 431, 952, 458]","[110, 431, 196, 458]",AC15,images/schedule_0004_grouped_hospital.png
schedule_0004,grouped_hospital,S0004_R012,12,윤복순,윤,8,1020547,尹,1972,female,3파트,28,2026-06-28,STL,STL,"[952, 431, 980, 458]","[110, 431, 196, 458]",AD15,images/schedule_0004_grouped_hospital.png
schedule_0004,grouped_hospital,S0004_R012,12,윤복순,윤,8,1020547,尹,1972,female,3파트,29,2026-06-29,off,off,"[980, 431, 1008, 458]","[110, 431, 196, 458]",AE15,images/schedule_0004_grouped_hospital.png
schedule_0004,grouped_hospital,S0004_R012,12,윤복순,윤,8,1020547,尹,1972,female,3파트,30,2026-06-30,DE,dE,"[1008, 431, 1036, 458]","[110, 431, 196, 458]",AF15,images/schedule_0004_grouped_hospital.png
schedule_0004,grouped_hospital,S0004_R013,13,최미숙,최,4,2333927,崔,1966,female,3파트,1,2026-06-01,NB,nb,"[196, 458, 224, 485]","[110, 458, 196, 485]",C16,images/schedule_0004_grouped_hospital.png
schedule_0004,grouped_hospital,S0004_R013,13,최미숙,최,4,2333927,崔,1966,female,3파트,2,2026-06-02,AM,am,"[224, 458, 252, 485]","[110, 458, 196, 485]",D16,images/schedule_0004_grouped_hospital.png
schedule_0004,grouped_hospital,S0004_R013,13,최미숙,최,4,2333927,崔,1966,female,3파트,3,2026-06-03,P,P,"[252, 458, 280, 485]","[110, 458, 196, 485]",E16,images/schedule_0004_grouped_hospital.png
schedule_0004,grouped_hospital,S0004_R013,13,최미숙,최,4,2333927,崔,1966,female,3파트,4,2026-06-04,MID,MiD,"[280, 458, 308, 485]","[110, 458, 196, 485]",F16,images/schedule_0004_grouped_hospital.png
schedule_0004,grouped_hospital,S0004_R013,13,최미숙,최,4,2333927,崔,1966,female,3파트,5,2026-06-05,PM,PM,"[308, 458, 336, 485]","[110, 458, 196, 485]",G16,images/schedule_0004_grouped_hospital.png
schedule_0004,grouped_hospital,S0004_R013,13,최미숙,최,4,2333927,崔,1966,female,3파트,6,2026-06-06,E,E,"[336, 458, 364, 485]","[110, 458, 196, 485]",H16,images/schedule_0004_grouped_hospital.png
schedule_0004,grouped_hospital,S0004_R013,13,최미숙,최,4,2333927,崔,1966,female,3파트,7,2026-06-07,E,e,"[364, 458, 392, 485]","[110, 458, 196, 485]",I16,images/schedule_0004_grouped_hospital.png
schedule_0004,grouped_hospital,S0004_R013,13,최미숙,최,4,2333927,崔,1966,female,3파트,8,2026-06-08,F,F,"[392, 458, 420, 485]","[110, 458, 196, 485]",J16,images/schedule_0004_grouped_hospital.png
schedule_0004,grouped_hospital,S0004_R013,13,최미숙,최,4,2333927,崔,1966,female,3파트,9,2026-06-09,F,F,"[420, 458, 448, 485]","[110, 458, 196, 485]",K16,images/schedule_0004_grouped_hospital.png
schedule_0004,grouped_hospital,S0004_R013,13,최미숙,최,4,2333927,崔,1966,female,3파트,10,2026-06-10,N,n,"[448, 458, 476, 485]","[110, 458, 196, 485]",L16,images/schedule_0004_grouped_hospital.png
schedule_0004,grouped_hospital,S0004_R013,13,최미숙,최,4,2333927,崔,1966,female,3파트,11,2026-06-11,S,S,"[476, 458, 504, 485]","[110, 458, 196, 485]",M16,images/schedule_0004_grouped_hospital.png
schedule_0004,grouped_hospital,S0004_R013,13,최미숙,최,4,2333927,崔,1966,female,3파트,12,2026-06-12,DE,DE,"[504, 458, 532, 485]","[110, 458, 196, 485]",N16,images/schedule_0004_grouped_hospital.png
schedule_0004,grouped_hospital,S0004_R013,13,최미숙,최,4,2333927,崔,1966,female,3파트,13,2026-06-13,DN,DN,"[532, 458, 560, 485]","[110, 458, 196, 485]",O16,images/schedule_0004_grouped_hospital.png
schedule_0004,grouped_hospital,S0004_R013,13,최미숙,최,4,2333927,崔,1966,female,3파트,14,2026-06-14,P,P,"[560, 458, 588, 485]","[110, 458, 196, 485]",P16,images/schedule_0004_grouped_hospital.png
schedule_0004,grouped_hospital,S0004_R013,13,최미숙,최,4,2333927,崔,1966,female,3파트,15,2026-06-15,-,-,"[588, 458, 616, 485]","[110, 458, 196, 485]",Q16,images/schedule_0004_grouped_hospital.png
schedule_0004,grouped_hospital,S0004_R013,13,최미숙,최,4,2333927,崔,1966,female,3파트,16,2026-06-16,AM,am,"[616, 458, 644, 485]","[110, 458, 196, 485]",R16,images/schedule_0004_grouped_hospital.png
schedule_0004,grouped_hospital,S0004_R013,13,최미숙,최,4,2333927,崔,1966,female,3파트,17,2026-06-17,PM,PM,"[644, 458, 672, 485]","[110, 458, 196, 485]",S16,images/schedule_0004_grouped_hospital.png
schedule_0004,grouped_hospital,S0004_R013,13,최미숙,최,4,2333927,崔,1966,female,3파트,18,2026-06-18,WO,WO,"[672, 458, 700, 485]","[110, 458, 196, 485]",T16,images/schedule_0004_grouped_hospital.png
schedule_0004,grouped_hospital,S0004_R013,13,최미숙,최,4,2333927,崔,1966,female,3파트,19,2026-06-19,D12,D12,"[700, 458, 728, 485]","[110, 458, 196, 485]",U16,images/schedule_0004_grouped_hospital.png
schedule_0004,grouped_hospital,S0004_R013,13,최미숙,최,4,2333927,崔,1966,female,3파트,20,2026-06-20,SD,sd,"[728, 458, 756, 485]","[110, 458, 196, 485]",V16,images/schedule_0004_grouped_hospital.png
schedule_0004,grouped_hospital,S0004_R013,13,최미숙,최,4,2333927,崔,1966,female,3파트,21,2026-06-21,D5,D5,"[756, 458, 784, 485]","[110, 458, 196, 485]",W16,images/schedule_0004_grouped_hospital.png
schedule_0004,grouped_hospital,S0004_R013,13,최미숙,최,4,2333927,崔,1966,female,3파트,22,2026-06-22,X,x,"[784, 458, 812, 485]","[110, 458, 196, 485]",X16,images/schedule_0004_grouped_hospital.png
schedule_0004,grouped_hospital,S0004_R013,13,최미숙,최,4,2333927,崔,1966,female,3파트,23,2026-06-23,MID,MID,"[812, 458, 840, 485]","[110, 458, 196, 485]",Y16,images/schedule_0004_grouped_hospital.png
schedule_0004,grouped_hospital,S0004_R013,13,최미숙,최,4,2333927,崔,1966,female,3파트,24,2026-06-24,ADO,aDo,"[840, 458, 868, 485]","[110, 458, 196, 485]",Z16,images/schedule_0004_grouped_hospital.png
schedule_0004,grouped_hospital,S0004_R013,13,최미숙,최,4,2333927,崔,1966,female,3파트,25,2026-06-25,SUP,SUP,"[868, 458, 896, 485]","[110, 458, 196, 485]",AA16,images/schedule_0004_grouped_hospital.png
schedule_0004,grouped_hospital,S0004_R013,13,최미숙,최,4,2333927,崔,1966,female,3파트,26,2026-06-26,H,h,"[896, 458, 924, 485]","[110, 458, 196, 485]",AB16,images/schedule_0004_grouped_hospital.png
schedule_0004,grouped_hospital,S0004_R013,13,최미숙,최,4,2333927,崔,1966,female,3파트,27,2026-06-27,NA,NA,"[924, 458, 952, 485]","[110, 458, 196, 485]",AC16,images/schedule_0004_grouped_hospital.png
schedule_0004,grouped_hospital,S0004_R013,13,최미숙,최,4,2333927,崔,1966,female,3파트,28,2026-06-28,OFF,oFF,"[952, 458, 980, 485]","[110, 458, 196, 485]",AD16,images/schedule_0004_grouped_hospital.png
schedule_0004,grouped_hospital,S0004_R013,13,최미숙,최,4,2333927,崔,1966,female,3파트,29,2026-06-29,O,O,"[980, 458, 1008, 485]","[110, 458, 196, 485]",AE16,images/schedule_0004_grouped_hospital.png
schedule_0004,grouped_hospital,S0004_R013,13,최미숙,최,4,2333927,崔,1966,female,3파트,30,2026-06-30,N,N,"[1008, 458, 1036, 485]","[110, 458, 196, 485]",AF16,images/schedule_0004_grouped_hospital.png
schedule_0004,grouped_hospital,S0004_R014,14,김예진,김,1,10689959,金,1998,female,3파트,1,2026-06-01,ADO,ADO,"[196, 485, 224, 512]","[110, 485, 196, 512]",C17,images/schedule_0004_grouped_hospital.png
schedule_0004,grouped_hospital,S0004_R014,14,김예진,김,1,10689959,金,1998,female,3파트,2,2026-06-02,HLP,HLP,"[224, 485, 252, 512]","[110, 485, 196, 512]",D17,images/schedule_0004_grouped_hospital.png
schedule_0004,grouped_hospital,S0004_R014,14,김예진,김,1,10689959,金,1998,female,3파트,3,2026-06-03,D/E,D/E,"[252, 485, 280, 512]","[110, 485, 196, 512]",E17,images/schedule_0004_grouped_hospital.png
schedule_0004,grouped_hospital,S0004_R014,14,김예진,김,1,10689959,金,1998,female,3파트,4,2026-06-04,SD,SD,"[280, 485, 308, 512]","[110, 485, 196, 512]",F17,images/schedule_0004_grouped_hospital.png
schedule_0004,grouped_hospital,S0004_R014,14,김예진,김,1,10689959,金,1998,female,3파트,5,2026-06-05,대기,대기,"[308, 485, 336, 512]","[110, 485, 196, 512]",G17,images/schedule_0004_grouped_hospital.png
schedule_0004,grouped_hospital,S0004_R014,14,김예진,김,1,10689959,金,1998,female,3파트,6,2026-06-06,S,s,"[336, 485, 364, 512]","[110, 485, 196, 512]",H17,images/schedule_0004_grouped_hospital.png
schedule_0004,grouped_hospital,S0004_R014,14,김예진,김,1,10689959,金,1998,female,3파트,7,2026-06-07,Off,Off,"[364, 485, 392, 512]","[110, 485, 196, 512]",I17,images/schedule_0004_grouped_hospital.png
schedule_0004,grouped_hospital,S0004_R014,14,김예진,김,1,10689959,金,1998,female,3파트,8,2026-06-08,D,D,"[392, 485, 420, 512]","[110, 485, 196, 512]",J17,images/schedule_0004_grouped_hospital.png
schedule_0004,grouped_hospital,S0004_R014,14,김예진,김,1,10689959,金,1998,female,3파트,9,2026-06-09,OFF,OFF,"[420, 485, 448, 512]","[110, 485, 196, 512]",K17,images/schedule_0004_grouped_hospital.png
schedule_0004,grouped_hospital,S0004_R014,14,김예진,김,1,10689959,金,1998,female,3파트,10,2026-06-10,D,D,"[448, 485, 476, 512]","[110, 485, 196, 512]",L17,images/schedule_0004_grouped_hospital.png
schedule_0004,grouped_hospital,S0004_R014,14,김예진,김,1,10689959,金,1998,female,3파트,11,2026-06-11,Off,OFF,"[476, 485, 504, 512]","[110, 485, 196, 512]",M17,images/schedule_0004_grouped_hospital.png
schedule_0004,grouped_hospital,S0004_R014,14,김예진,김,1,10689959,金,1998,female,3파트,12,2026-06-12,OFF,OFF,"[504, 485, 532, 512]","[110, 485, 196, 512]",N17,images/schedule_0004_grouped_hospital.png
schedule_0004,grouped_hospital,S0004_R014,14,김예진,김,1,10689959,金,1998,female,3파트,13,2026-06-13,S,S,"[532, 485, 560, 512]","[110, 485, 196, 512]",O17,images/schedule_0004_grouped_hospital.png
schedule_0004,grouped_hospital,S0004_R014,14,김예진,김,1,10689959,金,1998,female,3파트,14,2026-06-14,O,o,"[560, 485, 588, 512]","[110, 485, 196, 512]",P17,images/schedule_0004_grouped_hospital.png
schedule_0004,grouped_hospital,S0004_R014,14,김예진,김,1,10689959,金,1998,female,3파트,15,2026-06-15,반,반,"[588, 485, 616, 512]","[110, 485, 196, 512]",Q17,images/schedule_0004_grouped_hospital.png
schedule_0004,grouped_hospital,S0004_R014,14,김예진,김,1,10689959,金,1998,female,3파트,16,2026-06-16,D,d,"[616, 485, 644, 512]","[110, 485, 196, 512]",R17,images/schedule_0004_grouped_hospital.png
schedule_0004,grouped_hospital,S0004_R014,14,김예진,김,1,10689959,金,1998,female,3파트,17,2026-06-17,E,e,"[644, 485, 672, 512]","[110, 485, 196, 512]",S17,images/schedule_0004_grouped_hospital.png
schedule_0004,grouped_hospital,S0004_R014,14,김예진,김,1,10689959,金,1998,female,3파트,18,2026-06-18,E,e,"[672, 485, 700, 512]","[110, 485, 196, 512]",T17,images/schedule_0004_grouped_hospital.png
schedule_0004,grouped_hospital,S0004_R014,14,김예진,김,1,10689959,金,1998,female,3파트,19,2026-06-19,OFF,OFF,"[700, 485, 728, 512]","[110, 485, 196, 512]",U17,images/schedule_0004_grouped_hospital.png
schedule_0004,grouped_hospital,S0004_R014,14,김예진,김,1,10689959,金,1998,female,3파트,20,2026-06-20,E,E,"[728, 485, 756, 512]","[110, 485, 196, 512]",V17,images/schedule_0004_grouped_hospital.png
schedule_0004,grouped_hospital,S0004_R014,14,김예진,김,1,10689959,金,1998,female,3파트,21,2026-06-21,OFF,OFF,"[756, 485, 784, 512]","[110, 485, 196, 512]",W17,images/schedule_0004_grouped_hospital.png
schedule_0004,grouped_hospital,S0004_R014,14,김예진,김,1,10689959,金,1998,female,3파트,22,2026-06-22,N,N,"[784, 485, 812, 512]","[110, 485, 196, 512]",X17,images/schedule_0004_grouped_hospital.png
schedule_0004,grouped_hospital,S0004_R014,14,김예진,김,1,10689959,金,1998,female,3파트,23,2026-06-23,O,O,"[812, 485, 840, 512]","[110, 485, 196, 512]",Y17,images/schedule_0004_grouped_hospital.png
schedule_0004,grouped_hospital,S0004_R014,14,김예진,김,1,10689959,金,1998,female,3파트,24,2026-06-24,D,D,"[840, 485, 868, 512]","[110, 485, 196, 512]",Z17,images/schedule_0004_grouped_hospital.png
schedule_0004,grouped_hospital,S0004_R014,14,김예진,김,1,10689959,金,1998,female,3파트,25,2026-06-25,D,d,"[868, 485, 896, 512]","[110, 485, 196, 512]",AA17,images/schedule_0004_grouped_hospital.png
schedule_0004,grouped_hospital,S0004_R014,14,김예진,김,1,10689959,金,1998,female,3파트,26,2026-06-26,E,e,"[896, 485, 924, 512]","[110, 485, 196, 512]",AB17,images/schedule_0004_grouped_hospital.png
schedule_0004,grouped_hospital,S0004_R014,14,김예진,김,1,10689959,金,1998,female,3파트,27,2026-06-27,E,E,"[924, 485, 952, 512]","[110, 485, 196, 512]",AC17,images/schedule_0004_grouped_hospital.png
schedule_0004,grouped_hospital,S0004_R014,14,김예진,김,1,10689959,金,1998,female,3파트,28,2026-06-28,OFF,oFf,"[952, 485, 980, 512]","[110, 485, 196, 512]",AD17,images/schedule_0004_grouped_hospital.png
schedule_0004,grouped_hospital,S0004_R014,14,김예진,김,1,10689959,金,1998,female,3파트,29,2026-06-29,O,O,"[980, 485, 1008, 512]","[110, 485, 196, 512]",AE17,images/schedule_0004_grouped_hospital.png
schedule_0004,grouped_hospital,S0004_R014,14,김예진,김,1,10689959,金,1998,female,3파트,30,2026-06-30,특,특,"[1008, 485, 1036, 512]","[110, 485, 196, 512]",AF17,images/schedule_0004_grouped_hospital.png
schedule_0005,parted_pdf,S0005_R001,1,정수연,정,5,2395682,鄭|丁,2006,female,1파트,1,2026-03-01,NB,NB,"[196, 134, 224, 161]","[110, 134, 196, 161]",C4,images/schedule_0005_parted_pdf.png
schedule_0005,parted_pdf,S0005_R001,1,정수연,정,5,2395682,鄭|丁,2006,female,1파트,2,2026-03-02,ADO,ADO,"[224, 134, 252, 161]","[110, 134, 196, 161]",D4,images/schedule_0005_parted_pdf.png
schedule_0005,parted_pdf,S0005_R001,1,정수연,정,5,2395682,鄭|丁,2006,female,1파트,3,2026-03-03,A,a,"[252, 134, 280, 161]","[110, 134, 196, 161]",E4,images/schedule_0005_parted_pdf.png
schedule_0005,parted_pdf,S0005_R001,1,정수연,정,5,2395682,鄭|丁,2006,female,1파트,4,2026-03-04,LD,LD,"[280, 134, 308, 161]","[110, 134, 196, 161]",F4,images/schedule_0005_parted_pdf.png
schedule_0005,parted_pdf,S0005_R001,1,정수연,정,5,2395682,鄭|丁,2006,female,1파트,5,2026-03-05,ML,ML,"[308, 134, 336, 161]","[110, 134, 196, 161]",G4,images/schedule_0005_parted_pdf.png
schedule_0005,parted_pdf,S0005_R001,1,정수연,정,5,2395682,鄭|丁,2006,female,1파트,6,2026-03-06,D5,d5,"[336, 134, 364, 161]","[110, 134, 196, 161]",H4,images/schedule_0005_parted_pdf.png
schedule_0005,parted_pdf,S0005_R001,1,정수연,정,5,2395682,鄭|丁,2006,female,1파트,7,2026-03-07,MID,MID,"[364, 134, 392, 161]","[110, 134, 196, 161]",I4,images/schedule_0005_parted_pdf.png
schedule_0005,parted_pdf,S0005_R001,1,정수연,정,5,2395682,鄭|丁,2006,female,1파트,8,2026-03-08,D5,d5,"[392, 134, 420, 161]","[110, 134, 196, 161]",J4,images/schedule_0005_parted_pdf.png
schedule_0005,parted_pdf,S0005_R001,1,정수연,정,5,2395682,鄭|丁,2006,female,1파트,9,2026-03-09,D,d,"[420, 134, 448, 161]","[110, 134, 196, 161]",K4,images/schedule_0005_parted_pdf.png
schedule_0005,parted_pdf,S0005_R001,1,정수연,정,5,2395682,鄭|丁,2006,female,1파트,10,2026-03-10,RD,rD,"[448, 134, 476, 161]","[110, 134, 196, 161]",L4,images/schedule_0005_parted_pdf.png
schedule_0005,parted_pdf,S0005_R001,1,정수연,정,5,2395682,鄭|丁,2006,female,1파트,11,2026-03-11,보건휴가,보건휴가,"[476, 134, 504, 161]","[110, 134, 196, 161]",M4,images/schedule_0005_parted_pdf.png
schedule_0005,parted_pdf,S0005_R001,1,정수연,정,5,2395682,鄭|丁,2006,female,1파트,12,2026-03-12,LD,LD,"[504, 134, 532, 161]","[110, 134, 196, 161]",N4,images/schedule_0005_parted_pdf.png
schedule_0005,parted_pdf,S0005_R001,1,정수연,정,5,2395682,鄭|丁,2006,female,1파트,13,2026-03-13,H+,H+,"[532, 134, 560, 161]","[110, 134, 196, 161]",O4,images/schedule_0005_parted_pdf.png
schedule_0005,parted_pdf,S0005_R001,1,정수연,정,5,2395682,鄭|丁,2006,female,1파트,14,2026-03-14,연차,연차,"[560, 134, 588, 161]","[110, 134, 196, 161]",P4,images/schedule_0005_parted_pdf.png
schedule_0005,parted_pdf,S0005_R001,1,정수연,정,5,2395682,鄭|丁,2006,female,1파트,15,2026-03-15,SEM,SEM,"[588, 134, 616, 161]","[110, 134, 196, 161]",Q4,images/schedule_0005_parted_pdf.png
schedule_0005,parted_pdf,S0005_R001,1,정수연,정,5,2395682,鄭|丁,2006,female,1파트,16,2026-03-16,DB,Db,"[616, 134, 644, 161]","[110, 134, 196, 161]",R4,images/schedule_0005_parted_pdf.png
schedule_0005,parted_pdf,S0005_R001,1,정수연,정,5,2395682,鄭|丁,2006,female,1파트,17,2026-03-17,P,p,"[644, 134, 672, 161]","[110, 134, 196, 161]",S4,images/schedule_0005_parted_pdf.png
schedule_0005,parted_pdf,S0005_R001,1,정수연,정,5,2395682,鄭|丁,2006,female,1파트,18,2026-03-18,NO,NO,"[672, 134, 700, 161]","[110, 134, 196, 161]",T4,images/schedule_0005_parted_pdf.png
schedule_0005,parted_pdf,S0005_R001,1,정수연,정,5,2395682,鄭|丁,2006,female,1파트,19,2026-03-19,NPL,NPL,"[700, 134, 728, 161]","[110, 134, 196, 161]",U4,images/schedule_0005_parted_pdf.png
schedule_0005,parted_pdf,S0005_R001,1,정수연,정,5,2395682,鄭|丁,2006,female,1파트,20,2026-03-20,NA,NA,"[728, 134, 756, 161]","[110, 134, 196, 161]",V4,images/schedule_0005_parted_pdf.png
schedule_0005,parted_pdf,S0005_R001,1,정수연,정,5,2395682,鄭|丁,2006,female,1파트,21,2026-03-21,HL,HL,"[756, 134, 784, 161]","[110, 134, 196, 161]",W4,images/schedule_0005_parted_pdf.png
schedule_0005,parted_pdf,S0005_R001,1,정수연,정,5,2395682,鄭|丁,2006,female,1파트,22,2026-03-22,NO,No,"[784, 134, 812, 161]","[110, 134, 196, 161]",X4,images/schedule_0005_parted_pdf.png
schedule_0005,parted_pdf,S0005_R001,1,정수연,정,5,2395682,鄭|丁,2006,female,1파트,23,2026-03-23,MD,md,"[812, 134, 840, 161]","[110, 134, 196, 161]",Y4,images/schedule_0005_parted_pdf.png
schedule_0005,parted_pdf,S0005_R001,1,정수연,정,5,2395682,鄭|丁,2006,female,1파트,24,2026-03-24,E,e,"[840, 134, 868, 161]","[110, 134, 196, 161]",Z4,images/schedule_0005_parted_pdf.png
schedule_0005,parted_pdf,S0005_R001,1,정수연,정,5,2395682,鄭|丁,2006,female,1파트,25,2026-03-25,OFF,oFf,"[868, 134, 896, 161]","[110, 134, 196, 161]",AA4,images/schedule_0005_parted_pdf.png
schedule_0005,parted_pdf,S0005_R001,1,정수연,정,5,2395682,鄭|丁,2006,female,1파트,26,2026-03-26,N,N,"[896, 134, 924, 161]","[110, 134, 196, 161]",AB4,images/schedule_0005_parted_pdf.png
schedule_0005,parted_pdf,S0005_R001,1,정수연,정,5,2395682,鄭|丁,2006,female,1파트,27,2026-03-27,F,F,"[924, 134, 952, 161]","[110, 134, 196, 161]",AC4,images/schedule_0005_parted_pdf.png
schedule_0005,parted_pdf,S0005_R001,1,정수연,정,5,2395682,鄭|丁,2006,female,1파트,28,2026-03-28,NPL,nPl,"[952, 134, 980, 161]","[110, 134, 196, 161]",AD4,images/schedule_0005_parted_pdf.png
schedule_0005,parted_pdf,S0005_R001,1,정수연,정,5,2395682,鄭|丁,2006,female,1파트,29,2026-03-29,A,A,"[980, 134, 1008, 161]","[110, 134, 196, 161]",AE4,images/schedule_0005_parted_pdf.png
schedule_0005,parted_pdf,S0005_R001,1,정수연,정,5,2395682,鄭|丁,2006,female,1파트,30,2026-03-30,ANL,ANL,"[1008, 134, 1036, 161]","[110, 134, 196, 161]",AF4,images/schedule_0005_parted_pdf.png
schedule_0005,parted_pdf,S0005_R001,1,정수연,정,5,2395682,鄭|丁,2006,female,1파트,31,2026-03-31,M,m,"[1036, 134, 1064, 161]","[110, 134, 196, 161]",AG4,images/schedule_0005_parted_pdf.png
schedule_0005,parted_pdf,S0005_R002,2,송민지,송,18,683494,宋,2000,female,1파트,1,2026-03-01,D/E,D/E,"[196, 161, 224, 188]","[110, 161, 196, 188]",C5,images/schedule_0005_parted_pdf.png
schedule_0005,parted_pdf,S0005_R002,2,송민지,송,18,683494,宋,2000,female,1파트,2,2026-03-02,OF,OF,"[224, 161, 252, 188]","[110, 161, 196, 188]",D5,images/schedule_0005_parted_pdf.png
schedule_0005,parted_pdf,S0005_R002,2,송민지,송,18,683494,宋,2000,female,1파트,3,2026-03-03,off,OfF,"[252, 161, 280, 188]","[110, 161, 196, 188]",E5,images/schedule_0005_parted_pdf.png
schedule_0005,parted_pdf,S0005_R002,2,송민지,송,18,683494,宋,2000,female,1파트,4,2026-03-04,X,X,"[280, 161, 308, 188]","[110, 161, 196, 188]",F5,images/schedule_0005_parted_pdf.png
schedule_0005,parted_pdf,S0005_R002,2,송민지,송,18,683494,宋,2000,female,1파트,5,2026-03-05,병가,병가,"[308, 161, 336, 188]","[110, 161, 196, 188]",G5,images/schedule_0005_parted_pdf.png
schedule_0005,parted_pdf,S0005_R002,2,송민지,송,18,683494,宋,2000,female,1파트,6,2026-03-06,MD,md,"[336, 161, 364, 188]","[110, 161, 196, 188]",H5,images/schedule_0005_parted_pdf.png
schedule_0005,parted_pdf,S0005_R002,2,송민지,송,18,683494,宋,2000,female,1파트,7,2026-03-07,MD,mD,"[364, 161, 392, 188]","[110, 161, 196, 188]",I5,images/schedule_0005_parted_pdf.png
schedule_0005,parted_pdf,S0005_R002,2,송민지,송,18,683494,宋,2000,female,1파트,8,2026-03-08,off,oFf,"[392, 161, 420, 188]","[110, 161, 196, 188]",J5,images/schedule_0005_parted_pdf.png
schedule_0005,parted_pdf,S0005_R002,2,송민지,송,18,683494,宋,2000,female,1파트,9,2026-03-09,OFF,oFF,"[420, 161, 448, 188]","[110, 161, 196, 188]",K5,images/schedule_0005_parted_pdf.png
schedule_0005,parted_pdf,S0005_R002,2,송민지,송,18,683494,宋,2000,female,1파트,10,2026-03-10,N,N,"[448, 161, 476, 188]","[110, 161, 196, 188]",L5,images/schedule_0005_parted_pdf.png
schedule_0005,parted_pdf,S0005_R002,2,송민지,송,18,683494,宋,2000,female,1파트,11,2026-03-11,N,N,"[476, 161, 504, 188]","[110, 161, 196, 188]",M5,images/schedule_0005_parted_pdf.png
schedule_0005,parted_pdf,S0005_R002,2,송민지,송,18,683494,宋,2000,female,1파트,12,2026-03-12,N,n,"[504, 161, 532, 188]","[110, 161, 196, 188]",N5,images/schedule_0005_parted_pdf.png
schedule_0005,parted_pdf,S0005_R002,2,송민지,송,18,683494,宋,2000,female,1파트,13,2026-03-13,공,공,"[532, 161, 560, 188]","[110, 161, 196, 188]",O5,images/schedule_0005_parted_pdf.png
schedule_0005,parted_pdf,S0005_R002,2,송민지,송,18,683494,宋,2000,female,1파트,14,2026-03-14,D5,d5,"[560, 161, 588, 188]","[110, 161, 196, 188]",P5,images/schedule_0005_parted_pdf.png
schedule_0005,parted_pdf,S0005_R002,2,송민지,송,18,683494,宋,2000,female,1파트,15,2026-03-15,off,OFf,"[588, 161, 616, 188]","[110, 161, 196, 188]",Q5,images/schedule_0005_parted_pdf.png
schedule_0005,parted_pdf,S0005_R002,2,송민지,송,18,683494,宋,2000,female,1파트,16,2026-03-16,E,E,"[616, 161, 644, 188]","[110, 161, 196, 188]",R5,images/schedule_0005_parted_pdf.png
schedule_0005,parted_pdf,S0005_R002,2,송민지,송,18,683494,宋,2000,female,1파트,17,2026-03-17,F,F,"[644, 161, 672, 188]","[110, 161, 196, 188]",S5,images/schedule_0005_parted_pdf.png
schedule_0005,parted_pdf,S0005_R002,2,송민지,송,18,683494,宋,2000,female,1파트,18,2026-03-18,D,D,"[672, 161, 700, 188]","[110, 161, 196, 188]",T5,images/schedule_0005_parted_pdf.png
schedule_0005,parted_pdf,S0005_R002,2,송민지,송,18,683494,宋,2000,female,1파트,19,2026-03-19,OF,OF,"[700, 161, 728, 188]","[110, 161, 196, 188]",U5,images/schedule_0005_parted_pdf.png
schedule_0005,parted_pdf,S0005_R002,2,송민지,송,18,683494,宋,2000,female,1파트,20,2026-03-20,E,e,"[728, 161, 756, 188]","[110, 161, 196, 188]",V5,images/schedule_0005_parted_pdf.png
schedule_0005,parted_pdf,S0005_R002,2,송민지,송,18,683494,宋,2000,female,1파트,21,2026-03-21,E,E,"[756, 161, 784, 188]","[110, 161, 196, 188]",W5,images/schedule_0005_parted_pdf.png
schedule_0005,parted_pdf,S0005_R002,2,송민지,송,18,683494,宋,2000,female,1파트,22,2026-03-22,AO,AO,"[784, 161, 812, 188]","[110, 161, 196, 188]",X5,images/schedule_0005_parted_pdf.png
schedule_0005,parted_pdf,S0005_R002,2,송민지,송,18,683494,宋,2000,female,1파트,23,2026-03-23,DB,DB,"[812, 161, 840, 188]","[110, 161, 196, 188]",Y5,images/schedule_0005_parted_pdf.png
schedule_0005,parted_pdf,S0005_R002,2,송민지,송,18,683494,宋,2000,female,1파트,24,2026-03-24,D5,D5,"[840, 161, 868, 188]","[110, 161, 196, 188]",Z5,images/schedule_0005_parted_pdf.png
schedule_0005,parted_pdf,S0005_R002,2,송민지,송,18,683494,宋,2000,female,1파트,25,2026-03-25,출산,출산,"[868, 161, 896, 188]","[110, 161, 196, 188]",AA5,images/schedule_0005_parted_pdf.png
schedule_0005,parted_pdf,S0005_R002,2,송민지,송,18,683494,宋,2000,female,1파트,26,2026-03-26,DN,DN,"[896, 161, 924, 188]","[110, 161, 196, 188]",AB5,images/schedule_0005_parted_pdf.png
schedule_0005,parted_pdf,S0005_R002,2,송민지,송,18,683494,宋,2000,female,1파트,27,2026-03-27,노조,노조,"[924, 161, 952, 188]","[110, 161, 196, 188]",AC5,images/schedule_0005_parted_pdf.png
schedule_0005,parted_pdf,S0005_R002,2,송민지,송,18,683494,宋,2000,female,1파트,28,2026-03-28,UL,UL,"[952, 161, 980, 188]","[110, 161, 196, 188]",AD5,images/schedule_0005_parted_pdf.png
schedule_0005,parted_pdf,S0005_R002,2,송민지,송,18,683494,宋,2000,female,1파트,29,2026-03-29,CN,CN,"[980, 161, 1008, 188]","[110, 161, 196, 188]",AE5,images/schedule_0005_parted_pdf.png
schedule_0005,parted_pdf,S0005_R002,2,송민지,송,18,683494,宋,2000,female,1파트,30,2026-03-30,MD,MD,"[1008, 161, 1036, 188]","[110, 161, 196, 188]",AF5,images/schedule_0005_parted_pdf.png
schedule_0005,parted_pdf,S0005_R002,2,송민지,송,18,683494,宋,2000,female,1파트,31,2026-03-31,NB,NB,"[1036, 161, 1064, 188]","[110, 161, 196, 188]",AG5,images/schedule_0005_parted_pdf.png
schedule_0005,parted_pdf,S0005_R003,3,권미경,권,15,705941,權,1972,female,1파트,1,2026-03-01,BL,BL,"[196, 188, 224, 215]","[110, 188, 196, 215]",C6,images/schedule_0005_parted_pdf.png
schedule_0005,parted_pdf,S0005_R003,3,권미경,권,15,705941,權,1972,female,1파트,2,2026-03-02,지원,지원,"[224, 188, 252, 215]","[110, 188, 196, 215]",D6,images/schedule_0005_parted_pdf.png
schedule_0005,parted_pdf,S0005_R003,3,권미경,권,15,705941,權,1972,female,1파트,3,2026-03-03,—,—,"[252, 188, 280, 215]","[110, 188, 196, 215]",E6,images/schedule_0005_parted_pdf.png
schedule_0005,parted_pdf,S0005_R003,3,권미경,권,15,705941,權,1972,female,1파트,4,2026-03-04,LV,LV,"[280, 188, 308, 215]","[110, 188, 196, 215]",F6,images/schedule_0005_parted_pdf.png
schedule_0005,parted_pdf,S0005_R003,3,권미경,권,15,705941,權,1972,female,1파트,5,2026-03-05,SB,Sb,"[308, 188, 336, 215]","[110, 188, 196, 215]",G6,images/schedule_0005_parted_pdf.png
schedule_0005,parted_pdf,S0005_R003,3,권미경,권,15,705941,權,1972,female,1파트,6,2026-03-06,ST,ST,"[336, 188, 364, 215]","[110, 188, 196, 215]",H6,images/schedule_0005_parted_pdf.png
schedule_0005,parted_pdf,S0005_R003,3,권미경,권,15,705941,權,1972,female,1파트,7,2026-03-07,OR,Or,"[364, 188, 392, 215]","[110, 188, 196, 215]",I6,images/schedule_0005_parted_pdf.png
schedule_0005,parted_pdf,S0005_R003,3,권미경,권,15,705941,權,1972,female,1파트,8,2026-03-08,O,o,"[392, 188, 420, 215]","[110, 188, 196, 215]",J6,images/schedule_0005_parted_pdf.png
schedule_0005,parted_pdf,S0005_R003,3,권미경,권,15,705941,權,1972,female,1파트,9,2026-03-09,OFF,OFF,"[420, 188, 448, 215]","[110, 188, 196, 215]",K6,images/schedule_0005_parted_pdf.png
schedule_0005,parted_pdf,S0005_R003,3,권미경,권,15,705941,權,1972,female,1파트,10,2026-03-10,N,N,"[448, 188, 476, 215]","[110, 188, 196, 215]",L6,images/schedule_0005_parted_pdf.png
schedule_0005,parted_pdf,S0005_R003,3,권미경,권,15,705941,權,1972,female,1파트,11,2026-03-11,N,N,"[476, 188, 504, 215]","[110, 188, 196, 215]",M6,images/schedule_0005_parted_pdf.png
schedule_0005,parted_pdf,S0005_R003,3,권미경,권,15,705941,權,1972,female,1파트,12,2026-03-12,N,n,"[504, 188, 532, 215]","[110, 188, 196, 215]",N6,images/schedule_0005_parted_pdf.png
schedule_0005,parted_pdf,S0005_R003,3,권미경,권,15,705941,權,1972,female,1파트,13,2026-03-13,F,F,"[532, 188, 560, 215]","[110, 188, 196, 215]",O6,images/schedule_0005_parted_pdf.png
schedule_0005,parted_pdf,S0005_R003,3,권미경,권,15,705941,權,1972,female,1파트,14,2026-03-14,D,d,"[560, 188, 588, 215]","[110, 188, 196, 215]",P6,images/schedule_0005_parted_pdf.png
schedule_0005,parted_pdf,S0005_R003,3,권미경,권,15,705941,權,1972,female,1파트,15,2026-03-15,OFF,OfF,"[588, 188, 616, 215]","[110, 188, 196, 215]",Q6,images/schedule_0005_parted_pdf.png
schedule_0005,parted_pdf,S0005_R003,3,권미경,권,15,705941,權,1972,female,1파트,16,2026-03-16,O,O,"[616, 188, 644, 215]","[110, 188, 196, 215]",R6,images/schedule_0005_parted_pdf.png
schedule_0005,parted_pdf,S0005_R003,3,권미경,권,15,705941,權,1972,female,1파트,17,2026-03-17,N,N,"[644, 188, 672, 215]","[110, 188, 196, 215]",S6,images/schedule_0005_parted_pdf.png
schedule_0005,parted_pdf,S0005_R003,3,권미경,권,15,705941,權,1972,female,1파트,18,2026-03-18,DE,de,"[672, 188, 700, 215]","[110, 188, 196, 215]",T6,images/schedule_0005_parted_pdf.png
schedule_0005,parted_pdf,S0005_R003,3,권미경,권,15,705941,權,1972,female,1파트,19,2026-03-19,SEM,seM,"[700, 188, 728, 215]","[110, 188, 196, 215]",U6,images/schedule_0005_parted_pdf.png
schedule_0005,parted_pdf,S0005_R003,3,권미경,권,15,705941,權,1972,female,1파트,20,2026-03-20,EL,EL,"[728, 188, 756, 215]","[110, 188, 196, 215]",V6,images/schedule_0005_parted_pdf.png
schedule_0005,parted_pdf,S0005_R003,3,권미경,권,15,705941,權,1972,female,1파트,21,2026-03-21,VL,VL,"[756, 188, 784, 215]","[110, 188, 196, 215]",W6,images/schedule_0005_parted_pdf.png
schedule_0005,parted_pdf,S0005_R003,3,권미경,권,15,705941,權,1972,female,1파트,22,2026-03-22,NB,NB,"[784, 188, 812, 215]","[110, 188, 196, 215]",X6,images/schedule_0005_parted_pdf.png
schedule_0005,parted_pdf,S0005_R003,3,권미경,권,15,705941,權,1972,female,1파트,23,2026-03-23,X,X,"[812, 188, 840, 215]","[110, 188, 196, 215]",Y6,images/schedule_0005_parted_pdf.png
schedule_0005,parted_pdf,S0005_R003,3,권미경,권,15,705941,權,1972,female,1파트,24,2026-03-24,M,M,"[840, 188, 868, 215]","[110, 188, 196, 215]",Z6,images/schedule_0005_parted_pdf.png
schedule_0005,parted_pdf,S0005_R003,3,권미경,권,15,705941,權,1972,female,1파트,25,2026-03-25,DE,De,"[868, 188, 896, 215]","[110, 188, 196, 215]",AA6,images/schedule_0005_parted_pdf.png
schedule_0005,parted_pdf,S0005_R003,3,권미경,권,15,705941,權,1972,female,1파트,26,2026-03-26,H,H,"[896, 188, 924, 215]","[110, 188, 196, 215]",AB6,images/schedule_0005_parted_pdf.png
schedule_0005,parted_pdf,S0005_R003,3,권미경,권,15,705941,權,1972,female,1파트,27,2026-03-27,D5,D5,"[924, 188, 952, 215]","[110, 188, 196, 215]",AC6,images/schedule_0005_parted_pdf.png
schedule_0005,parted_pdf,S0005_R003,3,권미경,권,15,705941,權,1972,female,1파트,28,2026-03-28,UL,UL,"[952, 188, 980, 215]","[110, 188, 196, 215]",AD6,images/schedule_0005_parted_pdf.png
schedule_0005,parted_pdf,S0005_R003,3,권미경,권,15,705941,權,1972,female,1파트,29,2026-03-29,DN,DN,"[980, 188, 1008, 215]","[110, 188, 196, 215]",AE6,images/schedule_0005_parted_pdf.png
schedule_0005,parted_pdf,S0005_R003,3,권미경,권,15,705941,權,1972,female,1파트,30,2026-03-30,NB,nB,"[1008, 188, 1036, 215]","[110, 188, 196, 215]",AF6,images/schedule_0005_parted_pdf.png
schedule_0005,parted_pdf,S0005_R003,3,권미경,권,15,705941,權,1972,female,1파트,31,2026-03-31,D12,D12,"[1036, 188, 1064, 215]","[110, 188, 196, 215]",AG6,images/schedule_0005_parted_pdf.png
schedule_0005,parted_pdf,S0005_R004,4,김가영,김,1,10689959,金,1994,female,1파트,1,2026-03-01,A,A,"[196, 215, 224, 242]","[110, 215, 196, 242]",C7,images/schedule_0005_parted_pdf.png
schedule_0005,parted_pdf,S0005_R004,4,김가영,김,1,10689959,金,1994,female,1파트,2,2026-03-02,E,e,"[224, 215, 252, 242]","[110, 215, 196, 242]",D7,images/schedule_0005_parted_pdf.png
schedule_0005,parted_pdf,S0005_R004,4,김가영,김,1,10689959,金,1994,female,1파트,3,2026-03-03,O,O,"[252, 215, 280, 242]","[110, 215, 196, 242]",E7,images/schedule_0005_parted_pdf.png
schedule_0005,parted_pdf,S0005_R004,4,김가영,김,1,10689959,金,1994,female,1파트,4,2026-03-04,OFF,OFF,"[280, 215, 308, 242]","[110, 215, 196, 242]",F7,images/schedule_0005_parted_pdf.png
schedule_0005,parted_pdf,S0005_R004,4,김가영,김,1,10689959,金,1994,female,1파트,5,2026-03-05,E,E,"[308, 215, 336, 242]","[110, 215, 196, 242]",G7,images/schedule_0005_parted_pdf.png
schedule_0005,parted_pdf,S0005_R004,4,김가영,김,1,10689959,金,1994,female,1파트,6,2026-03-06,N,n,"[336, 215, 364, 242]","[110, 215, 196, 242]",H7,images/schedule_0005_parted_pdf.png
schedule_0005,parted_pdf,S0005_R004,4,김가영,김,1,10689959,金,1994,female,1파트,7,2026-03-07,DH,DH,"[364, 215, 392, 242]","[110, 215, 196, 242]",I7,images/schedule_0005_parted_pdf.png
schedule_0005,parted_pdf,S0005_R004,4,김가영,김,1,10689959,金,1994,female,1파트,8,2026-03-08,H,h,"[392, 215, 420, 242]","[110, 215, 196, 242]",J7,images/schedule_0005_parted_pdf.png
schedule_0005,parted_pdf,S0005_R004,4,김가영,김,1,10689959,金,1994,female,1파트,9,2026-03-09,OFF,OfF,"[420, 215, 448, 242]","[110, 215, 196, 242]",K7,images/schedule_0005_parted_pdf.png
schedule_0005,parted_pdf,S0005_R004,4,김가영,김,1,10689959,金,1994,female,1파트,10,2026-03-10,D,D,"[448, 215, 476, 242]","[110, 215, 196, 242]",L7,images/schedule_0005_parted_pdf.png
schedule_0005,parted_pdf,S0005_R004,4,김가영,김,1,10689959,金,1994,female,1파트,11,2026-03-11,D,D,"[476, 215, 504, 242]","[110, 215, 196, 242]",M7,images/schedule_0005_parted_pdf.png
schedule_0005,parted_pdf,S0005_R004,4,김가영,김,1,10689959,金,1994,female,1파트,12,2026-03-12,D,d,"[504, 215, 532, 242]","[110, 215, 196, 242]",N7,images/schedule_0005_parted_pdf.png
schedule_0005,parted_pdf,S0005_R004,4,김가영,김,1,10689959,金,1994,female,1파트,13,2026-03-13,ADO,adO,"[532, 215, 560, 242]","[110, 215, 196, 242]",O7,images/schedule_0005_parted_pdf.png
schedule_0005,parted_pdf,S0005_R004,4,김가영,김,1,10689959,金,1994,female,1파트,14,2026-03-14,PH,PH,"[560, 215, 588, 242]","[110, 215, 196, 242]",P7,images/schedule_0005_parted_pdf.png
schedule_0005,parted_pdf,S0005_R004,4,김가영,김,1,10689959,金,1994,female,1파트,15,2026-03-15,S,s,"[588, 215, 616, 242]","[110, 215, 196, 242]",Q7,images/schedule_0005_parted_pdf.png
schedule_0005,parted_pdf,S0005_R004,4,김가영,김,1,10689959,金,1994,female,1파트,16,2026-03-16,MID,mID,"[616, 215, 644, 242]","[110, 215, 196, 242]",R7,images/schedule_0005_parted_pdf.png
schedule_0005,parted_pdf,S0005_R004,4,김가영,김,1,10689959,金,1994,female,1파트,17,2026-03-17,H,H,"[644, 215, 672, 242]","[110, 215, 196, 242]",S7,images/schedule_0005_parted_pdf.png
schedule_0005,parted_pdf,S0005_R004,4,김가영,김,1,10689959,金,1994,female,1파트,18,2026-03-18,P,P,"[672, 215, 700, 242]","[110, 215, 196, 242]",T7,images/schedule_0005_parted_pdf.png
schedule_0005,parted_pdf,S0005_R004,4,김가영,김,1,10689959,金,1994,female,1파트,19,2026-03-19,D,D,"[700, 215, 728, 242]","[110, 215, 196, 242]",U7,images/schedule_0005_parted_pdf.png
schedule_0005,parted_pdf,S0005_R004,4,김가영,김,1,10689959,金,1994,female,1파트,20,2026-03-20,F,f,"[728, 215, 756, 242]","[110, 215, 196, 242]",V7,images/schedule_0005_parted_pdf.png
schedule_0005,parted_pdf,S0005_R004,4,김가영,김,1,10689959,金,1994,female,1파트,21,2026-03-21,N,n,"[756, 215, 784, 242]","[110, 215, 196, 242]",W7,images/schedule_0005_parted_pdf.png
schedule_0005,parted_pdf,S0005_R004,4,김가영,김,1,10689959,金,1994,female,1파트,22,2026-03-22,O,O,"[784, 215, 812, 242]","[110, 215, 196, 242]",X7,images/schedule_0005_parted_pdf.png
schedule_0005,parted_pdf,S0005_R004,4,김가영,김,1,10689959,金,1994,female,1파트,23,2026-03-23,OFF,off,"[812, 215, 840, 242]","[110, 215, 196, 242]",Y7,images/schedule_0005_parted_pdf.png
schedule_0005,parted_pdf,S0005_R004,4,김가영,김,1,10689959,金,1994,female,1파트,24,2026-03-24,N,N,"[840, 215, 868, 242]","[110, 215, 196, 242]",Z7,images/schedule_0005_parted_pdf.png
schedule_0005,parted_pdf,S0005_R004,4,김가영,김,1,10689959,金,1994,female,1파트,25,2026-03-25,휴,휴,"[868, 215, 896, 242]","[110, 215, 196, 242]",AA7,images/schedule_0005_parted_pdf.png
schedule_0005,parted_pdf,S0005_R004,4,김가영,김,1,10689959,金,1994,female,1파트,26,2026-03-26,—,—,"[896, 215, 924, 242]","[110, 215, 196, 242]",AB7,images/schedule_0005_parted_pdf.png
schedule_0005,parted_pdf,S0005_R004,4,김가영,김,1,10689959,金,1994,female,1파트,27,2026-03-27,LD,LD,"[924, 215, 952, 242]","[110, 215, 196, 242]",AC7,images/schedule_0005_parted_pdf.png
schedule_0005,parted_pdf,S0005_R004,4,김가영,김,1,10689959,金,1994,female,1파트,28,2026-03-28,PO,PO,"[952, 215, 980, 242]","[110, 215, 196, 242]",AD7,images/schedule_0005_parted_pdf.png
schedule_0005,parted_pdf,S0005_R004,4,김가영,김,1,10689959,金,1994,female,1파트,29,2026-03-29,PM,Pm,"[980, 215, 1008, 242]","[110, 215, 196, 242]",AE7,images/schedule_0005_parted_pdf.png
schedule_0005,parted_pdf,S0005_R004,4,김가영,김,1,10689959,金,1994,female,1파트,30,2026-03-30,-,-,"[1008, 215, 1036, 242]","[110, 215, 196, 242]",AF7,images/schedule_0005_parted_pdf.png
schedule_0005,parted_pdf,S0005_R004,4,김가영,김,1,10689959,金,1994,female,1파트,31,2026-03-31,ADO,ADo,"[1036, 215, 1064, 242]","[110, 215, 196, 242]",AG7,images/schedule_0005_parted_pdf.png
schedule_0005,parted_pdf,S0005_R005,5,김현정,김,1,10689959,金,1984,female,1파트,1,2026-03-01,T,T,"[196, 242, 224, 269]","[110, 242, 196, 269]",C8,images/schedule_0005_parted_pdf.png
schedule_0005,parted_pdf,S0005_R005,5,김현정,김,1,10689959,金,1984,female,1파트,2,2026-03-02,O,O,"[224, 242, 252, 269]","[110, 242, 196, 269]",D8,images/schedule_0005_parted_pdf.png
schedule_0005,parted_pdf,S0005_R005,5,김현정,김,1,10689959,金,1984,female,1파트,3,2026-03-03,D,D,"[252, 242, 280, 269]","[110, 242, 196, 269]",E8,images/schedule_0005_parted_pdf.png
schedule_0005,parted_pdf,S0005_R005,5,김현정,김,1,10689959,金,1984,female,1파트,4,2026-03-04,D,D,"[280, 242, 308, 269]","[110, 242, 196, 269]",F8,images/schedule_0005_parted_pdf.png
schedule_0005,parted_pdf,S0005_R005,5,김현정,김,1,10689959,金,1984,female,1파트,5,2026-03-05,ML,ML,"[308, 242, 336, 269]","[110, 242, 196, 269]",G8,images/schedule_0005_parted_pdf.png
schedule_0005,parted_pdf,S0005_R005,5,김현정,김,1,10689959,金,1984,female,1파트,6,2026-03-06,PM,PM,"[336, 242, 364, 269]","[110, 242, 196, 269]",H8,images/schedule_0005_parted_pdf.png
schedule_0005,parted_pdf,S0005_R005,5,김현정,김,1,10689959,金,1984,female,1파트,7,2026-03-07,D5,D5,"[364, 242, 392, 269]","[110, 242, 196, 269]",I8,images/schedule_0005_parted_pdf.png
schedule_0005,parted_pdf,S0005_R005,5,김현정,김,1,10689959,金,1984,female,1파트,8,2026-03-08,S,S,"[392, 242, 420, 269]","[110, 242, 196, 269]",J8,images/schedule_0005_parted_pdf.png
schedule_0005,parted_pdf,S0005_R005,5,김현정,김,1,10689959,金,1984,female,1파트,9,2026-03-09,OR,OR,"[420, 242, 448, 269]","[110, 242, 196, 269]",K8,images/schedule_0005_parted_pdf.png
schedule_0005,parted_pdf,S0005_R005,5,김현정,김,1,10689959,金,1984,female,1파트,10,2026-03-10,AM,AM,"[448, 242, 476, 269]","[110, 242, 196, 269]",L8,images/schedule_0005_parted_pdf.png
schedule_0005,parted_pdf,S0005_R005,5,김현정,김,1,10689959,金,1984,female,1파트,11,2026-03-11,MAT,MAT,"[476, 242, 504, 269]","[110, 242, 196, 269]",M8,images/schedule_0005_parted_pdf.png
schedule_0005,parted_pdf,S0005_R005,5,김현정,김,1,10689959,金,1984,female,1파트,12,2026-03-12,CB,CB,"[504, 242, 532, 269]","[110, 242, 196, 269]",N8,images/schedule_0005_parted_pdf.png
schedule_0005,parted_pdf,S0005_R005,5,김현정,김,1,10689959,金,1984,female,1파트,13,2026-03-13,NPL,NpL,"[532, 242, 560, 269]","[110, 242, 196, 269]",O8,images/schedule_0005_parted_pdf.png
schedule_0005,parted_pdf,S0005_R005,5,김현정,김,1,10689959,金,1984,female,1파트,14,2026-03-14,A,a,"[560, 242, 588, 269]","[110, 242, 196, 269]",P8,images/schedule_0005_parted_pdf.png
schedule_0005,parted_pdf,S0005_R005,5,김현정,김,1,10689959,金,1984,female,1파트,15,2026-03-15,M,m,"[588, 242, 616, 269]","[110, 242, 196, 269]",Q8,images/schedule_0005_parted_pdf.png
schedule_0005,parted_pdf,S0005_R005,5,김현정,김,1,10689959,金,1984,female,1파트,16,2026-03-16,MD,Md,"[616, 242, 644, 269]","[110, 242, 196, 269]",R8,images/schedule_0005_parted_pdf.png
schedule_0005,parted_pdf,S0005_R005,5,김현정,김,1,10689959,金,1984,female,1파트,17,2026-03-17,ANL,ANL,"[644, 242, 672, 269]","[110, 242, 196, 269]",S8,images/schedule_0005_parted_pdf.png
schedule_0005,parted_pdf,S0005_R005,5,김현정,김,1,10689959,金,1984,female,1파트,18,2026-03-18,DN,dN,"[672, 242, 700, 269]","[110, 242, 196, 269]",T8,images/schedule_0005_parted_pdf.png
schedule_0005,parted_pdf,S0005_R005,5,김현정,김,1,10689959,金,1984,female,1파트,19,2026-03-19,DB,dB,"[700, 242, 728, 269]","[110, 242, 196, 269]",U8,images/schedule_0005_parted_pdf.png
schedule_0005,parted_pdf,S0005_R005,5,김현정,김,1,10689959,金,1984,female,1파트,20,2026-03-20,LD,LD,"[728, 242, 756, 269]","[110, 242, 196, 269]",V8,images/schedule_0005_parted_pdf.png
schedule_0005,parted_pdf,S0005_R005,5,김현정,김,1,10689959,金,1984,female,1파트,21,2026-03-21,AM,AM,"[756, 242, 784, 269]","[110, 242, 196, 269]",W8,images/schedule_0005_parted_pdf.png
schedule_0005,parted_pdf,S0005_R005,5,김현정,김,1,10689959,金,1984,female,1파트,22,2026-03-22,AM,am,"[784, 242, 812, 269]","[110, 242, 196, 269]",X8,images/schedule_0005_parted_pdf.png
schedule_0005,parted_pdf,S0005_R005,5,김현정,김,1,10689959,金,1984,female,1파트,23,2026-03-23,A,A,"[812, 242, 840, 269]","[110, 242, 196, 269]",Y8,images/schedule_0005_parted_pdf.png
schedule_0005,parted_pdf,S0005_R005,5,김현정,김,1,10689959,金,1984,female,1파트,24,2026-03-24,MD,MD,"[840, 242, 868, 269]","[110, 242, 196, 269]",Z8,images/schedule_0005_parted_pdf.png
schedule_0005,parted_pdf,S0005_R005,5,김현정,김,1,10689959,金,1984,female,1파트,25,2026-03-25,ST,st,"[868, 242, 896, 269]","[110, 242, 196, 269]",AA8,images/schedule_0005_parted_pdf.png
schedule_0005,parted_pdf,S0005_R005,5,김현정,김,1,10689959,金,1984,female,1파트,26,2026-03-26,XA,Xa,"[896, 242, 924, 269]","[110, 242, 196, 269]",AB8,images/schedule_0005_parted_pdf.png
schedule_0005,parted_pdf,S0005_R005,5,김현정,김,1,10689959,金,1984,female,1파트,27,2026-03-27,N,N,"[924, 242, 952, 269]","[110, 242, 196, 269]",AC8,images/schedule_0005_parted_pdf.png
schedule_0005,parted_pdf,S0005_R005,5,김현정,김,1,10689959,金,1984,female,1파트,28,2026-03-28,N,N,"[952, 242, 980, 269]","[110, 242, 196, 269]",AD8,images/schedule_0005_parted_pdf.png
schedule_0005,parted_pdf,S0005_R005,5,김현정,김,1,10689959,金,1984,female,1파트,29,2026-03-29,OFF,oFf,"[980, 242, 1008, 269]","[110, 242, 196, 269]",AE8,images/schedule_0005_parted_pdf.png
schedule_0005,parted_pdf,S0005_R005,5,김현정,김,1,10689959,金,1984,female,1파트,30,2026-03-30,N,n,"[1008, 242, 1036, 269]","[110, 242, 196, 269]",AF8,images/schedule_0005_parted_pdf.png
schedule_0005,parted_pdf,S0005_R005,5,김현정,김,1,10689959,金,1984,female,1파트,31,2026-03-31,NO,NO,"[1036, 242, 1064, 269]","[110, 242, 196, 269]",AG8,images/schedule_0005_parted_pdf.png
schedule_0005,parted_pdf,S0005_R006,6,강정희,강,6,1268472,姜|康,1968,female,2파트,1,2026-03-01,D,D,"[196, 269, 224, 296]","[110, 269, 196, 296]",C9,images/schedule_0005_parted_pdf.png
schedule_0005,parted_pdf,S0005_R006,6,강정희,강,6,1268472,姜|康,1968,female,2파트,2,2026-03-02,P,P,"[224, 269, 252, 296]","[110, 269, 196, 296]",D9,images/schedule_0005_parted_pdf.png
schedule_0005,parted_pdf,S0005_R006,6,강정희,강,6,1268472,姜|康,1968,female,2파트,3,2026-03-03,N,n,"[252, 269, 280, 296]","[110, 269, 196, 296]",E9,images/schedule_0005_parted_pdf.png
schedule_0005,parted_pdf,S0005_R006,6,강정희,강,6,1268472,姜|康,1968,female,2파트,4,2026-03-04,OFF,off,"[280, 269, 308, 296]","[110, 269, 196, 296]",F9,images/schedule_0005_parted_pdf.png
schedule_0005,parted_pdf,S0005_R006,6,강정희,강,6,1268472,姜|康,1968,female,2파트,5,2026-03-05,O,O,"[308, 269, 336, 296]","[110, 269, 196, 296]",G9,images/schedule_0005_parted_pdf.png
schedule_0005,parted_pdf,S0005_R006,6,강정희,강,6,1268472,姜|康,1968,female,2파트,6,2026-03-06,O,O,"[336, 269, 364, 296]","[110, 269, 196, 296]",H9,images/schedule_0005_parted_pdf.png
schedule_0005,parted_pdf,S0005_R006,6,강정희,강,6,1268472,姜|康,1968,female,2파트,7,2026-03-07,E,E,"[364, 269, 392, 296]","[110, 269, 196, 296]",I9,images/schedule_0005_parted_pdf.png
schedule_0005,parted_pdf,S0005_R006,6,강정희,강,6,1268472,姜|康,1968,female,2파트,8,2026-03-08,E,E,"[392, 269, 420, 296]","[110, 269, 196, 296]",J9,images/schedule_0005_parted_pdf.png
schedule_0005,parted_pdf,S0005_R006,6,강정희,강,6,1268472,姜|康,1968,female,2파트,9,2026-03-09,E,e,"[420, 269, 448, 296]","[110, 269, 196, 296]",K9,images/schedule_0005_parted_pdf.png
schedule_0005,parted_pdf,S0005_R006,6,강정희,강,6,1268472,姜|康,1968,female,2파트,10,2026-03-10,MID,MID,"[448, 269, 476, 296]","[110, 269, 196, 296]",L9,images/schedule_0005_parted_pdf.png
schedule_0005,parted_pdf,S0005_R006,6,강정희,강,6,1268472,姜|康,1968,female,2파트,11,2026-03-11,AM,aM,"[476, 269, 504, 296]","[110, 269, 196, 296]",M9,images/schedule_0005_parted_pdf.png
schedule_0005,parted_pdf,S0005_R006,6,강정희,강,6,1268472,姜|康,1968,female,2파트,12,2026-03-12,M,M,"[504, 269, 532, 296]","[110, 269, 196, 296]",N9,images/schedule_0005_parted_pdf.png
schedule_0005,parted_pdf,S0005_R006,6,강정희,강,6,1268472,姜|康,1968,female,2파트,13,2026-03-13,E,E,"[532, 269, 560, 296]","[110, 269, 196, 296]",O9,images/schedule_0005_parted_pdf.png
schedule_0005,parted_pdf,S0005_R006,6,강정희,강,6,1268472,姜|康,1968,female,2파트,14,2026-03-14,O,O,"[560, 269, 588, 296]","[110, 269, 196, 296]",P9,images/schedule_0005_parted_pdf.png
schedule_0005,parted_pdf,S0005_R006,6,강정희,강,6,1268472,姜|康,1968,female,2파트,15,2026-03-15,O,o,"[588, 269, 616, 296]","[110, 269, 196, 296]",Q9,images/schedule_0005_parted_pdf.png
schedule_0005,parted_pdf,S0005_R006,6,강정희,강,6,1268472,姜|康,1968,female,2파트,16,2026-03-16,PL,Pl,"[616, 269, 644, 296]","[110, 269, 196, 296]",R9,images/schedule_0005_parted_pdf.png
schedule_0005,parted_pdf,S0005_R006,6,강정희,강,6,1268472,姜|康,1968,female,2파트,17,2026-03-17,D,D,"[644, 269, 672, 296]","[110, 269, 196, 296]",S9,images/schedule_0005_parted_pdf.png
schedule_0005,parted_pdf,S0005_R006,6,강정희,강,6,1268472,姜|康,1968,female,2파트,18,2026-03-18,NB,Nb,"[672, 269, 700, 296]","[110, 269, 196, 296]",T9,images/schedule_0005_parted_pdf.png
schedule_0005,parted_pdf,S0005_R006,6,강정희,강,6,1268472,姜|康,1968,female,2파트,19,2026-03-19,ADO,ado,"[700, 269, 728, 296]","[110, 269, 196, 296]",U9,images/schedule_0005_parted_pdf.png
schedule_0005,parted_pdf,S0005_R006,6,강정희,강,6,1268472,姜|康,1968,female,2파트,20,2026-03-20,WO,wO,"[728, 269, 756, 296]","[110, 269, 196, 296]",V9,images/schedule_0005_parted_pdf.png
schedule_0005,parted_pdf,S0005_R006,6,강정희,강,6,1268472,姜|康,1968,female,2파트,21,2026-03-21,N,N,"[756, 269, 784, 296]","[110, 269, 196, 296]",W9,images/schedule_0005_parted_pdf.png
schedule_0005,parted_pdf,S0005_R006,6,강정희,강,6,1268472,姜|康,1968,female,2파트,22,2026-03-22,SL,SL,"[784, 269, 812, 296]","[110, 269, 196, 296]",X9,images/schedule_0005_parted_pdf.png
schedule_0005,parted_pdf,S0005_R006,6,강정희,강,6,1268472,姜|康,1968,female,2파트,23,2026-03-23,D,D,"[812, 269, 840, 296]","[110, 269, 196, 296]",Y9,images/schedule_0005_parted_pdf.png
schedule_0005,parted_pdf,S0005_R006,6,강정희,강,6,1268472,姜|康,1968,female,2파트,24,2026-03-24,O,O,"[840, 269, 868, 296]","[110, 269, 196, 296]",Z9,images/schedule_0005_parted_pdf.png
schedule_0005,parted_pdf,S0005_R006,6,강정희,강,6,1268472,姜|康,1968,female,2파트,25,2026-03-25,O,O,"[868, 269, 896, 296]","[110, 269, 196, 296]",AA9,images/schedule_0005_parted_pdf.png
schedule_0005,parted_pdf,S0005_R006,6,강정희,강,6,1268472,姜|康,1968,female,2파트,26,2026-03-26,D,D,"[896, 269, 924, 296]","[110, 269, 196, 296]",AB9,images/schedule_0005_parted_pdf.png
schedule_0005,parted_pdf,S0005_R006,6,강정희,강,6,1268472,姜|康,1968,female,2파트,27,2026-03-27,D,D,"[924, 269, 952, 296]","[110, 269, 196, 296]",AC9,images/schedule_0005_parted_pdf.png
schedule_0005,parted_pdf,S0005_R006,6,강정희,강,6,1268472,姜|康,1968,female,2파트,28,2026-03-28,O/C,o/c,"[952, 269, 980, 296]","[110, 269, 196, 296]",AD9,images/schedule_0005_parted_pdf.png
schedule_0005,parted_pdf,S0005_R006,6,강정희,강,6,1268472,姜|康,1968,female,2파트,29,2026-03-29,ANL,anl,"[980, 269, 1008, 296]","[110, 269, 196, 296]",AE9,images/schedule_0005_parted_pdf.png
schedule_0005,parted_pdf,S0005_R006,6,강정희,강,6,1268472,姜|康,1968,female,2파트,30,2026-03-30,DN,DN,"[1008, 269, 1036, 296]","[110, 269, 196, 296]",AF9,images/schedule_0005_parted_pdf.png
schedule_0005,parted_pdf,S0005_R006,6,강정희,강,6,1268472,姜|康,1968,female,2파트,31,2026-03-31,OPD,OPD,"[1036, 269, 1064, 296]","[110, 269, 196, 296]",AG9,images/schedule_0005_parted_pdf.png
schedule_0005,parted_pdf,S0005_R007,7,박영미,박,3,4192074,朴,1982,female,2파트,1,2026-03-01,off,off,"[196, 296, 224, 323]","[110, 296, 196, 323]",C10,images/schedule_0005_parted_pdf.png
schedule_0005,parted_pdf,S0005_R007,7,박영미,박,3,4192074,朴,1982,female,2파트,2,2026-03-02,D,D,"[224, 296, 252, 323]","[110, 296, 196, 323]",D10,images/schedule_0005_parted_pdf.png
schedule_0005,parted_pdf,S0005_R007,7,박영미,박,3,4192074,朴,1982,female,2파트,3,2026-03-03,E,e,"[252, 296, 280, 323]","[110, 296, 196, 323]",E10,images/schedule_0005_parted_pdf.png
schedule_0005,parted_pdf,S0005_R007,7,박영미,박,3,4192074,朴,1982,female,2파트,4,2026-03-04,E,E,"[280, 296, 308, 323]","[110, 296, 196, 323]",F10,images/schedule_0005_parted_pdf.png
schedule_0005,parted_pdf,S0005_R007,7,박영미,박,3,4192074,朴,1982,female,2파트,5,2026-03-05,E,E,"[308, 296, 336, 323]","[110, 296, 196, 323]",G10,images/schedule_0005_parted_pdf.png
schedule_0005,parted_pdf,S0005_R007,7,박영미,박,3,4192074,朴,1982,female,2파트,6,2026-03-06,NO,NO,"[336, 296, 364, 323]","[110, 296, 196, 323]",H10,images/schedule_0005_parted_pdf.png
schedule_0005,parted_pdf,S0005_R007,7,박영미,박,3,4192074,朴,1982,female,2파트,7,2026-03-07,D,D,"[364, 296, 392, 323]","[110, 296, 196, 323]",I10,images/schedule_0005_parted_pdf.png
schedule_0005,parted_pdf,S0005_R007,7,박영미,박,3,4192074,朴,1982,female,2파트,8,2026-03-08,DN,DN,"[392, 296, 420, 323]","[110, 296, 196, 323]",J10,images/schedule_0005_parted_pdf.png
schedule_0005,parted_pdf,S0005_R007,7,박영미,박,3,4192074,朴,1982,female,2파트,9,2026-03-09,A,A,"[420, 296, 448, 323]","[110, 296, 196, 323]",K10,images/schedule_0005_parted_pdf.png
schedule_0005,parted_pdf,S0005_R007,7,박영미,박,3,4192074,朴,1982,female,2파트,10,2026-03-10,A,a,"[448, 296, 476, 323]","[110, 296, 196, 323]",L10,images/schedule_0005_parted_pdf.png
schedule_0005,parted_pdf,S0005_R007,7,박영미,박,3,4192074,朴,1982,female,2파트,11,2026-03-11,WO,WO,"[476, 296, 504, 323]","[110, 296, 196, 323]",M10,images/schedule_0005_parted_pdf.png
schedule_0005,parted_pdf,S0005_R007,7,박영미,박,3,4192074,朴,1982,female,2파트,12,2026-03-12,off,off,"[504, 296, 532, 323]","[110, 296, 196, 323]",N10,images/schedule_0005_parted_pdf.png
schedule_0005,parted_pdf,S0005_R007,7,박영미,박,3,4192074,朴,1982,female,2파트,13,2026-03-13,O,o,"[532, 296, 560, 323]","[110, 296, 196, 323]",O10,images/schedule_0005_parted_pdf.png
schedule_0005,parted_pdf,S0005_R007,7,박영미,박,3,4192074,朴,1982,female,2파트,14,2026-03-14,E,E,"[560, 296, 588, 323]","[110, 296, 196, 323]",P10,images/schedule_0005_parted_pdf.png
schedule_0005,parted_pdf,S0005_R007,7,박영미,박,3,4192074,朴,1982,female,2파트,15,2026-03-15,N,N,"[588, 296, 616, 323]","[110, 296, 196, 323]",Q10,images/schedule_0005_parted_pdf.png
schedule_0005,parted_pdf,S0005_R007,7,박영미,박,3,4192074,朴,1982,female,2파트,16,2026-03-16,F,f,"[616, 296, 644, 323]","[110, 296, 196, 323]",R10,images/schedule_0005_parted_pdf.png
schedule_0005,parted_pdf,S0005_R007,7,박영미,박,3,4192074,朴,1982,female,2파트,17,2026-03-17,D,D,"[644, 296, 672, 323]","[110, 296, 196, 323]",S10,images/schedule_0005_parted_pdf.png
schedule_0005,parted_pdf,S0005_R007,7,박영미,박,3,4192074,朴,1982,female,2파트,18,2026-03-18,D,D,"[672, 296, 700, 323]","[110, 296, 196, 323]",T10,images/schedule_0005_parted_pdf.png
schedule_0005,parted_pdf,S0005_R007,7,박영미,박,3,4192074,朴,1982,female,2파트,19,2026-03-19,D,D,"[700, 296, 728, 323]","[110, 296, 196, 323]",U10,images/schedule_0005_parted_pdf.png
schedule_0005,parted_pdf,S0005_R007,7,박영미,박,3,4192074,朴,1982,female,2파트,20,2026-03-20,C,C,"[728, 296, 756, 323]","[110, 296, 196, 323]",V10,images/schedule_0005_parted_pdf.png
schedule_0005,parted_pdf,S0005_R007,7,박영미,박,3,4192074,朴,1982,female,2파트,21,2026-03-21,LD,lD,"[756, 296, 784, 323]","[110, 296, 196, 323]",W10,images/schedule_0005_parted_pdf.png
schedule_0005,parted_pdf,S0005_R007,7,박영미,박,3,4192074,朴,1982,female,2파트,22,2026-03-22,회의,회의,"[784, 296, 812, 323]","[110, 296, 196, 323]",X10,images/schedule_0005_parted_pdf.png
schedule_0005,parted_pdf,S0005_R007,7,박영미,박,3,4192074,朴,1982,female,2파트,23,2026-03-23,-,-,"[812, 296, 840, 323]","[110, 296, 196, 323]",Y10,images/schedule_0005_parted_pdf.png
schedule_0005,parted_pdf,S0005_R007,7,박영미,박,3,4192074,朴,1982,female,2파트,24,2026-03-24,D5,D5,"[840, 296, 868, 323]","[110, 296, 196, 323]",Z10,images/schedule_0005_parted_pdf.png
schedule_0005,parted_pdf,S0005_R007,7,박영미,박,3,4192074,朴,1982,female,2파트,25,2026-03-25,OFF,OfF,"[868, 296, 896, 323]","[110, 296, 196, 323]",AA10,images/schedule_0005_parted_pdf.png
schedule_0005,parted_pdf,S0005_R007,7,박영미,박,3,4192074,朴,1982,female,2파트,26,2026-03-26,S,S,"[896, 296, 924, 323]","[110, 296, 196, 323]",AB10,images/schedule_0005_parted_pdf.png
schedule_0005,parted_pdf,S0005_R007,7,박영미,박,3,4192074,朴,1982,female,2파트,27,2026-03-27,OFF,OFf,"[924, 296, 952, 323]","[110, 296, 196, 323]",AC10,images/schedule_0005_parted_pdf.png
schedule_0005,parted_pdf,S0005_R007,7,박영미,박,3,4192074,朴,1982,female,2파트,28,2026-03-28,N,N,"[952, 296, 980, 323]","[110, 296, 196, 323]",AD10,images/schedule_0005_parted_pdf.png
schedule_0005,parted_pdf,S0005_R007,7,박영미,박,3,4192074,朴,1982,female,2파트,29,2026-03-29,O,O,"[980, 296, 1008, 323]","[110, 296, 196, 323]",AE10,images/schedule_0005_parted_pdf.png
schedule_0005,parted_pdf,S0005_R007,7,박영미,박,3,4192074,朴,1982,female,2파트,30,2026-03-30,D,D,"[1008, 296, 1036, 323]","[110, 296, 196, 323]",AF10,images/schedule_0005_parted_pdf.png
schedule_0005,parted_pdf,S0005_R007,7,박영미,박,3,4192074,朴,1982,female,2파트,31,2026-03-31,당,당,"[1036, 296, 1064, 323]","[110, 296, 196, 323]",AG10,images/schedule_0005_parted_pdf.png
schedule_0005,parted_pdf,S0005_R008,8,강다은,강,6,1268472,姜|康,2001,female,2파트,1,2026-03-01,NB,NB,"[196, 323, 224, 350]","[110, 323, 196, 350]",C11,images/schedule_0005_parted_pdf.png
schedule_0005,parted_pdf,S0005_R008,8,강다은,강,6,1268472,姜|康,2001,female,2파트,2,2026-03-02,경조,경조,"[224, 323, 252, 350]","[110, 323, 196, 350]",D11,images/schedule_0005_parted_pdf.png
schedule_0005,parted_pdf,S0005_R008,8,강다은,강,6,1268472,姜|康,2001,female,2파트,3,2026-03-03,E,E,"[252, 323, 280, 350]","[110, 323, 196, 350]",E11,images/schedule_0005_parted_pdf.png
schedule_0005,parted_pdf,S0005_R008,8,강다은,강,6,1268472,姜|康,2001,female,2파트,4,2026-03-04,RO,RO,"[280, 323, 308, 350]","[110, 323, 196, 350]",F11,images/schedule_0005_parted_pdf.png
schedule_0005,parted_pdf,S0005_R008,8,강다은,강,6,1268472,姜|康,2001,female,2파트,5,2026-03-05,AO,AO,"[308, 323, 336, 350]","[110, 323, 196, 350]",G11,images/schedule_0005_parted_pdf.png
schedule_0005,parted_pdf,S0005_R008,8,강다은,강,6,1268472,姜|康,2001,female,2파트,6,2026-03-06,D/E,D/e,"[336, 323, 364, 350]","[110, 323, 196, 350]",H11,images/schedule_0005_parted_pdf.png
schedule_0005,parted_pdf,S0005_R008,8,강다은,강,6,1268472,姜|康,2001,female,2파트,7,2026-03-07,D5,D5,"[364, 323, 392, 350]","[110, 323, 196, 350]",I11,images/schedule_0005_parted_pdf.png
schedule_0005,parted_pdf,S0005_R008,8,강다은,강,6,1268472,姜|康,2001,female,2파트,8,2026-03-08,Off,Off,"[392, 323, 420, 350]","[110, 323, 196, 350]",J11,images/schedule_0005_parted_pdf.png
schedule_0005,parted_pdf,S0005_R008,8,강다은,강,6,1268472,姜|康,2001,female,2파트,9,2026-03-09,OFF,OFF,"[420, 323, 448, 350]","[110, 323, 196, 350]",K11,images/schedule_0005_parted_pdf.png
schedule_0005,parted_pdf,S0005_R008,8,강다은,강,6,1268472,姜|康,2001,female,2파트,10,2026-03-10,UPL,UPL,"[448, 323, 476, 350]","[110, 323, 196, 350]",L11,images/schedule_0005_parted_pdf.png
schedule_0005,parted_pdf,S0005_R008,8,강다은,강,6,1268472,姜|康,2001,female,2파트,11,2026-03-11,UL,Ul,"[476, 323, 504, 350]","[110, 323, 196, 350]",M11,images/schedule_0005_parted_pdf.png
schedule_0005,parted_pdf,S0005_R008,8,강다은,강,6,1268472,姜|康,2001,female,2파트,12,2026-03-12,NO,nO,"[504, 323, 532, 350]","[110, 323, 196, 350]",N11,images/schedule_0005_parted_pdf.png
schedule_0005,parted_pdf,S0005_R008,8,강다은,강,6,1268472,姜|康,2001,female,2파트,13,2026-03-13,D/E,d/e,"[532, 323, 560, 350]","[110, 323, 196, 350]",O11,images/schedule_0005_parted_pdf.png
schedule_0005,parted_pdf,S0005_R008,8,강다은,강,6,1268472,姜|康,2001,female,2파트,14,2026-03-14,AO,aO,"[560, 323, 588, 350]","[110, 323, 196, 350]",P11,images/schedule_0005_parted_pdf.png
schedule_0005,parted_pdf,S0005_R008,8,강다은,강,6,1268472,姜|康,2001,female,2파트,15,2026-03-15,PM,pm,"[588, 323, 616, 350]","[110, 323, 196, 350]",Q11,images/schedule_0005_parted_pdf.png
schedule_0005,parted_pdf,S0005_R008,8,강다은,강,6,1268472,姜|康,2001,female,2파트,16,2026-03-16,NPL,NPL,"[616, 323, 644, 350]","[110, 323, 196, 350]",R11,images/schedule_0005_parted_pdf.png
schedule_0005,parted_pdf,S0005_R008,8,강다은,강,6,1268472,姜|康,2001,female,2파트,17,2026-03-17,NB,NB,"[644, 323, 672, 350]","[110, 323, 196, 350]",S11,images/schedule_0005_parted_pdf.png
schedule_0005,parted_pdf,S0005_R008,8,강다은,강,6,1268472,姜|康,2001,female,2파트,18,2026-03-18,DB,db,"[672, 323, 700, 350]","[110, 323, 196, 350]",T11,images/schedule_0005_parted_pdf.png
schedule_0005,parted_pdf,S0005_R008,8,강다은,강,6,1268472,姜|康,2001,female,2파트,19,2026-03-19,X,X,"[700, 323, 728, 350]","[110, 323, 196, 350]",U11,images/schedule_0005_parted_pdf.png
schedule_0005,parted_pdf,S0005_R008,8,강다은,강,6,1268472,姜|康,2001,female,2파트,20,2026-03-20,PO,PO,"[728, 323, 756, 350]","[110, 323, 196, 350]",V11,images/schedule_0005_parted_pdf.png
schedule_0005,parted_pdf,S0005_R008,8,강다은,강,6,1268472,姜|康,2001,female,2파트,21,2026-03-21,IC,IC,"[756, 323, 784, 350]","[110, 323, 196, 350]",W11,images/schedule_0005_parted_pdf.png
schedule_0005,parted_pdf,S0005_R008,8,강다은,강,6,1268472,姜|康,2001,female,2파트,22,2026-03-22,WO,wo,"[784, 323, 812, 350]","[110, 323, 196, 350]",X11,images/schedule_0005_parted_pdf.png
schedule_0005,parted_pdf,S0005_R008,8,강다은,강,6,1268472,姜|康,2001,female,2파트,23,2026-03-23,D12,D12,"[812, 323, 840, 350]","[110, 323, 196, 350]",Y11,images/schedule_0005_parted_pdf.png
schedule_0005,parted_pdf,S0005_R008,8,강다은,강,6,1268472,姜|康,2001,female,2파트,24,2026-03-24,MID,mId,"[840, 323, 868, 350]","[110, 323, 196, 350]",Z11,images/schedule_0005_parted_pdf.png
schedule_0005,parted_pdf,S0005_R008,8,강다은,강,6,1268472,姜|康,2001,female,2파트,25,2026-03-25,보건휴가,보건휴가,"[868, 323, 896, 350]","[110, 323, 196, 350]",AA11,images/schedule_0005_parted_pdf.png
schedule_0005,parted_pdf,S0005_R008,8,강다은,강,6,1268472,姜|康,2001,female,2파트,26,2026-03-26,PM,pm,"[896, 323, 924, 350]","[110, 323, 196, 350]",AB11,images/schedule_0005_parted_pdf.png
schedule_0005,parted_pdf,S0005_R008,8,강다은,강,6,1268472,姜|康,2001,female,2파트,27,2026-03-27,MID,MiD,"[924, 323, 952, 350]","[110, 323, 196, 350]",AC11,images/schedule_0005_parted_pdf.png
schedule_0005,parted_pdf,S0005_R008,8,강다은,강,6,1268472,姜|康,2001,female,2파트,28,2026-03-28,CSSD,CSSD,"[952, 323, 980, 350]","[110, 323, 196, 350]",AD11,images/schedule_0005_parted_pdf.png
schedule_0005,parted_pdf,S0005_R008,8,강다은,강,6,1268472,姜|康,2001,female,2파트,29,2026-03-29,D/E,D/E,"[980, 323, 1008, 350]","[110, 323, 196, 350]",AE11,images/schedule_0005_parted_pdf.png
schedule_0005,parted_pdf,S0005_R008,8,강다은,강,6,1268472,姜|康,2001,female,2파트,30,2026-03-30,H,H,"[1008, 323, 1036, 350]","[110, 323, 196, 350]",AF11,images/schedule_0005_parted_pdf.png
schedule_0005,parted_pdf,S0005_R008,8,강다은,강,6,1268472,姜|康,2001,female,2파트,31,2026-03-31,BH,BH,"[1036, 323, 1064, 350]","[110, 323, 196, 350]",AG11,images/schedule_0005_parted_pdf.png
schedule_0005,parted_pdf,S0005_R009,9,유예진,유,21,949428,柳|劉|兪,2005,female,2파트,1,2026-03-01,AM,AM,"[196, 350, 224, 377]","[110, 350, 196, 377]",C12,images/schedule_0005_parted_pdf.png
schedule_0005,parted_pdf,S0005_R009,9,유예진,유,21,949428,柳|劉|兪,2005,female,2파트,2,2026-03-02,H,H,"[224, 350, 252, 377]","[110, 350, 196, 377]",D12,images/schedule_0005_parted_pdf.png
schedule_0005,parted_pdf,S0005_R009,9,유예진,유,21,949428,柳|劉|兪,2005,female,2파트,3,2026-03-03,TRN,TRN,"[252, 350, 280, 377]","[110, 350, 196, 377]",E12,images/schedule_0005_parted_pdf.png
schedule_0005,parted_pdf,S0005_R009,9,유예진,유,21,949428,柳|劉|兪,2005,female,2파트,4,2026-03-04,TOIL,TOIL,"[280, 350, 308, 377]","[110, 350, 196, 377]",F12,images/schedule_0005_parted_pdf.png
schedule_0005,parted_pdf,S0005_R009,9,유예진,유,21,949428,柳|劉|兪,2005,female,2파트,5,2026-03-05,MID,MID,"[308, 350, 336, 377]","[110, 350, 196, 377]",G12,images/schedule_0005_parted_pdf.png
schedule_0005,parted_pdf,S0005_R009,9,유예진,유,21,949428,柳|劉|兪,2005,female,2파트,6,2026-03-06,AM,AM,"[336, 350, 364, 377]","[110, 350, 196, 377]",H12,images/schedule_0005_parted_pdf.png
schedule_0005,parted_pdf,S0005_R009,9,유예진,유,21,949428,柳|劉|兪,2005,female,2파트,7,2026-03-07,TOIL,TOIL,"[364, 350, 392, 377]","[110, 350, 196, 377]",I12,images/schedule_0005_parted_pdf.png
schedule_0005,parted_pdf,S0005_R009,9,유예진,유,21,949428,柳|劉|兪,2005,female,2파트,8,2026-03-08,ED,ED,"[392, 350, 420, 377]","[110, 350, 196, 377]",J12,images/schedule_0005_parted_pdf.png
schedule_0005,parted_pdf,S0005_R009,9,유예진,유,21,949428,柳|劉|兪,2005,female,2파트,9,2026-03-09,E,E,"[420, 350, 448, 377]","[110, 350, 196, 377]",K12,images/schedule_0005_parted_pdf.png
schedule_0005,parted_pdf,S0005_R009,9,유예진,유,21,949428,柳|劉|兪,2005,female,2파트,10,2026-03-10,E,e,"[448, 350, 476, 377]","[110, 350, 196, 377]",L12,images/schedule_0005_parted_pdf.png
schedule_0005,parted_pdf,S0005_R009,9,유예진,유,21,949428,柳|劉|兪,2005,female,2파트,11,2026-03-11,연가,연가,"[476, 350, 504, 377]","[110, 350, 196, 377]",M12,images/schedule_0005_parted_pdf.png
schedule_0005,parted_pdf,S0005_R009,9,유예진,유,21,949428,柳|劉|兪,2005,female,2파트,12,2026-03-12,MID,mId,"[504, 350, 532, 377]","[110, 350, 196, 377]",N12,images/schedule_0005_parted_pdf.png
schedule_0005,parted_pdf,S0005_R009,9,유예진,유,21,949428,柳|劉|兪,2005,female,2파트,13,2026-03-13,D/E,D/E,"[532, 350, 560, 377]","[110, 350, 196, 377]",O12,images/schedule_0005_parted_pdf.png
schedule_0005,parted_pdf,S0005_R009,9,유예진,유,21,949428,柳|劉|兪,2005,female,2파트,14,2026-03-14,D12,D12,"[560, 350, 588, 377]","[110, 350, 196, 377]",P12,images/schedule_0005_parted_pdf.png
schedule_0005,parted_pdf,S0005_R009,9,유예진,유,21,949428,柳|劉|兪,2005,female,2파트,15,2026-03-15,N,N,"[588, 350, 616, 377]","[110, 350, 196, 377]",Q12,images/schedule_0005_parted_pdf.png
schedule_0005,parted_pdf,S0005_R009,9,유예진,유,21,949428,柳|劉|兪,2005,female,2파트,16,2026-03-16,O,o,"[616, 350, 644, 377]","[110, 350, 196, 377]",R12,images/schedule_0005_parted_pdf.png
schedule_0005,parted_pdf,S0005_R009,9,유예진,유,21,949428,柳|劉|兪,2005,female,2파트,17,2026-03-17,OFF,OFF,"[644, 350, 672, 377]","[110, 350, 196, 377]",S12,images/schedule_0005_parted_pdf.png
schedule_0005,parted_pdf,S0005_R009,9,유예진,유,21,949428,柳|劉|兪,2005,female,2파트,18,2026-03-18,N,n,"[672, 350, 700, 377]","[110, 350, 196, 377]",T12,images/schedule_0005_parted_pdf.png
schedule_0005,parted_pdf,S0005_R009,9,유예진,유,21,949428,柳|劉|兪,2005,female,2파트,19,2026-03-19,N,N,"[700, 350, 728, 377]","[110, 350, 196, 377]",U12,images/schedule_0005_parted_pdf.png
schedule_0005,parted_pdf,S0005_R009,9,유예진,유,21,949428,柳|劉|兪,2005,female,2파트,20,2026-03-20,N,N,"[728, 350, 756, 377]","[110, 350, 196, 377]",V12,images/schedule_0005_parted_pdf.png
schedule_0005,parted_pdf,S0005_R009,9,유예진,유,21,949428,柳|劉|兪,2005,female,2파트,21,2026-03-21,N,N,"[756, 350, 784, 377]","[110, 350, 196, 377]",W12,images/schedule_0005_parted_pdf.png
schedule_0005,parted_pdf,S0005_R009,9,유예진,유,21,949428,柳|劉|兪,2005,female,2파트,22,2026-03-22,N12,n12,"[784, 350, 812, 377]","[110, 350, 196, 377]",X12,images/schedule_0005_parted_pdf.png
schedule_0005,parted_pdf,S0005_R009,9,유예진,유,21,949428,柳|劉|兪,2005,female,2파트,23,2026-03-23,PH,PH,"[812, 350, 840, 377]","[110, 350, 196, 377]",Y12,images/schedule_0005_parted_pdf.png
schedule_0005,parted_pdf,S0005_R009,9,유예진,유,21,949428,柳|劉|兪,2005,female,2파트,24,2026-03-24,MD,MD,"[840, 350, 868, 377]","[110, 350, 196, 377]",Z12,images/schedule_0005_parted_pdf.png
schedule_0005,parted_pdf,S0005_R009,9,유예진,유,21,949428,柳|劉|兪,2005,female,2파트,25,2026-03-25,M,M,"[868, 350, 896, 377]","[110, 350, 196, 377]",AA12,images/schedule_0005_parted_pdf.png
schedule_0005,parted_pdf,S0005_R009,9,유예진,유,21,949428,柳|劉|兪,2005,female,2파트,26,2026-03-26,OF,OF,"[896, 350, 924, 377]","[110, 350, 196, 377]",AB12,images/schedule_0005_parted_pdf.png
schedule_0005,parted_pdf,S0005_R009,9,유예진,유,21,949428,柳|劉|兪,2005,female,2파트,27,2026-03-27,D12,d12,"[924, 350, 952, 377]","[110, 350, 196, 377]",AC12,images/schedule_0005_parted_pdf.png
schedule_0005,parted_pdf,S0005_R009,9,유예진,유,21,949428,柳|劉|兪,2005,female,2파트,28,2026-03-28,S,S,"[952, 350, 980, 377]","[110, 350, 196, 377]",AD12,images/schedule_0005_parted_pdf.png
schedule_0005,parted_pdf,S0005_R009,9,유예진,유,21,949428,柳|劉|兪,2005,female,2파트,29,2026-03-29,D/E,d/E,"[980, 350, 1008, 377]","[110, 350, 196, 377]",AE12,images/schedule_0005_parted_pdf.png
schedule_0005,parted_pdf,S0005_R009,9,유예진,유,21,949428,柳|劉|兪,2005,female,2파트,30,2026-03-30,CB,CB,"[1008, 350, 1036, 377]","[110, 350, 196, 377]",AF12,images/schedule_0005_parted_pdf.png
schedule_0005,parted_pdf,S0005_R009,9,유예진,유,21,949428,柳|劉|兪,2005,female,2파트,31,2026-03-31,OR,oR,"[1036, 350, 1064, 377]","[110, 350, 196, 377]",AG12,images/schedule_0005_parted_pdf.png
schedule_0005,parted_pdf,S0005_R010,10,손현정,손,25,457303,孫,1975,female,2파트,1,2026-03-01,VAC,VAC,"[196, 377, 224, 404]","[110, 377, 196, 404]",C13,images/schedule_0005_parted_pdf.png
schedule_0005,parted_pdf,S0005_R010,10,손현정,손,25,457303,孫,1975,female,2파트,2,2026-03-02,MD,md,"[224, 377, 252, 404]","[110, 377, 196, 404]",D13,images/schedule_0005_parted_pdf.png
schedule_0005,parted_pdf,S0005_R010,10,손현정,손,25,457303,孫,1975,female,2파트,3,2026-03-03,TR,TR,"[252, 377, 280, 404]","[110, 377, 196, 404]",E13,images/schedule_0005_parted_pdf.png
schedule_0005,parted_pdf,S0005_R010,10,손현정,손,25,457303,孫,1975,female,2파트,4,2026-03-04,MD,MD,"[280, 377, 308, 404]","[110, 377, 196, 404]",F13,images/schedule_0005_parted_pdf.png
schedule_0005,parted_pdf,S0005_R010,10,손현정,손,25,457303,孫,1975,female,2파트,5,2026-03-05,PH,PH,"[308, 377, 336, 404]","[110, 377, 196, 404]",G13,images/schedule_0005_parted_pdf.png
schedule_0005,parted_pdf,S0005_R010,10,손현정,손,25,457303,孫,1975,female,2파트,6,2026-03-06,M,M,"[336, 377, 364, 404]","[110, 377, 196, 404]",H13,images/schedule_0005_parted_pdf.png
schedule_0005,parted_pdf,S0005_R010,10,손현정,손,25,457303,孫,1975,female,2파트,7,2026-03-07,ST,ST,"[364, 377, 392, 404]","[110, 377, 196, 404]",I13,images/schedule_0005_parted_pdf.png
schedule_0005,parted_pdf,S0005_R010,10,손현정,손,25,457303,孫,1975,female,2파트,8,2026-03-08,M,M,"[392, 377, 420, 404]","[110, 377, 196, 404]",J13,images/schedule_0005_parted_pdf.png
schedule_0005,parted_pdf,S0005_R010,10,손현정,손,25,457303,孫,1975,female,2파트,9,2026-03-09,RD,RD,"[420, 377, 448, 404]","[110, 377, 196, 404]",K13,images/schedule_0005_parted_pdf.png
schedule_0005,parted_pdf,S0005_R010,10,손현정,손,25,457303,孫,1975,female,2파트,10,2026-03-10,RD,RD,"[448, 377, 476, 404]","[110, 377, 196, 404]",L13,images/schedule_0005_parted_pdf.png
schedule_0005,parted_pdf,S0005_R010,10,손현정,손,25,457303,孫,1975,female,2파트,11,2026-03-11,NB,NB,"[476, 377, 504, 404]","[110, 377, 196, 404]",M13,images/schedule_0005_parted_pdf.png
schedule_0005,parted_pdf,S0005_R010,10,손현정,손,25,457303,孫,1975,female,2파트,12,2026-03-12,D/E,D/e,"[504, 377, 532, 404]","[110, 377, 196, 404]",N13,images/schedule_0005_parted_pdf.png
schedule_0005,parted_pdf,S0005_R010,10,손현정,손,25,457303,孫,1975,female,2파트,13,2026-03-13,DE,DE,"[532, 377, 560, 404]","[110, 377, 196, 404]",O13,images/schedule_0005_parted_pdf.png
schedule_0005,parted_pdf,S0005_R010,10,손현정,손,25,457303,孫,1975,female,2파트,14,2026-03-14,EXT,EXT,"[560, 377, 588, 404]","[110, 377, 196, 404]",P13,images/schedule_0005_parted_pdf.png
schedule_0005,parted_pdf,S0005_R010,10,손현정,손,25,457303,孫,1975,female,2파트,15,2026-03-15,S,s,"[588, 377, 616, 404]","[110, 377, 196, 404]",Q13,images/schedule_0005_parted_pdf.png
schedule_0005,parted_pdf,S0005_R010,10,손현정,손,25,457303,孫,1975,female,2파트,16,2026-03-16,D/E,D/E,"[616, 377, 644, 404]","[110, 377, 196, 404]",R13,images/schedule_0005_parted_pdf.png
schedule_0005,parted_pdf,S0005_R010,10,손현정,손,25,457303,孫,1975,female,2파트,17,2026-03-17,—,—,"[644, 377, 672, 404]","[110, 377, 196, 404]",S13,images/schedule_0005_parted_pdf.png
schedule_0005,parted_pdf,S0005_R010,10,손현정,손,25,457303,孫,1975,female,2파트,18,2026-03-18,TL,TL,"[672, 377, 700, 404]","[110, 377, 196, 404]",T13,images/schedule_0005_parted_pdf.png
schedule_0005,parted_pdf,S0005_R010,10,손현정,손,25,457303,孫,1975,female,2파트,19,2026-03-19,DN,dN,"[700, 377, 728, 404]","[110, 377, 196, 404]",U13,images/schedule_0005_parted_pdf.png
schedule_0005,parted_pdf,S0005_R010,10,손현정,손,25,457303,孫,1975,female,2파트,20,2026-03-20,보,보,"[728, 377, 756, 404]","[110, 377, 196, 404]",V13,images/schedule_0005_parted_pdf.png
schedule_0005,parted_pdf,S0005_R010,10,손현정,손,25,457303,孫,1975,female,2파트,21,2026-03-21,P,P,"[756, 377, 784, 404]","[110, 377, 196, 404]",W13,images/schedule_0005_parted_pdf.png
schedule_0005,parted_pdf,S0005_R010,10,손현정,손,25,457303,孫,1975,female,2파트,22,2026-03-22,AO,AO,"[784, 377, 812, 404]","[110, 377, 196, 404]",X13,images/schedule_0005_parted_pdf.png
schedule_0005,parted_pdf,S0005_R010,10,손현정,손,25,457303,孫,1975,female,2파트,23,2026-03-23,V,v,"[812, 377, 840, 404]","[110, 377, 196, 404]",Y13,images/schedule_0005_parted_pdf.png
schedule_0005,parted_pdf,S0005_R010,10,손현정,손,25,457303,孫,1975,female,2파트,24,2026-03-24,LV,LV,"[840, 377, 868, 404]","[110, 377, 196, 404]",Z13,images/schedule_0005_parted_pdf.png
schedule_0005,parted_pdf,S0005_R010,10,손현정,손,25,457303,孫,1975,female,2파트,25,2026-03-25,A,A,"[868, 377, 896, 404]","[110, 377, 196, 404]",AA13,images/schedule_0005_parted_pdf.png
schedule_0005,parted_pdf,S0005_R010,10,손현정,손,25,457303,孫,1975,female,2파트,26,2026-03-26,NB,nB,"[896, 377, 924, 404]","[110, 377, 196, 404]",AB13,images/schedule_0005_parted_pdf.png
schedule_0005,parted_pdf,S0005_R010,10,손현정,손,25,457303,孫,1975,female,2파트,27,2026-03-27,반차,반차,"[924, 377, 952, 404]","[110, 377, 196, 404]",AC13,images/schedule_0005_parted_pdf.png
schedule_0005,parted_pdf,S0005_R010,10,손현정,손,25,457303,孫,1975,female,2파트,28,2026-03-28,OFF,OFF,"[952, 377, 980, 404]","[110, 377, 196, 404]",AD13,images/schedule_0005_parted_pdf.png
schedule_0005,parted_pdf,S0005_R010,10,손현정,손,25,457303,孫,1975,female,2파트,29,2026-03-29,E,E,"[980, 377, 1008, 404]","[110, 377, 196, 404]",AE13,images/schedule_0005_parted_pdf.png
schedule_0005,parted_pdf,S0005_R010,10,손현정,손,25,457303,孫,1975,female,2파트,30,2026-03-30,N,N,"[1008, 377, 1036, 404]","[110, 377, 196, 404]",AF13,images/schedule_0005_parted_pdf.png
schedule_0005,parted_pdf,S0005_R010,10,손현정,손,25,457303,孫,1975,female,2파트,31,2026-03-31,F,f,"[1036, 377, 1064, 404]","[110, 377, 196, 404]",AG13,images/schedule_0005_parted_pdf.png
schedule_0005,parted_pdf,S0005_R011,11,정서윤,정,5,2395682,鄭|丁,2004,female,3파트,1,2026-03-01,LD,LD,"[196, 404, 224, 431]","[110, 404, 196, 431]",C14,images/schedule_0005_parted_pdf.png
schedule_0005,parted_pdf,S0005_R011,11,정서윤,정,5,2395682,鄭|丁,2004,female,3파트,2,2026-03-02,E,E,"[224, 404, 252, 431]","[110, 404, 196, 431]",D14,images/schedule_0005_parted_pdf.png
schedule_0005,parted_pdf,S0005_R011,11,정서윤,정,5,2395682,鄭|丁,2004,female,3파트,3,2026-03-03,O,o,"[252, 404, 280, 431]","[110, 404, 196, 431]",E14,images/schedule_0005_parted_pdf.png
schedule_0005,parted_pdf,S0005_R011,11,정서윤,정,5,2395682,鄭|丁,2004,female,3파트,4,2026-03-04,N,N,"[280, 404, 308, 431]","[110, 404, 196, 431]",F14,images/schedule_0005_parted_pdf.png
schedule_0005,parted_pdf,S0005_R011,11,정서윤,정,5,2395682,鄭|丁,2004,female,3파트,5,2026-03-05,NO,NO,"[308, 404, 336, 431]","[110, 404, 196, 431]",G14,images/schedule_0005_parted_pdf.png
schedule_0005,parted_pdf,S0005_R011,11,정서윤,정,5,2395682,鄭|丁,2004,female,3파트,6,2026-03-06,T,T,"[336, 404, 364, 431]","[110, 404, 196, 431]",H14,images/schedule_0005_parted_pdf.png
schedule_0005,parted_pdf,S0005_R011,11,정서윤,정,5,2395682,鄭|丁,2004,female,3파트,7,2026-03-07,E,E,"[364, 404, 392, 431]","[110, 404, 196, 431]",I14,images/schedule_0005_parted_pdf.png
schedule_0005,parted_pdf,S0005_R011,11,정서윤,정,5,2395682,鄭|丁,2004,female,3파트,8,2026-03-08,O,o,"[392, 404, 420, 431]","[110, 404, 196, 431]",J14,images/schedule_0005_parted_pdf.png
schedule_0005,parted_pdf,S0005_R011,11,정서윤,정,5,2395682,鄭|丁,2004,female,3파트,9,2026-03-09,E,E,"[420, 404, 448, 431]","[110, 404, 196, 431]",K14,images/schedule_0005_parted_pdf.png
schedule_0005,parted_pdf,S0005_R011,11,정서윤,정,5,2395682,鄭|丁,2004,female,3파트,10,2026-03-10,O,O,"[448, 404, 476, 431]","[110, 404, 196, 431]",L14,images/schedule_0005_parted_pdf.png
schedule_0005,parted_pdf,S0005_R011,11,정서윤,정,5,2395682,鄭|丁,2004,female,3파트,11,2026-03-11,LV,LV,"[476, 404, 504, 431]","[110, 404, 196, 431]",M14,images/schedule_0005_parted_pdf.png
schedule_0005,parted_pdf,S0005_R011,11,정서윤,정,5,2395682,鄭|丁,2004,female,3파트,12,2026-03-12,D,d,"[504, 404, 532, 431]","[110, 404, 196, 431]",N14,images/schedule_0005_parted_pdf.png
schedule_0005,parted_pdf,S0005_R011,11,정서윤,정,5,2395682,鄭|丁,2004,female,3파트,13,2026-03-13,경,경,"[532, 404, 560, 431]","[110, 404, 196, 431]",O14,images/schedule_0005_parted_pdf.png
schedule_0005,parted_pdf,S0005_R011,11,정서윤,정,5,2395682,鄭|丁,2004,female,3파트,14,2026-03-14,AO,Ao,"[560, 404, 588, 431]","[110, 404, 196, 431]",P14,images/schedule_0005_parted_pdf.png
schedule_0005,parted_pdf,S0005_R011,11,정서윤,정,5,2395682,鄭|丁,2004,female,3파트,15,2026-03-15,ER,er,"[588, 404, 616, 431]","[110, 404, 196, 431]",Q14,images/schedule_0005_parted_pdf.png
schedule_0005,parted_pdf,S0005_R011,11,정서윤,정,5,2395682,鄭|丁,2004,female,3파트,16,2026-03-16,MD,md,"[616, 404, 644, 431]","[110, 404, 196, 431]",R14,images/schedule_0005_parted_pdf.png
schedule_0005,parted_pdf,S0005_R011,11,정서윤,정,5,2395682,鄭|丁,2004,female,3파트,17,2026-03-17,P,P,"[644, 404, 672, 431]","[110, 404, 196, 431]",S14,images/schedule_0005_parted_pdf.png
schedule_0005,parted_pdf,S0005_R011,11,정서윤,정,5,2395682,鄭|丁,2004,female,3파트,18,2026-03-18,AL,AL,"[672, 404, 700, 431]","[110, 404, 196, 431]",T14,images/schedule_0005_parted_pdf.png
schedule_0005,parted_pdf,S0005_R011,11,정서윤,정,5,2395682,鄭|丁,2004,female,3파트,19,2026-03-19,MID,mid,"[700, 404, 728, 431]","[110, 404, 196, 431]",U14,images/schedule_0005_parted_pdf.png
schedule_0005,parted_pdf,S0005_R011,11,정서윤,정,5,2395682,鄭|丁,2004,female,3파트,20,2026-03-20,MID,MID,"[728, 404, 756, 431]","[110, 404, 196, 431]",V14,images/schedule_0005_parted_pdf.png
schedule_0005,parted_pdf,S0005_R011,11,정서윤,정,5,2395682,鄭|丁,2004,female,3파트,21,2026-03-21,P,p,"[756, 404, 784, 431]","[110, 404, 196, 431]",W14,images/schedule_0005_parted_pdf.png
schedule_0005,parted_pdf,S0005_R011,11,정서윤,정,5,2395682,鄭|丁,2004,female,3파트,22,2026-03-22,E,e,"[784, 404, 812, 431]","[110, 404, 196, 431]",X14,images/schedule_0005_parted_pdf.png
schedule_0005,parted_pdf,S0005_R011,11,정서윤,정,5,2395682,鄭|丁,2004,female,3파트,23,2026-03-23,E,E,"[812, 404, 840, 431]","[110, 404, 196, 431]",Y14,images/schedule_0005_parted_pdf.png
schedule_0005,parted_pdf,S0005_R011,11,정서윤,정,5,2395682,鄭|丁,2004,female,3파트,24,2026-03-24,F,f,"[840, 404, 868, 431]","[110, 404, 196, 431]",Z14,images/schedule_0005_parted_pdf.png
schedule_0005,parted_pdf,S0005_R011,11,정서윤,정,5,2395682,鄭|丁,2004,female,3파트,25,2026-03-25,D12,d12,"[868, 404, 896, 431]","[110, 404, 196, 431]",AA14,images/schedule_0005_parted_pdf.png
schedule_0005,parted_pdf,S0005_R011,11,정서윤,정,5,2395682,鄭|丁,2004,female,3파트,26,2026-03-26,N12,N12,"[896, 404, 924, 431]","[110, 404, 196, 431]",AB14,images/schedule_0005_parted_pdf.png
schedule_0005,parted_pdf,S0005_R011,11,정서윤,정,5,2395682,鄭|丁,2004,female,3파트,27,2026-03-27,AL,Al,"[924, 404, 952, 431]","[110, 404, 196, 431]",AC14,images/schedule_0005_parted_pdf.png
schedule_0005,parted_pdf,S0005_R011,11,정서윤,정,5,2395682,鄭|丁,2004,female,3파트,28,2026-03-28,LV,lv,"[952, 404, 980, 431]","[110, 404, 196, 431]",AD14,images/schedule_0005_parted_pdf.png
schedule_0005,parted_pdf,S0005_R011,11,정서윤,정,5,2395682,鄭|丁,2004,female,3파트,29,2026-03-29,MC,MC,"[980, 404, 1008, 431]","[110, 404, 196, 431]",AE14,images/schedule_0005_parted_pdf.png
schedule_0005,parted_pdf,S0005_R011,11,정서윤,정,5,2395682,鄭|丁,2004,female,3파트,30,2026-03-30,E,E,"[1008, 404, 1036, 431]","[110, 404, 196, 431]",AF14,images/schedule_0005_parted_pdf.png
schedule_0005,parted_pdf,S0005_R011,11,정서윤,정,5,2395682,鄭|丁,2004,female,3파트,31,2026-03-31,O,O,"[1036, 404, 1064, 431]","[110, 404, 196, 431]",AG14,images/schedule_0005_parted_pdf.png
schedule_0005,parted_pdf,S0005_R012,12,신정훈,신,14,985823,申|辛|愼,1985,male,3파트,1,2026-03-01,T,T,"[196, 431, 224, 458]","[110, 431, 196, 458]",C15,images/schedule_0005_parted_pdf.png
schedule_0005,parted_pdf,S0005_R012,12,신정훈,신,14,985823,申|辛|愼,1985,male,3파트,2,2026-03-02,DN,DN,"[224, 431, 252, 458]","[110, 431, 196, 458]",D15,images/schedule_0005_parted_pdf.png
schedule_0005,parted_pdf,S0005_R012,12,신정훈,신,14,985823,申|辛|愼,1985,male,3파트,3,2026-03-03,AM,am,"[252, 431, 280, 458]","[110, 431, 196, 458]",E15,images/schedule_0005_parted_pdf.png
schedule_0005,parted_pdf,S0005_R012,12,신정훈,신,14,985823,申|辛|愼,1985,male,3파트,4,2026-03-04,AO,aO,"[280, 431, 308, 458]","[110, 431, 196, 458]",F15,images/schedule_0005_parted_pdf.png
schedule_0005,parted_pdf,S0005_R012,12,신정훈,신,14,985823,申|辛|愼,1985,male,3파트,5,2026-03-05,-,-,"[308, 431, 336, 458]","[110, 431, 196, 458]",G15,images/schedule_0005_parted_pdf.png
schedule_0005,parted_pdf,S0005_R012,12,신정훈,신,14,985823,申|辛|愼,1985,male,3파트,6,2026-03-06,M,M,"[336, 431, 364, 458]","[110, 431, 196, 458]",H15,images/schedule_0005_parted_pdf.png
schedule_0005,parted_pdf,S0005_R012,12,신정훈,신,14,985823,申|辛|愼,1985,male,3파트,7,2026-03-07,TRN,tRn,"[364, 431, 392, 458]","[110, 431, 196, 458]",I15,images/schedule_0005_parted_pdf.png
schedule_0005,parted_pdf,S0005_R012,12,신정훈,신,14,985823,申|辛|愼,1985,male,3파트,8,2026-03-08,NA,NA,"[392, 431, 420, 458]","[110, 431, 196, 458]",J15,images/schedule_0005_parted_pdf.png
schedule_0005,parted_pdf,S0005_R012,12,신정훈,신,14,985823,申|辛|愼,1985,male,3파트,9,2026-03-09,PO,PO,"[420, 431, 448, 458]","[110, 431, 196, 458]",K15,images/schedule_0005_parted_pdf.png
schedule_0005,parted_pdf,S0005_R012,12,신정훈,신,14,985823,申|辛|愼,1985,male,3파트,10,2026-03-10,AM,aM,"[448, 431, 476, 458]","[110, 431, 196, 458]",L15,images/schedule_0005_parted_pdf.png
schedule_0005,parted_pdf,S0005_R012,12,신정훈,신,14,985823,申|辛|愼,1985,male,3파트,11,2026-03-11,O/C,o/c,"[476, 431, 504, 458]","[110, 431, 196, 458]",M15,images/schedule_0005_parted_pdf.png
schedule_0005,parted_pdf,S0005_R012,12,신정훈,신,14,985823,申|辛|愼,1985,male,3파트,12,2026-03-12,PM,PM,"[504, 431, 532, 458]","[110, 431, 196, 458]",N15,images/schedule_0005_parted_pdf.png
schedule_0005,parted_pdf,S0005_R012,12,신정훈,신,14,985823,申|辛|愼,1985,male,3파트,13,2026-03-13,XA,xA,"[532, 431, 560, 458]","[110, 431, 196, 458]",O15,images/schedule_0005_parted_pdf.png
schedule_0005,parted_pdf,S0005_R012,12,신정훈,신,14,985823,申|辛|愼,1985,male,3파트,14,2026-03-14,AO,AO,"[560, 431, 588, 458]","[110, 431, 196, 458]",P15,images/schedule_0005_parted_pdf.png
schedule_0005,parted_pdf,S0005_R012,12,신정훈,신,14,985823,申|辛|愼,1985,male,3파트,15,2026-03-15,S,S,"[588, 431, 616, 458]","[110, 431, 196, 458]",Q15,images/schedule_0005_parted_pdf.png
schedule_0005,parted_pdf,S0005_R012,12,신정훈,신,14,985823,申|辛|愼,1985,male,3파트,16,2026-03-16,D12,D12,"[616, 431, 644, 458]","[110, 431, 196, 458]",R15,images/schedule_0005_parted_pdf.png
schedule_0005,parted_pdf,S0005_R012,12,신정훈,신,14,985823,申|辛|愼,1985,male,3파트,17,2026-03-17,SL,SL,"[644, 431, 672, 458]","[110, 431, 196, 458]",S15,images/schedule_0005_parted_pdf.png
schedule_0005,parted_pdf,S0005_R012,12,신정훈,신,14,985823,申|辛|愼,1985,male,3파트,18,2026-03-18,O,O,"[672, 431, 700, 458]","[110, 431, 196, 458]",T15,images/schedule_0005_parted_pdf.png
schedule_0005,parted_pdf,S0005_R012,12,신정훈,신,14,985823,申|辛|愼,1985,male,3파트,19,2026-03-19,X,X,"[700, 431, 728, 458]","[110, 431, 196, 458]",U15,images/schedule_0005_parted_pdf.png
schedule_0005,parted_pdf,S0005_R012,12,신정훈,신,14,985823,申|辛|愼,1985,male,3파트,20,2026-03-20,DE,DE,"[728, 431, 756, 458]","[110, 431, 196, 458]",V15,images/schedule_0005_parted_pdf.png
schedule_0005,parted_pdf,S0005_R012,12,신정훈,신,14,985823,申|辛|愼,1985,male,3파트,21,2026-03-21,휴무,휴무,"[756, 431, 784, 458]","[110, 431, 196, 458]",W15,images/schedule_0005_parted_pdf.png
schedule_0005,parted_pdf,S0005_R012,12,신정훈,신,14,985823,申|辛|愼,1985,male,3파트,22,2026-03-22,H,H,"[784, 431, 812, 458]","[110, 431, 196, 458]",X15,images/schedule_0005_parted_pdf.png
schedule_0005,parted_pdf,S0005_R012,12,신정훈,신,14,985823,申|辛|愼,1985,male,3파트,23,2026-03-23,OPD,OPd,"[812, 431, 840, 458]","[110, 431, 196, 458]",Y15,images/schedule_0005_parted_pdf.png
schedule_0005,parted_pdf,S0005_R012,12,신정훈,신,14,985823,申|辛|愼,1985,male,3파트,24,2026-03-24,INT,INT,"[840, 431, 868, 458]","[110, 431, 196, 458]",Z15,images/schedule_0005_parted_pdf.png
schedule_0005,parted_pdf,S0005_R012,12,신정훈,신,14,985823,申|辛|愼,1985,male,3파트,25,2026-03-25,RD,rD,"[868, 431, 896, 458]","[110, 431, 196, 458]",AA15,images/schedule_0005_parted_pdf.png
schedule_0005,parted_pdf,S0005_R012,12,신정훈,신,14,985823,申|辛|愼,1985,male,3파트,26,2026-03-26,DN,dn,"[896, 431, 924, 458]","[110, 431, 196, 458]",AB15,images/schedule_0005_parted_pdf.png
schedule_0005,parted_pdf,S0005_R012,12,신정훈,신,14,985823,申|辛|愼,1985,male,3파트,27,2026-03-27,DE,dE,"[924, 431, 952, 458]","[110, 431, 196, 458]",AC15,images/schedule_0005_parted_pdf.png
schedule_0005,parted_pdf,S0005_R012,12,신정훈,신,14,985823,申|辛|愼,1985,male,3파트,28,2026-03-28,P,P,"[952, 431, 980, 458]","[110, 431, 196, 458]",AD15,images/schedule_0005_parted_pdf.png
schedule_0005,parted_pdf,S0005_R012,12,신정훈,신,14,985823,申|辛|愼,1985,male,3파트,29,2026-03-29,MID,MID,"[980, 431, 1008, 458]","[110, 431, 196, 458]",AE15,images/schedule_0005_parted_pdf.png
schedule_0005,parted_pdf,S0005_R012,12,신정훈,신,14,985823,申|辛|愼,1985,male,3파트,30,2026-03-30,NB,Nb,"[1008, 431, 1036, 458]","[110, 431, 196, 458]",AF15,images/schedule_0005_parted_pdf.png
schedule_0005,parted_pdf,S0005_R012,12,신정훈,신,14,985823,申|辛|愼,1985,male,3파트,31,2026-03-31,AM,AM,"[1036, 431, 1064, 458]","[110, 431, 196, 458]",AG15,images/schedule_0005_parted_pdf.png
schedule_0005,parted_pdf,S0005_R013,13,현지원,현,58,88824,玄,1999,female,3파트,1,2026-03-01,PH,PH,"[196, 458, 224, 485]","[110, 458, 196, 485]",C16,images/schedule_0005_parted_pdf.png
schedule_0005,parted_pdf,S0005_R013,13,현지원,현,58,88824,玄,1999,female,3파트,2,2026-03-02,off,Off,"[224, 458, 252, 485]","[110, 458, 196, 485]",D16,images/schedule_0005_parted_pdf.png
schedule_0005,parted_pdf,S0005_R013,13,현지원,현,58,88824,玄,1999,female,3파트,3,2026-03-03,RO,ro,"[252, 458, 280, 485]","[110, 458, 196, 485]",E16,images/schedule_0005_parted_pdf.png
schedule_0005,parted_pdf,S0005_R013,13,현지원,현,58,88824,玄,1999,female,3파트,4,2026-03-04,D/E,D/E,"[280, 458, 308, 485]","[110, 458, 196, 485]",F16,images/schedule_0005_parted_pdf.png
schedule_0005,parted_pdf,S0005_R013,13,현지원,현,58,88824,玄,1999,female,3파트,5,2026-03-05,D/E,D/E,"[308, 458, 336, 485]","[110, 458, 196, 485]",G16,images/schedule_0005_parted_pdf.png
schedule_0005,parted_pdf,S0005_R013,13,현지원,현,58,88824,玄,1999,female,3파트,6,2026-03-06,PM,PM,"[336, 458, 364, 485]","[110, 458, 196, 485]",H16,images/schedule_0005_parted_pdf.png
schedule_0005,parted_pdf,S0005_R013,13,현지원,현,58,88824,玄,1999,female,3파트,7,2026-03-07,D,D,"[364, 458, 392, 485]","[110, 458, 196, 485]",I16,images/schedule_0005_parted_pdf.png
schedule_0005,parted_pdf,S0005_R013,13,현지원,현,58,88824,玄,1999,female,3파트,8,2026-03-08,F,F,"[392, 458, 420, 485]","[110, 458, 196, 485]",J16,images/schedule_0005_parted_pdf.png
schedule_0005,parted_pdf,S0005_R013,13,현지원,현,58,88824,玄,1999,female,3파트,9,2026-03-09,D,D,"[420, 458, 448, 485]","[110, 458, 196, 485]",K16,images/schedule_0005_parted_pdf.png
schedule_0005,parted_pdf,S0005_R013,13,현지원,현,58,88824,玄,1999,female,3파트,10,2026-03-10,OFF,OFF,"[448, 458, 476, 485]","[110, 458, 196, 485]",L16,images/schedule_0005_parted_pdf.png
schedule_0005,parted_pdf,S0005_R013,13,현지원,현,58,88824,玄,1999,female,3파트,11,2026-03-11,O,O,"[476, 458, 504, 485]","[110, 458, 196, 485]",M16,images/schedule_0005_parted_pdf.png
schedule_0005,parted_pdf,S0005_R013,13,현지원,현,58,88824,玄,1999,female,3파트,12,2026-03-12,PMH,PMH,"[504, 458, 532, 485]","[110, 458, 196, 485]",N16,images/schedule_0005_parted_pdf.png
schedule_0005,parted_pdf,S0005_R013,13,현지원,현,58,88824,玄,1999,female,3파트,13,2026-03-13,S,S,"[532, 458, 560, 485]","[110, 458, 196, 485]",O16,images/schedule_0005_parted_pdf.png
schedule_0005,parted_pdf,S0005_R013,13,현지원,현,58,88824,玄,1999,female,3파트,14,2026-03-14,D12,D12,"[560, 458, 588, 485]","[110, 458, 196, 485]",P16,images/schedule_0005_parted_pdf.png
schedule_0005,parted_pdf,S0005_R013,13,현지원,현,58,88824,玄,1999,female,3파트,15,2026-03-15,휴무,휴무,"[588, 458, 616, 485]","[110, 458, 196, 485]",Q16,images/schedule_0005_parted_pdf.png
schedule_0005,parted_pdf,S0005_R013,13,현지원,현,58,88824,玄,1999,female,3파트,16,2026-03-16,DB,DB,"[616, 458, 644, 485]","[110, 458, 196, 485]",R16,images/schedule_0005_parted_pdf.png
schedule_0005,parted_pdf,S0005_R013,13,현지원,현,58,88824,玄,1999,female,3파트,17,2026-03-17,OF,OF,"[644, 458, 672, 485]","[110, 458, 196, 485]",S16,images/schedule_0005_parted_pdf.png
schedule_0005,parted_pdf,S0005_R013,13,현지원,현,58,88824,玄,1999,female,3파트,18,2026-03-18,—,—,"[672, 458, 700, 485]","[110, 458, 196, 485]",T16,images/schedule_0005_parted_pdf.png
schedule_0005,parted_pdf,S0005_R013,13,현지원,현,58,88824,玄,1999,female,3파트,19,2026-03-19,PM,Pm,"[700, 458, 728, 485]","[110, 458, 196, 485]",U16,images/schedule_0005_parted_pdf.png
schedule_0005,parted_pdf,S0005_R013,13,현지원,현,58,88824,玄,1999,female,3파트,20,2026-03-20,UN,Un,"[728, 458, 756, 485]","[110, 458, 196, 485]",V16,images/schedule_0005_parted_pdf.png
schedule_0005,parted_pdf,S0005_R013,13,현지원,현,58,88824,玄,1999,female,3파트,21,2026-03-21,MID,miD,"[756, 458, 784, 485]","[110, 458, 196, 485]",W16,images/schedule_0005_parted_pdf.png
schedule_0005,parted_pdf,S0005_R013,13,현지원,현,58,88824,玄,1999,female,3파트,22,2026-03-22,S,S,"[784, 458, 812, 485]","[110, 458, 196, 485]",X16,images/schedule_0005_parted_pdf.png
schedule_0005,parted_pdf,S0005_R013,13,현지원,현,58,88824,玄,1999,female,3파트,23,2026-03-23,경조,경조,"[812, 458, 840, 485]","[110, 458, 196, 485]",Y16,images/schedule_0005_parted_pdf.png
schedule_0005,parted_pdf,S0005_R013,13,현지원,현,58,88824,玄,1999,female,3파트,24,2026-03-24,H,h,"[840, 458, 868, 485]","[110, 458, 196, 485]",Z16,images/schedule_0005_parted_pdf.png
schedule_0005,parted_pdf,S0005_R013,13,현지원,현,58,88824,玄,1999,female,3파트,25,2026-03-25,휴가,휴가,"[868, 458, 896, 485]","[110, 458, 196, 485]",AA16,images/schedule_0005_parted_pdf.png
schedule_0005,parted_pdf,S0005_R013,13,현지원,현,58,88824,玄,1999,female,3파트,26,2026-03-26,X,X,"[896, 458, 924, 485]","[110, 458, 196, 485]",AB16,images/schedule_0005_parted_pdf.png
schedule_0005,parted_pdf,S0005_R013,13,현지원,현,58,88824,玄,1999,female,3파트,27,2026-03-27,A,a,"[924, 458, 952, 485]","[110, 458, 196, 485]",AC16,images/schedule_0005_parted_pdf.png
schedule_0005,parted_pdf,S0005_R013,13,현지원,현,58,88824,玄,1999,female,3파트,28,2026-03-28,NB,NB,"[952, 458, 980, 485]","[110, 458, 196, 485]",AD16,images/schedule_0005_parted_pdf.png
schedule_0005,parted_pdf,S0005_R013,13,현지원,현,58,88824,玄,1999,female,3파트,29,2026-03-29,SH,sH,"[980, 458, 1008, 485]","[110, 458, 196, 485]",AE16,images/schedule_0005_parted_pdf.png
schedule_0005,parted_pdf,S0005_R013,13,현지원,현,58,88824,玄,1999,female,3파트,30,2026-03-30,PM,Pm,"[1008, 458, 1036, 485]","[110, 458, 196, 485]",AF16,images/schedule_0005_parted_pdf.png
schedule_0005,parted_pdf,S0005_R013,13,현지원,현,58,88824,玄,1999,female,3파트,31,2026-03-31,MD,MD,"[1036, 458, 1064, 485]","[110, 458, 196, 485]",AG16,images/schedule_0005_parted_pdf.png
schedule_0005,parted_pdf,S0005_R014,14,이수정,이,2,7306828,李,1977,female,3파트,1,2026-03-01,PM,PM,"[196, 485, 224, 512]","[110, 485, 196, 512]",C17,images/schedule_0005_parted_pdf.png
schedule_0005,parted_pdf,S0005_R014,14,이수정,이,2,7306828,李,1977,female,3파트,2,2026-03-02,PH,ph,"[224, 485, 252, 512]","[110, 485, 196, 512]",D17,images/schedule_0005_parted_pdf.png
schedule_0005,parted_pdf,S0005_R014,14,이수정,이,2,7306828,李,1977,female,3파트,3,2026-03-03,PM,pm,"[252, 485, 280, 512]","[110, 485, 196, 512]",E17,images/schedule_0005_parted_pdf.png
schedule_0005,parted_pdf,S0005_R014,14,이수정,이,2,7306828,李,1977,female,3파트,4,2026-03-04,MD,MD,"[280, 485, 308, 512]","[110, 485, 196, 512]",F17,images/schedule_0005_parted_pdf.png
schedule_0005,parted_pdf,S0005_R014,14,이수정,이,2,7306828,李,1977,female,3파트,5,2026-03-05,OF,oF,"[308, 485, 336, 512]","[110, 485, 196, 512]",G17,images/schedule_0005_parted_pdf.png
schedule_0005,parted_pdf,S0005_R014,14,이수정,이,2,7306828,李,1977,female,3파트,6,2026-03-06,D/E,D/E,"[336, 485, 364, 512]","[110, 485, 196, 512]",H17,images/schedule_0005_parted_pdf.png
schedule_0005,parted_pdf,S0005_R014,14,이수정,이,2,7306828,李,1977,female,3파트,7,2026-03-07,Off,Off,"[364, 485, 392, 512]","[110, 485, 196, 512]",I17,images/schedule_0005_parted_pdf.png
schedule_0005,parted_pdf,S0005_R014,14,이수정,이,2,7306828,李,1977,female,3파트,8,2026-03-08,P,p,"[392, 485, 420, 512]","[110, 485, 196, 512]",J17,images/schedule_0005_parted_pdf.png
schedule_0005,parted_pdf,S0005_R014,14,이수정,이,2,7306828,李,1977,female,3파트,9,2026-03-09,D/E,D/E,"[420, 485, 448, 512]","[110, 485, 196, 512]",K17,images/schedule_0005_parted_pdf.png
schedule_0005,parted_pdf,S0005_R014,14,이수정,이,2,7306828,李,1977,female,3파트,10,2026-03-10,MID,mid,"[448, 485, 476, 512]","[110, 485, 196, 512]",L17,images/schedule_0005_parted_pdf.png
schedule_0005,parted_pdf,S0005_R014,14,이수정,이,2,7306828,李,1977,female,3파트,11,2026-03-11,공,공,"[476, 485, 504, 512]","[110, 485, 196, 512]",M17,images/schedule_0005_parted_pdf.png
schedule_0005,parted_pdf,S0005_R014,14,이수정,이,2,7306828,李,1977,female,3파트,12,2026-03-12,주,주,"[504, 485, 532, 512]","[110, 485, 196, 512]",N17,images/schedule_0005_parted_pdf.png
schedule_0005,parted_pdf,S0005_R014,14,이수정,이,2,7306828,李,1977,female,3파트,13,2026-03-13,D12,D12,"[532, 485, 560, 512]","[110, 485, 196, 512]",O17,images/schedule_0005_parted_pdf.png
schedule_0005,parted_pdf,S0005_R014,14,이수정,이,2,7306828,李,1977,female,3파트,14,2026-03-14,MID,MiD,"[560, 485, 588, 512]","[110, 485, 196, 512]",P17,images/schedule_0005_parted_pdf.png
schedule_0005,parted_pdf,S0005_R014,14,이수정,이,2,7306828,李,1977,female,3파트,15,2026-03-15,D,D,"[588, 485, 616, 512]","[110, 485, 196, 512]",Q17,images/schedule_0005_parted_pdf.png
schedule_0005,parted_pdf,S0005_R014,14,이수정,이,2,7306828,李,1977,female,3파트,16,2026-03-16,OFF,OFF,"[616, 485, 644, 512]","[110, 485, 196, 512]",R17,images/schedule_0005_parted_pdf.png
schedule_0005,parted_pdf,S0005_R014,14,이수정,이,2,7306828,李,1977,female,3파트,17,2026-03-17,OFF,OFF,"[644, 485, 672, 512]","[110, 485, 196, 512]",S17,images/schedule_0005_parted_pdf.png
schedule_0005,parted_pdf,S0005_R014,14,이수정,이,2,7306828,李,1977,female,3파트,18,2026-03-18,E,E,"[672, 485, 700, 512]","[110, 485, 196, 512]",T17,images/schedule_0005_parted_pdf.png
schedule_0005,parted_pdf,S0005_R014,14,이수정,이,2,7306828,李,1977,female,3파트,19,2026-03-19,E,E,"[700, 485, 728, 512]","[110, 485, 196, 512]",U17,images/schedule_0005_parted_pdf.png
schedule_0005,parted_pdf,S0005_R014,14,이수정,이,2,7306828,李,1977,female,3파트,20,2026-03-20,N,n,"[728, 485, 756, 512]","[110, 485, 196, 512]",V17,images/schedule_0005_parted_pdf.png
schedule_0005,parted_pdf,S0005_R014,14,이수정,이,2,7306828,李,1977,female,3파트,21,2026-03-21,NB,NB,"[756, 485, 784, 512]","[110, 485, 196, 512]",W17,images/schedule_0005_parted_pdf.png
schedule_0005,parted_pdf,S0005_R014,14,이수정,이,2,7306828,李,1977,female,3파트,22,2026-03-22,Off,Off,"[784, 485, 812, 512]","[110, 485, 196, 512]",X17,images/schedule_0005_parted_pdf.png
schedule_0005,parted_pdf,S0005_R014,14,이수정,이,2,7306828,李,1977,female,3파트,23,2026-03-23,N,N,"[812, 485, 840, 512]","[110, 485, 196, 512]",Y17,images/schedule_0005_parted_pdf.png
schedule_0005,parted_pdf,S0005_R014,14,이수정,이,2,7306828,李,1977,female,3파트,24,2026-03-24,M,M,"[840, 485, 868, 512]","[110, 485, 196, 512]",Z17,images/schedule_0005_parted_pdf.png
schedule_0005,parted_pdf,S0005_R014,14,이수정,이,2,7306828,李,1977,female,3파트,25,2026-03-25,STL,STL,"[868, 485, 896, 512]","[110, 485, 196, 512]",AA17,images/schedule_0005_parted_pdf.png
schedule_0005,parted_pdf,S0005_R014,14,이수정,이,2,7306828,李,1977,female,3파트,26,2026-03-26,N12,N12,"[896, 485, 924, 512]","[110, 485, 196, 512]",AB17,images/schedule_0005_parted_pdf.png
schedule_0005,parted_pdf,S0005_R014,14,이수정,이,2,7306828,李,1977,female,3파트,27,2026-03-27,X,X,"[924, 485, 952, 512]","[110, 485, 196, 512]",AC17,images/schedule_0005_parted_pdf.png
schedule_0005,parted_pdf,S0005_R014,14,이수정,이,2,7306828,李,1977,female,3파트,28,2026-03-28,N12,N12,"[952, 485, 980, 512]","[110, 485, 196, 512]",AD17,images/schedule_0005_parted_pdf.png
schedule_0005,parted_pdf,S0005_R014,14,이수정,이,2,7306828,李,1977,female,3파트,29,2026-03-29,EH,EH,"[980, 485, 1008, 512]","[110, 485, 196, 512]",AE17,images/schedule_0005_parted_pdf.png
schedule_0005,parted_pdf,S0005_R014,14,이수정,이,2,7306828,李,1977,female,3파트,30,2026-03-30,f,f,"[1008, 485, 1036, 512]","[110, 485, 196, 512]",AF17,images/schedule_0005_parted_pdf.png
schedule_0005,parted_pdf,S0005_R014,14,이수정,이,2,7306828,李,1977,female,3파트,31,2026-03-31,f,f,"[1036, 485, 1064, 512]","[110, 485, 196, 512]",AG17,images/schedule_0005_parted_pdf.png
