schedule_id,template_id,page_number,page_count,page_label,sheet_name,row_id,row_index,excel_row,group,name,surname,surname_rank,surname_population,surname_hanja_variants,surname_source_method,surname_source_url,given_name,birth_year,gender,day_count,codes_canonical,codes_display,codes_canonical_joined,codes_display_joined,name_cell,image_path
schedule_0001,compact_summary,1,5,페이지 1/5,schedule_0001,SCHEDULE_0001_R001,1,4,1,김지영,김,1,10689959,金,bundled_fallback_top100,https://www.rootsinfo.co.kr/info/roots/table_sung15.php,지영,1988,female,31,"[""MID"", ""RD"", ""P"", ""NB"", ""AO"", ""P"", ""N"", ""N"", ""O"", ""D"", ""E"", ""ADO"", ""E"", ""E"", ""D5"", ""F"", ""E"", ""O"", ""-"", ""Off"", ""OFF"", ""E"", ""E"", ""E"", ""OFF"", ""N"", ""OFF"", ""X"", ""D/E"", ""ADO"", ""ADO""]","[""mId"", ""rd"", ""p"", ""NB"", ""ao"", ""p"", ""n"", ""N"", ""O"", ""D"", ""E"", ""ADO"", ""E"", ""E"", ""d5"", ""F"", ""E"", ""O"", ""-"", ""OfF"", ""off"", ""E"", ""E"", ""E"", ""ofF"", ""N"", ""OFF"", ""X"", ""D/e"", ""ADO"", ""ado""]",MID|RD|P|NB|AO|P|N|N|O|D|E|ADO|E|E|D5|F|E|O|-|Off|OFF|E|E|E|OFF|N|OFF|X|D/E|ADO|ADO,mId|rd|p|NB|ao|p|n|N|O|D|E|ADO|E|E|d5|F|E|O|-|OfF|off|E|E|E|ofF|N|OFF|X|D/e|ADO|ado,B4,images/schedule_0001_compact_summary.png
schedule_0001,compact_summary,1,5,페이지 1/5,schedule_0001,SCHEDULE_0001_R002,2,5,2,이수민,이,2,7306828,李,bundled_fallback_top100,https://www.rootsinfo.co.kr/info/roots/table_sung15.php,수민,2001,female,31,"[""LD"", ""Off"", ""N"", ""OFF"", ""D"", ""E"", ""F"", ""f"", ""F"", ""N"", ""N"", ""N"", ""F"", ""F"", ""N"", ""NO"", ""X"", ""E"", ""OFF"", ""D"", ""생"", ""C"", ""CH"", ""X"", ""MID"", ""DE"", ""-"", ""D/E"", ""CONF"", ""ER"", ""SD""]","[""ld"", ""OfF"", ""N"", ""oFf"", ""D"", ""E"", ""f"", ""f"", ""F"", ""N"", ""N"", ""N"", ""F"", ""F"", ""N"", ""no"", ""X"", ""E"", ""oFf"", ""d"", ""생"", ""C"", ""CH"", ""X"", ""Mid"", ""DE"", ""-"", ""D/E"", ""CONF"", ""ER"", ""Sd""]",LD|Off|N|OFF|D|E|F|f|F|N|N|N|F|F|N|NO|X|E|OFF|D|생|C|CH|X|MID|DE|-|D/E|CONF|ER|SD,ld|OfF|N|oFf|D|E|f|f|F|N|N|N|F|F|N|no|X|E|oFf|d|생|C|CH|X|Mid|DE|-|D/E|CONF|ER|Sd,B5,images/schedule_0001_compact_summary.png
schedule_0001,compact_summary,1,5,페이지 1/5,schedule_0001,SCHEDULE_0001_R003,3,6,3,최지현,최,4,2333927,崔,bundled_fallback_top100,https://www.rootsinfo.co.kr/info/roots/table_sung15.php,지현,1985,female,31,"[""비번"", ""WO"", ""AM"", ""N"", ""D5"", ""DE"", ""NO"", ""DL"", ""PL"", ""OFF"", ""E"", ""OFF"", ""E"", ""D12"", ""TL"", ""DE"", ""M"", ""P"", ""LD"", ""M"", ""DE"", ""육"", ""-"", ""D/E"", ""DO"", ""A"", ""RO"", ""D5"", ""UN"", ""M"", ""OC""]","[""비번"", ""wo"", ""AM"", ""N"", ""D5"", ""De"", ""no"", ""Dl"", ""PL"", ""off"", ""E"", ""Off"", ""E"", ""d12"", ""TL"", ""DE"", ""m"", ""P"", ""LD"", ""M"", ""DE"", ""육"", ""-"", ""D/e"", ""DO"", ""a"", ""RO"", ""D5"", ""uN"", ""M"", ""OC""]",비번|WO|AM|N|D5|DE|NO|DL|PL|OFF|E|OFF|E|D12|TL|DE|M|P|LD|M|DE|육|-|D/E|DO|A|RO|D5|UN|M|OC,비번|wo|AM|N|D5|De|no|Dl|PL|off|E|Off|E|d12|TL|DE|m|P|LD|M|DE|육|-|D/e|DO|a|RO|D5|uN|M|OC,B6,images/schedule_0001_compact_summary.png
schedule_0001,compact_summary,1,5,페이지 1/5,schedule_0001,SCHEDULE_0001_R004,4,7,4,장지혜,장,9,1014229,張|蔣,bundled_fallback_top100,https://www.rootsinfo.co.kr/info/roots/table_sung15.php,지혜,1991,female,31,"[""C"", ""OFF"", ""E"", ""O"", ""ADO"", ""E"", ""E"", ""T"", ""S"", ""N12"", ""M"", ""HELP"", ""OFF"", ""OFF"", ""E"", ""E"", ""PM"", ""D"", ""D"", ""NO"", ""AM"", ""PH"", ""A"", ""D/E"", ""DO"", ""N12"", ""S"", ""TRN"", ""S"", ""X"", ""EH""]","[""C"", ""OFF"", ""E"", ""O"", ""Ado"", ""E"", ""e"", ""T"", ""S"", ""n12"", ""M"", ""HELP"", ""OFF"", ""OFF"", ""E"", ""E"", ""PM"", ""D"", ""D"", ""NO"", ""Am"", ""PH"", ""A"", ""D/E"", ""DO"", ""n12"", ""S"", ""trn"", ""S"", ""X"", ""Eh""]",C|OFF|E|O|ADO|E|E|T|S|N12|M|HELP|OFF|OFF|E|E|PM|D|D|NO|AM|PH|A|D/E|DO|N12|S|TRN|S|X|EH,C|OFF|E|O|Ado|E|e|T|S|n12|M|HELP|OFF|OFF|E|E|PM|D|D|NO|Am|PH|A|D/E|DO|n12|S|trn|S|X|Eh,B7,images/schedule_0001_compact_summary.png
schedule_0001,compact_summary,1,5,페이지 1/5,schedule_0001,SCHEDULE_0001_R005,5,8,5,김민지,김,1,10689959,金,bundled_fallback_top100,https://www.rootsinfo.co.kr/info/roots/table_sung15.php,민지,2002,female,31,"[""MID"", ""F"", ""MD"", ""P"", ""-"", ""P"", ""A/L"", ""off"", ""O"", ""D"", ""CONF"", ""DB"", ""MID"", ""DB"", ""D12"", ""N12"", ""N12"", ""NB"", ""OF"", ""A"", ""N12"", ""주"", ""H"", ""NO"", ""NB"", ""CSSD"", ""DB"", ""RO"", ""N"", ""D5"", ""교육""]","[""MID"", ""f"", ""MD"", ""P"", ""-"", ""P"", ""A/l"", ""off"", ""o"", ""D"", ""CONF"", ""DB"", ""MId"", ""db"", ""D12"", ""n12"", ""n12"", ""NB"", ""OF"", ""A"", ""N12"", ""주"", ""H"", ""NO"", ""NB"", ""CSSD"", ""db"", ""RO"", ""N"", ""D5"", ""교육""]",MID|F|MD|P|-|P|A/L|off|O|D|CONF|DB|MID|DB|D12|N12|N12|NB|OF|A|N12|주|H|NO|NB|CSSD|DB|RO|N|D5|교육,MID|f|MD|P|-|P|A/l|off|o|D|CONF|DB|MId|db|D12|n12|n12|NB|OF|A|N12|주|H|NO|NB|CSSD|db|RO|N|D5|교육,B8,images/schedule_0001_compact_summary.png
schedule_0001,compact_summary,1,5,페이지 1/5,schedule_0001,SCHEDULE_0001_R006,6,9,6,김수진,김,1,10689959,金,bundled_fallback_top100,https://www.rootsinfo.co.kr/info/roots/table_sung15.php,수진,1989,female,31,"[""D5"", ""특"", ""M"", ""WO"", ""S"", ""TRN"", ""DE"", ""SEM"", ""ONC"", ""A"", ""DB"", ""-"", ""휴무"", ""특"", ""AO"", ""D12"", ""UPL"", ""ANL"", ""TL"", ""N"", ""F"", ""N"", ""F"", ""N"", ""OFF"", ""D"", ""OFF"", ""D"", ""LD"", ""M"", ""D/E""]","[""D5"", ""특"", ""M"", ""WO"", ""S"", ""TRN"", ""dE"", ""SEM"", ""ONC"", ""A"", ""DB"", ""-"", ""휴무"", ""특"", ""AO"", ""D12"", ""UPL"", ""aNL"", ""TL"", ""N"", ""f"", ""n"", ""F"", ""N"", ""OFF"", ""D"", ""OFF"", ""d"", ""lD"", ""M"", ""D/E""]",D5|특|M|WO|S|TRN|DE|SEM|ONC|A|DB|-|휴무|특|AO|D12|UPL|ANL|TL|N|F|N|F|N|OFF|D|OFF|D|LD|M|D/E,D5|특|M|WO|S|TRN|dE|SEM|ONC|A|DB|-|휴무|특|AO|D12|UPL|aNL|TL|N|f|n|F|N|OFF|D|OFF|d|lD|M|D/E,B9,images/schedule_0001_compact_summary.png
schedule_0001,compact_summary,1,5,페이지 1/5,schedule_0001,SCHEDULE_0001_R007,7,10,1,최성현,최,4,2333927,崔,bundled_fallback_top100,https://www.rootsinfo.co.kr/info/roots/table_sung15.php,성현,1987,male,31,"[""LD"", ""D12"", ""D/E"", ""LD"", ""D5"", ""M"", ""MD"", ""DB"", ""E"", ""N"", ""D"", ""F"", ""D12"", ""D"", ""D"", ""OFF"", ""A"", ""SH"", ""D5"", ""PO"", ""N12"", ""-"", ""MD"", ""D/E"", ""PM"", ""MID"", ""M"", ""LD"", ""CH"", ""—"", ""WS""]","[""lD"", ""D12"", ""d/E"", ""LD"", ""D5"", ""M"", ""mD"", ""Db"", ""E"", ""n"", ""D"", ""F"", ""D12"", ""D"", ""D"", ""OFF"", ""A"", ""SH"", ""D5"", ""Po"", ""N12"", ""-"", ""mD"", ""D/E"", ""PM"", ""MID"", ""M"", ""LD"", ""CH"", ""—"", ""WS""]",LD|D12|D/E|LD|D5|M|MD|DB|E|N|D|F|D12|D|D|OFF|A|SH|D5|PO|N12|-|MD|D/E|PM|MID|M|LD|CH|—|WS,lD|D12|d/E|LD|D5|M|mD|Db|E|n|D|F|D12|D|D|OFF|A|SH|D5|Po|N12|-|mD|D/E|PM|MID|M|LD|CH|—|WS,B10,images/schedule_0001_compact_summary.png
schedule_0001,compact_summary,1,5,페이지 1/5,schedule_0001,SCHEDULE_0001_R008,8,11,2,홍지혜,홍,20,558853,洪,bundled_fallback_top100,https://www.rootsinfo.co.kr/info/roots/table_sung15.php,지혜,1990,female,31,"[""MID"", ""DE"", ""D"", ""DE"", ""ON"", ""H"", ""S"", ""노"", ""지원"", ""CCL"", ""DN"", ""—"", ""E"", ""E"", ""F"", ""D"", ""F"", ""D"", ""N12"", ""NB"", ""EDU"", ""—"", ""AMH"", ""D"", ""O"", ""OFF"", ""OFF"", ""O"", ""OFF"", ""N"", ""N""]","[""MID"", ""De"", ""D"", ""DE"", ""On"", ""H"", ""S"", ""노"", ""지원"", ""CCL"", ""Dn"", ""—"", ""e"", ""E"", ""F"", ""D"", ""F"", ""D"", ""N12"", ""NB"", ""EDU"", ""—"", ""AMH"", ""D"", ""O"", ""off"", ""off"", ""O"", ""OFF"", ""N"", ""N""]",MID|DE|D|DE|ON|H|S|노|지원|CCL|DN|—|E|E|F|D|F|D|N12|NB|EDU|—|AMH|D|O|OFF|OFF|O|OFF|N|N,MID|De|D|DE|On|H|S|노|지원|CCL|Dn|—|e|E|F|D|F|D|N12|NB|EDU|—|AMH|D|O|off|off|O|OFF|N|N,B11,images/schedule_0001_compact_summary.png
schedule_0001,compact_summary,1,5,페이지 1/5,schedule_0001,SCHEDULE_0001_R009,9,12,3,서상현,서,13,751704,徐,bundled_fallback_top100,https://www.rootsinfo.co.kr/info/roots/table_sung15.php,상현,1984,male,31,"[""AM"", ""-"", ""NA"", ""특별휴가"", ""EH"", ""출산"", ""S"", ""MID"", ""AM"", ""OF"", ""E"", ""F"", ""F"", ""E"", ""E"", ""N"", ""F"", ""E"", ""OT"", ""WO"", ""O"", ""OFF"", ""O"", ""O"", ""N"", ""N"", ""S"", ""DH"", ""NA"", ""WS"", ""WO""]","[""AM"", ""-"", ""NA"", ""특별휴가"", ""EH"", ""출산"", ""S"", ""MID"", ""AM"", ""OF"", ""E"", ""F"", ""f"", ""E"", ""E"", ""N"", ""F"", ""e"", ""ot"", ""WO"", ""O"", ""OFF"", ""O"", ""O"", ""n"", ""N"", ""S"", ""DH"", ""NA"", ""WS"", ""WO""]",AM|-|NA|특별휴가|EH|출산|S|MID|AM|OF|E|F|F|E|E|N|F|E|OT|WO|O|OFF|O|O|N|N|S|DH|NA|WS|WO,AM|-|NA|특별휴가|EH|출산|S|MID|AM|OF|E|F|f|E|E|N|F|e|ot|WO|O|OFF|O|O|n|N|S|DH|NA|WS|WO,B12,images/schedule_0001_compact_summary.png
schedule_0001,compact_summary,1,5,페이지 1/5,schedule_0001,SCHEDULE_0001_R010,10,13,4,박채원,박,3,4192074,朴,bundled_fallback_top100,https://www.rootsinfo.co.kr/info/roots/table_sung15.php,채원,2000,female,31,"[""D/E"", ""H⁺"", ""MAT"", ""연가"", ""DO"", ""PO"", ""V"", ""MAT"", ""LD"", ""D5"", ""MID"", ""NO"", ""E"", ""O"", ""OFF"", ""E"", ""PO"", ""-"", ""DL"", ""RD"", ""D5"", ""DB"", ""OF"", ""D"", ""O"", ""D"", ""E"", ""OFF"", ""N"", ""DB"", ""LD""]","[""D/E"", ""H⁺"", ""MAT"", ""연가"", ""Do"", ""PO"", ""V"", ""MAT"", ""LD"", ""D5"", ""MId"", ""nO"", ""E"", ""O"", ""oFF"", ""E"", ""PO"", ""-"", ""DL"", ""RD"", ""D5"", ""DB"", ""oF"", ""d"", ""O"", ""d"", ""E"", ""OFf"", ""n"", ""DB"", ""LD""]",D/E|H⁺|MAT|연가|DO|PO|V|MAT|LD|D5|MID|NO|E|O|OFF|E|PO|-|DL|RD|D5|DB|OF|D|O|D|E|OFF|N|DB|LD,D/E|H⁺|MAT|연가|Do|PO|V|MAT|LD|D5|MId|nO|E|O|oFF|E|PO|-|DL|RD|D5|DB|oF|d|O|d|E|OFf|n|DB|LD,B13,images/schedule_0001_compact_summary.png
schedule_0001,compact_summary,1,5,페이지 1/5,schedule_0001,SCHEDULE_0001_R011,11,14,5,정혜진,정,5,2395682,鄭|丁,bundled_fallback_top100,https://www.rootsinfo.co.kr/info/roots/table_sung15.php,혜진,1984,female,31,"[""WO"", ""DO"", ""-"", ""연"", ""RD"", ""S"", ""DN"", ""E"", ""OFF"", ""MID"", ""SD"", ""LD"", ""AO"", ""NB"", ""SEM"", ""AO"", ""RD"", ""LD"", ""P"", ""E"", ""AO"", ""D/E"", ""S"", ""D5"", ""D12"", ""A"", ""SD"", ""WO"", ""CH"", ""육아"", ""D/E""]","[""wO"", ""DO"", ""-"", ""연"", ""Rd"", ""S"", ""DN"", ""E"", ""oFF"", ""MID"", ""SD"", ""LD"", ""AO"", ""Nb"", ""SEM"", ""AO"", ""RD"", ""LD"", ""p"", ""E"", ""AO"", ""D/E"", ""s"", ""d5"", ""D12"", ""a"", ""Sd"", ""wO"", ""CH"", ""육아"", ""D/E""]",WO|DO|-|연|RD|S|DN|E|OFF|MID|SD|LD|AO|NB|SEM|AO|RD|LD|P|E|AO|D/E|S|D5|D12|A|SD|WO|CH|육아|D/E,wO|DO|-|연|Rd|S|DN|E|oFF|MID|SD|LD|AO|Nb|SEM|AO|RD|LD|p|E|AO|D/E|s|d5|D12|a|Sd|wO|CH|육아|D/E,B14,images/schedule_0001_compact_summary.png
schedule_0001,compact_summary,1,5,페이지 1/5,schedule_0001,SCHEDULE_0001_R012,12,15,6,금지혜,금,85,25432,琴,bundled_fallback_top100,https://www.rootsinfo.co.kr/info/roots/table_sung15.php,지혜,1984,female,31,"[""VAC"", ""D5"", ""OT"", ""DO"", ""UN"", ""DB"", ""DN"", ""INT"", ""D/E"", ""LD"", ""D/E"", ""AM"", ""PH"", ""M"", ""X"", ""D5"", ""RO"", ""INT"", ""RD"", ""OF"", ""PH"", ""DB"", ""PM"", ""SD"", ""D"", ""E"", ""SD"", ""MID"", ""D5"", ""DB"", ""PH""]","[""VAC"", ""d5"", ""OT"", ""DO"", ""Un"", ""DB"", ""DN"", ""INT"", ""d/E"", ""LD"", ""D/E"", ""AM"", ""PH"", ""m"", ""X"", ""D5"", ""RO"", ""INT"", ""rd"", ""oF"", ""PH"", ""db"", ""PM"", ""SD"", ""D"", ""e"", ""SD"", ""mId"", ""d5"", ""DB"", ""PH""]",VAC|D5|OT|DO|UN|DB|DN|INT|D/E|LD|D/E|AM|PH|M|X|D5|RO|INT|RD|OF|PH|DB|PM|SD|D|E|SD|MID|D5|DB|PH,VAC|d5|OT|DO|Un|DB|DN|INT|d/E|LD|D/E|AM|PH|m|X|D5|RO|INT|rd|oF|PH|db|PM|SD|D|e|SD|mId|d5|DB|PH,B15,images/schedule_0001_compact_summary.png
schedule_0001,compact_summary,1,5,페이지 1/5,schedule_0001,SCHEDULE_0001_R013,13,16,1,김선영,김,1,10689959,金,bundled_fallback_top100,https://www.rootsinfo.co.kr/info/roots/table_sung15.php,선영,1976,female,31,"[""M"", ""MD"", ""AM"", ""N12"", ""D12"", ""SD"", ""D5"", ""HLP"", ""NA"", ""D5"", ""A"", ""AM"", ""A/L"", ""PH"", ""NO"", ""M"", ""T"", ""E"", ""N"", ""S"", ""MD"", ""-"", ""OF"", ""대기"", ""N"", ""RD"", ""S"", ""주"", ""A"", ""DB"", ""AM""]","[""M"", ""md"", ""AM"", ""N12"", ""D12"", ""SD"", ""D5"", ""HLP"", ""NA"", ""D5"", ""a"", ""Am"", ""A/L"", ""PH"", ""NO"", ""m"", ""T"", ""E"", ""N"", ""S"", ""MD"", ""-"", ""of"", ""대기"", ""N"", ""RD"", ""S"", ""주"", ""A"", ""DB"", ""aM""]",M|MD|AM|N12|D12|SD|D5|HLP|NA|D5|A|AM|A/L|PH|NO|M|T|E|N|S|MD|-|OF|대기|N|RD|S|주|A|DB|AM,M|md|AM|N12|D12|SD|D5|HLP|NA|D5|a|Am|A/L|PH|NO|m|T|E|N|S|MD|-|of|대기|N|RD|S|주|A|DB|aM,B16,images/schedule_0001_compact_summary.png
schedule_0001,compact_summary,1,5,페이지 1/5,schedule_0001,SCHEDULE_0001_R014,14,17,2,이순희,이,2,7306828,李,bundled_fallback_top100,https://www.rootsinfo.co.kr/info/roots/table_sung15.php,순희,1969,female,31,"[""D12"", ""NB"", ""P"", ""EDU"", ""D5"", ""MD"", ""A"", ""PM"", ""ST"", ""NO"", ""M"", ""OF"", ""지원"", ""중"", ""AO"", ""RD"", ""P"", ""PM"", ""MD"", ""DB"", ""DN"", ""N12"", ""A"", ""D12"", ""ADO"", ""ADO"", ""DN"", ""F"", ""E"", ""E"", ""OFF""]","[""D12"", ""NB"", ""P"", ""EDU"", ""D5"", ""MD"", ""A"", ""PM"", ""St"", ""nO"", ""M"", ""OF"", ""지원"", ""중"", ""AO"", ""rd"", ""P"", ""PM"", ""MD"", ""db"", ""Dn"", ""N12"", ""a"", ""D12"", ""AdO"", ""ADO"", ""DN"", ""F"", ""E"", ""E"", ""ofF""]",D12|NB|P|EDU|D5|MD|A|PM|ST|NO|M|OF|지원|중|AO|RD|P|PM|MD|DB|DN|N12|A|D12|ADO|ADO|DN|F|E|E|OFF,D12|NB|P|EDU|D5|MD|A|PM|St|nO|M|OF|지원|중|AO|rd|P|PM|MD|db|Dn|N12|a|D12|AdO|ADO|DN|F|E|E|ofF,B17,images/schedule_0001_compact_summary.png
schedule_0001,compact_summary,1,5,페이지 1/5,schedule_0001,SCHEDULE_0001_R015,15,18,3,황미영,황,16,697171,黃,bundled_fallback_top100,https://www.rootsinfo.co.kr/info/roots/table_sung15.php,미영,1983,female,31,"[""AM"", ""경조"", ""RO"", ""A"", ""H"", ""D/E"", ""O"", ""O"", ""O"", ""O"", ""D"", ""TL"", ""PH"", ""D12"", ""DN"", ""D5"", ""PM"", ""MD"", ""H⁺"", ""PO"", ""X"", ""PO"", ""off"", ""N"", ""O"", ""N"", ""OF"", ""O"", ""E"", ""NB"", ""T""]","[""AM"", ""경조"", ""RO"", ""A"", ""H"", ""D/E"", ""O"", ""O"", ""O"", ""O"", ""D"", ""TL"", ""PH"", ""D12"", ""DN"", ""D5"", ""pm"", ""Md"", ""h⁺"", ""po"", ""X"", ""PO"", ""off"", ""N"", ""O"", ""N"", ""OF"", ""o"", ""E"", ""nB"", ""T""]",AM|경조|RO|A|H|D/E|O|O|O|O|D|TL|PH|D12|DN|D5|PM|MD|H⁺|PO|X|PO|off|N|O|N|OF|O|E|NB|T,AM|경조|RO|A|H|D/E|O|O|O|O|D|TL|PH|D12|DN|D5|pm|Md|h⁺|po|X|PO|off|N|O|N|OF|o|E|nB|T,B18,images/schedule_0001_compact_summary.png
schedule_0001,compact_summary,1,5,페이지 1/5,schedule_0001,SCHEDULE_0001_R016,16,19,4,권혜진,권,15,705941,權,bundled_fallback_top100,https://www.rootsinfo.co.kr/info/roots/table_sung15.php,혜진,1987,female,31,"[""D12"", ""LD"", ""D/E"", ""N"", ""O"", ""E"", ""O"", ""N"", ""N"", ""O"", ""VL"", ""D"", ""M"", ""TR"", ""A"", ""MD"", ""N"", ""D"", ""D"", ""O"", ""NB"", ""SD"", ""AM"", ""D"", ""F"", ""f"", ""M"", ""H⁺"", ""VAC"", ""D"", ""MC""]","[""D12"", ""LD"", ""D/E"", ""N"", ""O"", ""E"", ""o"", ""n"", ""N"", ""O"", ""VL"", ""D"", ""M"", ""TR"", ""A"", ""MD"", ""N"", ""D"", ""D"", ""o"", ""nb"", ""SD"", ""AM"", ""D"", ""f"", ""f"", ""m"", ""H⁺"", ""VAC"", ""D"", ""MC""]",D12|LD|D/E|N|O|E|O|N|N|O|VL|D|M|TR|A|MD|N|D|D|O|NB|SD|AM|D|F|f|M|H⁺|VAC|D|MC,D12|LD|D/E|N|O|E|o|n|N|O|VL|D|M|TR|A|MD|N|D|D|o|nb|SD|AM|D|f|f|m|H⁺|VAC|D|MC,B19,images/schedule_0001_compact_summary.png
schedule_0001,compact_summary,1,5,페이지 1/5,schedule_0001,SCHEDULE_0001_R017,17,20,5,박민지,박,3,4192074,朴,bundled_fallback_top100,https://www.rootsinfo.co.kr/info/roots/table_sung15.php,민지,2000,female,31,"[""D/E"", ""P"", ""D5"", ""f"", ""대기"", ""O"", ""D"", ""OFF"", ""E"", ""E"", ""N"", ""D/E"", ""CONF"", ""MD"", ""RO"", ""DE"", ""NA"", ""ADO"", ""LD"", ""DN"", ""X"", ""S"", ""XA"", ""N"", ""F"", ""f"", ""F"", ""N"", ""DE"", ""D12"", ""특""]","[""d/E"", ""P"", ""d5"", ""F"", ""대기"", ""o"", ""D"", ""OFF"", ""E"", ""e"", ""N"", ""d/e"", ""CONF"", ""MD"", ""rO"", ""De"", ""NA"", ""adO"", ""Ld"", ""dN"", ""X"", ""S"", ""XA"", ""n"", ""F"", ""F"", ""F"", ""N"", ""dE"", ""D12"", ""특""]",D/E|P|D5|f|대기|O|D|OFF|E|E|N|D/E|CONF|MD|RO|DE|NA|ADO|LD|DN|X|S|XA|N|F|f|F|N|DE|D12|특,d/E|P|d5|F|대기|o|D|OFF|E|e|N|d/e|CONF|MD|rO|De|NA|adO|Ld|dN|X|S|XA|n|F|F|F|N|dE|D12|특,B20,images/schedule_0001_compact_summary.png
schedule_0001,compact_summary,1,5,페이지 1/5,schedule_0001,SCHEDULE_0001_R018,18,21,6,최유정,최,4,2333927,崔,bundled_fallback_top100,https://www.rootsinfo.co.kr/info/roots/table_sung15.php,유정,1989,female,31,"[""S/L"", ""O/C"", ""A"", ""N"", ""NO"", ""N"", ""O"", ""D"", ""D"", ""F"", ""D"", ""D"", ""D/E"", ""LD"", ""PM"", ""D5"", ""EDU"", ""E"", ""E"", ""OFF"", ""OC"", ""D/E"", ""OF"", ""INT"", ""ADO"", ""E"", ""OFF"", ""O"", ""D"", ""E"", ""E""]","[""s/L"", ""O/C"", ""A"", ""N"", ""No"", ""N"", ""O"", ""D"", ""D"", ""f"", ""D"", ""D"", ""D/E"", ""LD"", ""PM"", ""D5"", ""Edu"", ""e"", ""E"", ""oFf"", ""OC"", ""D/E"", ""oF"", ""iNt"", ""ADO"", ""e"", ""OFF"", ""O"", ""d"", ""E"", ""E""]",S/L|O/C|A|N|NO|N|O|D|D|F|D|D|D/E|LD|PM|D5|EDU|E|E|OFF|OC|D/E|OF|INT|ADO|E|OFF|O|D|E|E,s/L|O/C|A|N|No|N|O|D|D|f|D|D|D/E|LD|PM|D5|Edu|e|E|oFf|OC|D/E|oF|iNt|ADO|e|OFF|O|d|E|E,B21,images/schedule_0001_compact_summary.png
schedule_0001,compact_summary,1,5,페이지 1/5,schedule_0001,SCHEDULE_0001_R019,19,22,1,한민지,한,11,773404,韓,bundled_fallback_top100,https://www.rootsinfo.co.kr/info/roots/table_sung15.php,민지,2003,female,31,"[""PO"", ""RD"", ""노조"", ""D/E"", ""PMH"", ""off"", ""E"", ""O"", ""N"", ""OFF"", ""N"", ""MID"", ""AM"", ""DE"", ""SD"", ""CB"", ""N12"", ""S"", ""ANL"", ""OF"", ""LD"", ""H"", ""SD"", ""D/E"", ""Off"", ""D"", ""E"", ""O"", ""O"", ""회의"", ""DE""]","[""Po"", ""RD"", ""노조"", ""D/E"", ""pMh"", ""off"", ""E"", ""O"", ""N"", ""OFF"", ""N"", ""mID"", ""AM"", ""DE"", ""SD"", ""CB"", ""N12"", ""S"", ""ANL"", ""OF"", ""LD"", ""h"", ""SD"", ""d/E"", ""off"", ""d"", ""E"", ""O"", ""O"", ""회의"", ""DE""]",PO|RD|노조|D/E|PMH|off|E|O|N|OFF|N|MID|AM|DE|SD|CB|N12|S|ANL|OF|LD|H|SD|D/E|Off|D|E|O|O|회의|DE,Po|RD|노조|D/E|pMh|off|E|O|N|OFF|N|mID|AM|DE|SD|CB|N12|S|ANL|OF|LD|h|SD|d/E|off|d|E|O|O|회의|DE,B22,images/schedule_0001_compact_summary.png
schedule_0001,compact_summary,1,5,페이지 1/5,schedule_0001,SCHEDULE_0001_R020,20,23,2,천영희,천,54,121780,千,bundled_fallback_top100,https://www.rootsinfo.co.kr/info/roots/table_sung15.php,영희,1968,female,31,"[""ED"", ""OF"", ""SEM"", ""H"", ""MD"", ""DO"", ""D/E"", ""OFF"", ""SH"", ""E"", ""O"", ""N"", ""O"", ""N"", ""OFF"", ""N"", ""OFF"", ""E"", ""NA"", ""OFF"", ""N"", ""O"", ""O"", ""N"", ""N"", ""비번"", ""연차"", ""PM"", ""M"", ""DN"", ""DE""]","[""ED"", ""OF"", ""SEM"", ""H"", ""MD"", ""dO"", ""d/e"", ""OFF"", ""SH"", ""E"", ""O"", ""n"", ""o"", ""N"", ""OFF"", ""n"", ""OFF"", ""E"", ""na"", ""OFF"", ""N"", ""o"", ""O"", ""N"", ""N"", ""비번"", ""연차"", ""PM"", ""M"", ""DN"", ""de""]",ED|OF|SEM|H|MD|DO|D/E|OFF|SH|E|O|N|O|N|OFF|N|OFF|E|NA|OFF|N|O|O|N|N|비번|연차|PM|M|DN|DE,ED|OF|SEM|H|MD|dO|d/e|OFF|SH|E|O|n|o|N|OFF|n|OFF|E|na|OFF|N|o|O|N|N|비번|연차|PM|M|DN|de,B23,images/schedule_0001_compact_summary.png
schedule_0001,compact_summary,1,5,페이지 1/5,schedule_0001,SCHEDULE_0001_R021,21,24,3,신지현,신,14,985823,申|辛|愼,bundled_fallback_top100,https://www.rootsinfo.co.kr/info/roots/table_sung15.php,지현,1986,female,31,"[""VAC"", ""DN"", ""O"", ""D"", ""F"", ""OFF"", ""AO"", ""N"", ""N"", ""AO"", ""N"", ""F"", ""f"", ""f"", ""f"", ""D"", ""D"", ""O"", ""E"", ""E"", ""D12"", ""D"", ""F"", ""N"", ""N"", ""O"", ""E"", ""O"", ""D/E"", ""UN"", ""N12""]","[""VAC"", ""DN"", ""o"", ""d"", ""F"", ""OFF"", ""AO"", ""N"", ""N"", ""aO"", ""N"", ""F"", ""F"", ""f"", ""f"", ""D"", ""D"", ""O"", ""E"", ""E"", ""d12"", ""D"", ""F"", ""n"", ""N"", ""O"", ""E"", ""O"", ""D/E"", ""UN"", ""N12""]",VAC|DN|O|D|F|OFF|AO|N|N|AO|N|F|f|f|f|D|D|O|E|E|D12|D|F|N|N|O|E|O|D/E|UN|N12,VAC|DN|o|d|F|OFF|AO|N|N|aO|N|F|F|f|f|D|D|O|E|E|d12|D|F|n|N|O|E|O|D/E|UN|N12,B24,images/schedule_0001_compact_summary.png
schedule_0001,compact_summary,1,5,페이지 1/5,schedule_0001,SCHEDULE_0001_R022,22,25,4,공진우,공,56,91869,孔,bundled_fallback_top100,https://www.rootsinfo.co.kr/info/roots/table_sung15.php,진우,1984,male,31,"[""DB"", ""CL"", ""OFF"", ""N"", ""OFF"", ""D"", ""F"", ""D/E"", ""IC"", ""NB"", ""P"", ""WO"", ""PM"", ""RO"", ""O/C"", ""DB"", ""RD"", ""경"", ""D5"", ""ED"", ""N"", ""연가"", ""ADO"", ""AO"", ""D/E"", ""ED"", ""S"", ""HELP"", ""E"", ""OFF"", ""E""]","[""Db"", ""CL"", ""OFF"", ""N"", ""OfF"", ""D"", ""F"", ""d/e"", ""iC"", ""NB"", ""P"", ""WO"", ""pm"", ""RO"", ""o/c"", ""DB"", ""rd"", ""경"", ""D5"", ""ED"", ""n"", ""연가"", ""ADO"", ""ao"", ""d/E"", ""ED"", ""s"", ""HELP"", ""e"", ""OFF"", ""E""]",DB|CL|OFF|N|OFF|D|F|D/E|IC|NB|P|WO|PM|RO|O/C|DB|RD|경|D5|ED|N|연가|ADO|AO|D/E|ED|S|HELP|E|OFF|E,Db|CL|OFF|N|OfF|D|F|d/e|iC|NB|P|WO|pm|RO|o/c|DB|rd|경|D5|ED|n|연가|ADO|ao|d/E|ED|s|HELP|e|OFF|E,B25,images/schedule_0001_compact_summary.png
schedule_0002,clean_grid,2,5,페이지 2/5,schedule_0002,SCHEDULE_0002_R001,1,4,병동,류은주,류,47,163703,柳,bundled_fallback_top100,https://www.rootsinfo.co.kr/info/roots/table_sung15.php,은주,1976,female,30,"[""O"", ""O"", ""지원"", ""TR"", ""O"", ""D"", ""SL"", ""A"", ""DB"", ""OF"", ""D/E"", ""DO"", ""AO"", ""AO"", ""A"", ""병가"", ""MD"", ""CONF"", ""DE"", ""VL"", ""D12"", ""E"", ""E"", ""O"", ""E"", ""E"", ""OPD"", ""E"", ""E"", ""N12""]","[""O"", ""O"", ""지원"", ""TR"", ""O"", ""d"", ""SL"", ""A"", ""Db"", ""OF"", ""d/E"", ""DO"", ""AO"", ""AO"", ""A"", ""병가"", ""mD"", ""CONf"", ""dE"", ""VL"", ""d12"", ""e"", ""E"", ""O"", ""E"", ""E"", ""OPD"", ""E"", ""E"", ""N12""]",O|O|지원|TR|O|D|SL|A|DB|OF|D/E|DO|AO|AO|A|병가|MD|CONF|DE|VL|D12|E|E|O|E|E|OPD|E|E|N12,O|O|지원|TR|O|d|SL|A|Db|OF|d/E|DO|AO|AO|A|병가|mD|CONf|dE|VL|d12|e|E|O|E|E|OPD|E|E|N12,A4,images/schedule_0002_clean_grid.png
schedule_0002,clean_grid,2,5,페이지 2/5,schedule_0002,SCHEDULE_0002_R002,2,5,병동,이서영,이,2,7306828,李,bundled_fallback_top100,https://www.rootsinfo.co.kr/info/roots/table_sung15.php,서영,1996,female,30,"[""MID"", ""E"", ""F"", ""F"", ""N"", ""N"", ""N"", ""NA"", ""X"", ""E"", ""E"", ""N"", ""OFF"", ""N"", ""OF"", ""DE"", ""D"", ""D"", ""CH"", ""PM"", ""AM"", ""PM"", ""D12"", ""LV"", ""DE"", ""P"", ""DB"", ""M"", ""AM"", ""PH""]","[""mid"", ""E"", ""F"", ""F"", ""N"", ""N"", ""N"", ""NA"", ""x"", ""E"", ""e"", ""n"", ""OFF"", ""n"", ""OF"", ""de"", ""d"", ""D"", ""CH"", ""PM"", ""AM"", ""pm"", ""D12"", ""Lv"", ""DE"", ""P"", ""dB"", ""M"", ""AM"", ""PH""]",MID|E|F|F|N|N|N|NA|X|E|E|N|OFF|N|OF|DE|D|D|CH|PM|AM|PM|D12|LV|DE|P|DB|M|AM|PH,mid|E|F|F|N|N|N|NA|x|E|e|n|OFF|n|OF|de|d|D|CH|PM|AM|pm|D12|Lv|DE|P|dB|M|AM|PH,A5,images/schedule_0002_clean_grid.png
schedule_0002,clean_grid,2,5,페이지 2/5,schedule_0002,SCHEDULE_0002_R003,3,6,병동,함지은,함,59,80659,咸,bundled_fallback_top100,https://www.rootsinfo.co.kr/info/roots/table_sung15.php,지은,1989,female,30,"[""파견"", ""DL"", ""OFF"", ""NA"", ""DB"", ""AM"", ""RO"", ""AM"", ""NB"", ""OF"", ""OC"", ""f"", ""F"", ""E"", ""E"", ""OFF"", ""PH"", ""PH"", ""O"", ""E"", ""M"", ""NB"", ""BH"", ""DB"", ""WO"", ""DN"", ""M"", ""특"", ""H"", ""RD""]","[""파견"", ""DL"", ""off"", ""Na"", ""DB"", ""aM"", ""RO"", ""AM"", ""Nb"", ""OF"", ""OC"", ""f"", ""f"", ""E"", ""E"", ""OFF"", ""ph"", ""pH"", ""O"", ""E"", ""M"", ""nb"", ""BH"", ""DB"", ""Wo"", ""dN"", ""m"", ""특"", ""h"", ""rD""]",파견|DL|OFF|NA|DB|AM|RO|AM|NB|OF|OC|f|F|E|E|OFF|PH|PH|O|E|M|NB|BH|DB|WO|DN|M|특|H|RD,파견|DL|off|Na|DB|aM|RO|AM|Nb|OF|OC|f|f|E|E|OFF|ph|pH|O|E|M|nb|BH|DB|Wo|dN|m|특|h|rD,A6,images/schedule_0002_clean_grid.png
schedule_0002,clean_grid,2,5,페이지 2/5,schedule_0002,SCHEDULE_0002_R004,4,7,병동,박다은,박,3,4192074,朴,bundled_fallback_top100,https://www.rootsinfo.co.kr/info/roots/table_sung15.php,다은,2003,female,30,"[""AM"", ""ER"", ""STBY"", ""VL"", ""N12"", ""D"", ""OFF"", ""N"", ""PO"", ""MD"", ""X"", ""DN"", ""P"", ""RD"", ""P"", ""H"", ""D/E"", ""NO"", ""NB"", ""H"", ""교"", ""E"", ""H"", ""파견"", ""MD"", ""PO"", ""D5"", ""Off"", ""E"", ""OFF""]","[""AM"", ""ER"", ""STBY"", ""VL"", ""n12"", ""D"", ""oFf"", ""N"", ""PO"", ""MD"", ""X"", ""DN"", ""P"", ""RD"", ""P"", ""h"", ""d/e"", ""NO"", ""NB"", ""H"", ""교"", ""E"", ""H"", ""파견"", ""mD"", ""pO"", ""d5"", ""Off"", ""E"", ""OFF""]",AM|ER|STBY|VL|N12|D|OFF|N|PO|MD|X|DN|P|RD|P|H|D/E|NO|NB|H|교|E|H|파견|MD|PO|D5|Off|E|OFF,AM|ER|STBY|VL|n12|D|oFf|N|PO|MD|X|DN|P|RD|P|h|d/e|NO|NB|H|교|E|H|파견|mD|pO|d5|Off|E|OFF,A7,images/schedule_0002_clean_grid.png
schedule_0002,clean_grid,2,5,페이지 2/5,schedule_0002,SCHEDULE_0002_R005,5,8,병동,방수민,방,55,128351,方|房,bundled_fallback_top100,https://www.rootsinfo.co.kr/info/roots/table_sung15.php,수민,2003,female,30,"[""RO"", ""D12"", ""P"", ""MD"", ""RO"", ""LD"", ""A"", ""LD"", ""휴무"", ""RD"", ""NB"", ""N"", ""O"", ""OFF"", ""DN"", ""DN"", ""AM"", ""O/C"", ""NB"", ""D/E"", ""CALL"", ""N"", ""NO"", ""OC"", ""MD"", ""NO"", ""E"", ""휴"", ""생휴"", ""M""]","[""RO"", ""D12"", ""P"", ""md"", ""RO"", ""LD"", ""A"", ""LD"", ""휴무"", ""rd"", ""NB"", ""N"", ""o"", ""OFF"", ""DN"", ""DN"", ""aM"", ""O/C"", ""NB"", ""D/E"", ""CALL"", ""N"", ""NO"", ""oC"", ""Md"", ""NO"", ""E"", ""휴"", ""생휴"", ""m""]",RO|D12|P|MD|RO|LD|A|LD|휴무|RD|NB|N|O|OFF|DN|DN|AM|O/C|NB|D/E|CALL|N|NO|OC|MD|NO|E|휴|생휴|M,RO|D12|P|md|RO|LD|A|LD|휴무|rd|NB|N|o|OFF|DN|DN|aM|O/C|NB|D/E|CALL|N|NO|oC|Md|NO|E|휴|생휴|m,A8,images/schedule_0002_clean_grid.png
schedule_0002,clean_grid,2,5,페이지 2/5,schedule_0002,SCHEDULE_0002_R006,6,9,병동,장수민,장,9,1014229,張|蔣,bundled_fallback_top100,https://www.rootsinfo.co.kr/info/roots/table_sung15.php,수민,2002,female,30,"[""AM"", ""DB"", ""DB"", ""TRN"", ""A"", ""D5"", ""CL"", ""EL"", ""N12"", ""CSSD"", ""D12"", ""NA"", ""경"", ""회의"", ""F"", ""-"", ""Off"", ""OFF"", ""N"", ""D"", ""D"", ""SD"", ""PM"", ""NB"", ""NB"", ""LD"", ""MID"", ""PACU"", ""DN"", ""VL""]","[""Am"", ""dB"", ""DB"", ""TRN"", ""A"", ""D5"", ""CL"", ""eL"", ""N12"", ""CSSD"", ""D12"", ""nA"", ""경"", ""회의"", ""F"", ""-"", ""Off"", ""OFF"", ""N"", ""d"", ""D"", ""SD"", ""PM"", ""nb"", ""NB"", ""lD"", ""MID"", ""pacU"", ""DN"", ""Vl""]",AM|DB|DB|TRN|A|D5|CL|EL|N12|CSSD|D12|NA|경|회의|F|-|Off|OFF|N|D|D|SD|PM|NB|NB|LD|MID|PACU|DN|VL,Am|dB|DB|TRN|A|D5|CL|eL|N12|CSSD|D12|nA|경|회의|F|-|Off|OFF|N|d|D|SD|PM|nb|NB|lD|MID|pacU|DN|Vl,A9,images/schedule_0002_clean_grid.png
schedule_0002,clean_grid,2,5,페이지 2/5,schedule_0002,SCHEDULE_0002_R007,7,10,병동,심민정,심,32,271749,沈,bundled_fallback_top100,https://www.rootsinfo.co.kr/info/roots/table_sung15.php,민정,1988,female,30,"[""반차"", ""DE"", ""ST"", ""OPD"", ""LD"", ""TL"", ""P"", ""DB"", ""AO"", ""off"", ""N12"", ""OF"", ""DN"", ""SEM"", ""S"", ""A"", ""PM"", ""보건"", ""DE"", ""N"", ""CONF"", ""O"", ""NB"", ""—"", ""Off"", ""E"", ""N"", ""O"", ""E"", ""N""]","[""반차"", ""DE"", ""ST"", ""OPD"", ""LD"", ""TL"", ""P"", ""DB"", ""AO"", ""ofF"", ""N12"", ""OF"", ""DN"", ""seM"", ""S"", ""A"", ""PM"", ""보건"", ""DE"", ""N"", ""CONF"", ""O"", ""NB"", ""—"", ""Off"", ""e"", ""N"", ""o"", ""E"", ""N""]",반차|DE|ST|OPD|LD|TL|P|DB|AO|off|N12|OF|DN|SEM|S|A|PM|보건|DE|N|CONF|O|NB|—|Off|E|N|O|E|N,반차|DE|ST|OPD|LD|TL|P|DB|AO|ofF|N12|OF|DN|seM|S|A|PM|보건|DE|N|CONF|O|NB|—|Off|e|N|o|E|N,A10,images/schedule_0002_clean_grid.png
schedule_0002,clean_grid,2,5,페이지 2/5,schedule_0002,SCHEDULE_0002_R008,8,11,병동,최혜정,최,4,2333927,崔,bundled_fallback_top100,https://www.rootsinfo.co.kr/info/roots/table_sung15.php,혜정,1979,female,30,"[""SUP"", ""RO"", ""RD"", ""VAC"", ""D12"", ""S"", ""AM"", ""H"", ""특별휴가"", ""PM"", ""P"", ""DB"", ""DO"", ""DB"", ""MD"", ""DB"", ""E"", ""F"", ""MAT"", ""D"", ""N"", ""NO"", ""IC"", ""NA"", ""ST"", ""Off"", ""O"", ""N"", ""N"", ""PM""]","[""SUP"", ""Ro"", ""RD"", ""VAC"", ""D12"", ""S"", ""AM"", ""H"", ""특별휴가"", ""PM"", ""p"", ""DB"", ""DO"", ""DB"", ""MD"", ""DB"", ""E"", ""F"", ""MaT"", ""D"", ""N"", ""NO"", ""IC"", ""na"", ""ST"", ""Off"", ""O"", ""N"", ""N"", ""PM""]",SUP|RO|RD|VAC|D12|S|AM|H|특별휴가|PM|P|DB|DO|DB|MD|DB|E|F|MAT|D|N|NO|IC|NA|ST|Off|O|N|N|PM,SUP|Ro|RD|VAC|D12|S|AM|H|특별휴가|PM|p|DB|DO|DB|MD|DB|E|F|MaT|D|N|NO|IC|na|ST|Off|O|N|N|PM,A11,images/schedule_0002_clean_grid.png
schedule_0002,clean_grid,2,5,페이지 2/5,schedule_0002,SCHEDULE_0002_R009,9,12,병동,류미정,류,47,163703,柳,bundled_fallback_top100,https://www.rootsinfo.co.kr/info/roots/table_sung15.php,미정,1978,female,30,"[""P"", ""M"", ""OH"", ""D5"", ""AMH"", ""P"", ""DE"", ""M"", ""생"", ""D5"", ""P"", ""H"", ""H"", ""D/E"", ""A"", ""PM"", ""ML"", ""RD"", ""M"", ""P"", ""노조휴가"", ""STBY"", ""S"", ""D12"", ""ADO"", ""DE"", ""off"", ""O"", ""N"", ""OFF""]","[""P"", ""M"", ""OH"", ""d5"", ""AMH"", ""P"", ""dE"", ""M"", ""생"", ""D5"", ""P"", ""h"", ""h"", ""D/E"", ""A"", ""Pm"", ""ML"", ""rD"", ""m"", ""p"", ""노조휴가"", ""STBY"", ""S"", ""D12"", ""ADO"", ""DE"", ""oFf"", ""O"", ""N"", ""OFF""]",P|M|OH|D5|AMH|P|DE|M|생|D5|P|H|H|D/E|A|PM|ML|RD|M|P|노조휴가|STBY|S|D12|ADO|DE|off|O|N|OFF,P|M|OH|d5|AMH|P|dE|M|생|D5|P|h|h|D/E|A|Pm|ML|rD|m|p|노조휴가|STBY|S|D12|ADO|DE|oFf|O|N|OFF,A12,images/schedule_0002_clean_grid.png
schedule_0002,clean_grid,2,5,페이지 2/5,schedule_0002,SCHEDULE_0002_R010,10,13,병동,김은정,김,1,10689959,金,bundled_fallback_top100,https://www.rootsinfo.co.kr/info/roots/table_sung15.php,은정,1981,female,30,"[""—"", ""-"", ""IH"", ""LD"", ""D12"", ""O"", ""N"", ""N"", ""OFF"", ""OFF"", ""N"", ""OFF"", ""D/E"", ""WO"", ""지원"", ""PO"", ""LD"", ""E"", ""SD"", ""N"", ""OFF"", ""OFF"", ""OFF"", ""E"", ""O"", ""E"", ""PH"", ""ED"", ""P"", ""LD""]","[""—"", ""-"", ""Ih"", ""Ld"", ""D12"", ""O"", ""n"", ""N"", ""OFF"", ""OFF"", ""N"", ""off"", ""D/E"", ""WO"", ""지원"", ""PO"", ""LD"", ""E"", ""SD"", ""N"", ""OFF"", ""off"", ""OFF"", ""E"", ""O"", ""E"", ""Ph"", ""ED"", ""P"", ""LD""]",—|-|IH|LD|D12|O|N|N|OFF|OFF|N|OFF|D/E|WO|지원|PO|LD|E|SD|N|OFF|OFF|OFF|E|O|E|PH|ED|P|LD,—|-|Ih|Ld|D12|O|n|N|OFF|OFF|N|off|D/E|WO|지원|PO|LD|E|SD|N|OFF|off|OFF|E|O|E|Ph|ED|P|LD,A13,images/schedule_0002_clean_grid.png
schedule_0002,clean_grid,2,5,페이지 2/5,schedule_0002,SCHEDULE_0002_R011,11,14,병동,추은영,추,65,60483,秋,bundled_fallback_top100,https://www.rootsinfo.co.kr/info/roots/table_sung15.php,은영,1982,female,30,"[""휴직"", ""off"", ""E"", ""TRN"", ""Off"", ""D"", ""E"", ""ONC"", ""—"", ""P"", ""EXT"", ""SD"", ""MD"", ""ST"", ""D5"", ""DE"", ""RD"", ""H"", ""HL"", ""반차"", ""HELP"", ""X"", ""CSSD"", ""SEM"", ""MID"", ""PO"", ""PO"", ""MC"", ""P"", ""LD""]","[""휴직"", ""OFF"", ""E"", ""tRN"", ""Off"", ""D"", ""E"", ""ONC"", ""—"", ""P"", ""eXt"", ""SD"", ""MD"", ""ST"", ""D5"", ""dE"", ""rd"", ""H"", ""HL"", ""반차"", ""help"", ""X"", ""CSSD"", ""SEM"", ""MID"", ""PO"", ""PO"", ""MC"", ""P"", ""ld""]",휴직|off|E|TRN|Off|D|E|ONC|—|P|EXT|SD|MD|ST|D5|DE|RD|H|HL|반차|HELP|X|CSSD|SEM|MID|PO|PO|MC|P|LD,휴직|OFF|E|tRN|Off|D|E|ONC|—|P|eXt|SD|MD|ST|D5|dE|rd|H|HL|반차|help|X|CSSD|SEM|MID|PO|PO|MC|P|ld,A14,images/schedule_0002_clean_grid.png
schedule_0002,clean_grid,2,5,페이지 2/5,schedule_0002,SCHEDULE_0002_R012,12,15,병동,박은영,박,3,4192074,朴,bundled_fallback_top100,https://www.rootsinfo.co.kr/info/roots/table_sung15.php,은영,1983,female,30,"[""PM"", ""E"", ""E"", ""F"", ""D"", ""D"", ""E"", ""MID"", ""E"", ""F"", ""D12"", ""NA"", ""공가"", ""OFF"", ""PH"", ""S"", ""DB"", ""AM"", ""INT"", ""D5"", ""SD"", ""X"", ""S"", ""A"", ""ONC"", ""PH"", ""—"", ""MID"", ""MID"", ""N""]","[""Pm"", ""e"", ""E"", ""F"", ""D"", ""d"", ""E"", ""MID"", ""E"", ""F"", ""D12"", ""NA"", ""공가"", ""ofF"", ""pH"", ""S"", ""DB"", ""am"", ""INT"", ""D5"", ""SD"", ""X"", ""S"", ""A"", ""ONC"", ""pH"", ""—"", ""MId"", ""MID"", ""N""]",PM|E|E|F|D|D|E|MID|E|F|D12|NA|공가|OFF|PH|S|DB|AM|INT|D5|SD|X|S|A|ONC|PH|—|MID|MID|N,Pm|e|E|F|D|d|E|MID|E|F|D12|NA|공가|ofF|pH|S|DB|am|INT|D5|SD|X|S|A|ONC|pH|—|MId|MID|N,A15,images/schedule_0002_clean_grid.png
schedule_0002,clean_grid,2,5,페이지 2/5,schedule_0002,SCHEDULE_0002_R013,13,16,병동,백지혜,백,28,381986,白,bundled_fallback_top100,https://www.rootsinfo.co.kr/info/roots/table_sung15.php,지혜,1993,female,30,"[""OC"", ""Off"", ""—"", ""O"", ""E"", ""E"", ""O"", ""Off"", ""RD"", ""TRN"", ""NB"", ""PH"", ""RO"", ""RD"", ""O"", ""D"", ""D"", ""D"", ""O"", ""LD"", ""RD"", ""NB"", ""PM"", ""PO"", ""S"", ""대기"", ""RD"", ""N12"", ""SL"", ""DE""]","[""OC"", ""OFf"", ""—"", ""O"", ""e"", ""E"", ""O"", ""Off"", ""Rd"", ""TRN"", ""nB"", ""pH"", ""RO"", ""RD"", ""O"", ""D"", ""D"", ""D"", ""O"", ""LD"", ""rd"", ""NB"", ""PM"", ""PO"", ""s"", ""대기"", ""RD"", ""N12"", ""Sl"", ""DE""]",OC|Off|—|O|E|E|O|Off|RD|TRN|NB|PH|RO|RD|O|D|D|D|O|LD|RD|NB|PM|PO|S|대기|RD|N12|SL|DE,OC|OFf|—|O|e|E|O|Off|Rd|TRN|nB|pH|RO|RD|O|D|D|D|O|LD|rd|NB|PM|PO|s|대기|RD|N12|Sl|DE,A16,images/schedule_0002_clean_grid.png
schedule_0002,clean_grid,2,5,페이지 2/5,schedule_0002,SCHEDULE_0002_R014,14,17,병동,강유정,강,6,1268472,姜|康,bundled_fallback_top100,https://www.rootsinfo.co.kr/info/roots/table_sung15.php,유정,1988,female,30,"[""회의"", ""INT"", ""D/E"", ""BH"", ""NO"", ""DN"", ""DB"", ""NA"", ""DN"", ""P"", ""M"", ""P"", ""PM"", ""AM"", ""보건"", ""E"", ""F"", ""E"", ""E"", ""E"", ""Off"", ""N"", ""NO"", ""H+"", ""OFF"", ""E"", ""O"", ""OFF"", ""LD"", ""CN""]","[""회의"", ""INT"", ""D/E"", ""Bh"", ""NO"", ""DN"", ""DB"", ""NA"", ""DN"", ""P"", ""m"", ""p"", ""Pm"", ""AM"", ""보건"", ""E"", ""F"", ""E"", ""E"", ""e"", ""Off"", ""N"", ""NO"", ""H+"", ""OFF"", ""e"", ""O"", ""OFF"", ""LD"", ""CN""]",회의|INT|D/E|BH|NO|DN|DB|NA|DN|P|M|P|PM|AM|보건|E|F|E|E|E|Off|N|NO|H+|OFF|E|O|OFF|LD|CN,회의|INT|D/E|Bh|NO|DN|DB|NA|DN|P|m|p|Pm|AM|보건|E|F|E|E|e|Off|N|NO|H+|OFF|e|O|OFF|LD|CN,A17,images/schedule_0002_clean_grid.png
schedule_0002,clean_grid,2,5,페이지 2/5,schedule_0002,SCHEDULE_0002_R015,15,18,병동,한성민,한,11,773404,韓,bundled_fallback_top100,https://www.rootsinfo.co.kr/info/roots/table_sung15.php,성민,1998,male,30,"[""-"", ""E"", ""OFF"", ""M"", ""RO"", ""DE"", ""PM"", ""VAC"", ""특휴"", ""WO"", ""MID"", ""D"", ""E"", ""HELP"", ""CALL"", ""-"", ""OF"", ""EL"", ""UPL"", ""—"", ""D5"", ""PACU"", ""N12"", ""N"", ""D"", ""D"", ""O"", ""OFF"", ""E"", ""O""]","[""-"", ""e"", ""OFF"", ""M"", ""RO"", ""dE"", ""pm"", ""VAC"", ""특휴"", ""WO"", ""miD"", ""D"", ""E"", ""HELP"", ""CAll"", ""-"", ""Of"", ""eL"", ""UPL"", ""—"", ""D5"", ""PaCu"", ""N12"", ""n"", ""d"", ""D"", ""O"", ""oFf"", ""e"", ""O""]",-|E|OFF|M|RO|DE|PM|VAC|특휴|WO|MID|D|E|HELP|CALL|-|OF|EL|UPL|—|D5|PACU|N12|N|D|D|O|OFF|E|O,-|e|OFF|M|RO|dE|pm|VAC|특휴|WO|miD|D|E|HELP|CAll|-|Of|eL|UPL|—|D5|PaCu|N12|n|d|D|O|oFf|e|O,A18,images/schedule_0002_clean_grid.png
schedule_0002,clean_grid,2,5,페이지 2/5,schedule_0002,SCHEDULE_0002_R016,16,19,병동,오가영,오,12,763281,吳,bundled_fallback_top100,https://www.rootsinfo.co.kr/info/roots/table_sung15.php,가영,1999,female,30,"[""XA"", ""O"", ""E"", ""E"", ""O"", ""O"", ""E"", ""E"", ""O"", ""NB"", ""BH"", ""P"", ""off"", ""SD"", ""H"", ""WO"", ""X"", ""D12"", ""P"", ""D/E"", ""지원"", ""E"", ""E"", ""E"", ""N"", ""휴가"", ""AM"", ""N"", ""D"", ""OFF""]","[""XA"", ""O"", ""E"", ""E"", ""o"", ""O"", ""E"", ""E"", ""O"", ""NB"", ""BH"", ""P"", ""oFF"", ""SD"", ""h"", ""wO"", ""X"", ""d12"", ""P"", ""d/e"", ""지원"", ""E"", ""E"", ""E"", ""n"", ""휴가"", ""AM"", ""N"", ""D"", ""OFF""]",XA|O|E|E|O|O|E|E|O|NB|BH|P|off|SD|H|WO|X|D12|P|D/E|지원|E|E|E|N|휴가|AM|N|D|OFF,XA|O|E|E|o|O|E|E|O|NB|BH|P|oFF|SD|h|wO|X|d12|P|d/e|지원|E|E|E|n|휴가|AM|N|D|OFF,A19,images/schedule_0002_clean_grid.png
schedule_0002,clean_grid,2,5,페이지 2/5,schedule_0002,SCHEDULE_0002_R017,17,20,병동,하은지,하,35,230481,河,bundled_fallback_top100,https://www.rootsinfo.co.kr/info/roots/table_sung15.php,은지,1984,female,30,"[""E"", ""F"", ""f"", ""D"", ""O"", ""N"", ""OFF"", ""T"", ""PM"", ""OF"", ""WO"", ""M"", ""PM"", ""E"", ""N12"", ""ONC"", ""AM"", ""X"", ""휴무"", ""PM"", ""D5"", ""D"", ""D"", ""F"", ""N"", ""NO"", ""PO"", ""D12"", ""OF"", ""DB""]","[""E"", ""F"", ""f"", ""D"", ""O"", ""N"", ""OFF"", ""T"", ""pM"", ""OF"", ""WO"", ""M"", ""pM"", ""E"", ""N12"", ""ONC"", ""AM"", ""X"", ""휴무"", ""PM"", ""D5"", ""D"", ""D"", ""F"", ""N"", ""NO"", ""PO"", ""d12"", ""of"", ""DB""]",E|F|f|D|O|N|OFF|T|PM|OF|WO|M|PM|E|N12|ONC|AM|X|휴무|PM|D5|D|D|F|N|NO|PO|D12|OF|DB,E|F|f|D|O|N|OFF|T|pM|OF|WO|M|pM|E|N12|ONC|AM|X|휴무|PM|D5|D|D|F|N|NO|PO|d12|of|DB,A20,images/schedule_0002_clean_grid.png
schedule_0002,clean_grid,2,5,페이지 2/5,schedule_0002,SCHEDULE_0002_R018,18,21,병동,백옥희,백,28,381986,白,bundled_fallback_top100,https://www.rootsinfo.co.kr/info/roots/table_sung15.php,옥희,1972,female,30,"[""AM"", ""OH"", ""CH"", ""D/E"", ""DH"", ""OPD"", ""UPL"", ""SL"", ""D12"", ""A"", ""DN"", ""MD"", ""DE"", ""S"", ""O"", ""N"", ""N"", ""Off"", ""O"", ""WO"", ""UPL"", ""D12"", ""D"", ""F"", ""N"", ""N"", ""N"", ""S"", ""M"", ""휴직""]","[""AM"", ""OH"", ""CH"", ""d/e"", ""DH"", ""OPD"", ""upl"", ""sL"", ""D12"", ""A"", ""dN"", ""mD"", ""dE"", ""S"", ""O"", ""N"", ""n"", ""Off"", ""o"", ""WO"", ""UPL"", ""D12"", ""D"", ""F"", ""n"", ""N"", ""n"", ""s"", ""m"", ""휴직""]",AM|OH|CH|D/E|DH|OPD|UPL|SL|D12|A|DN|MD|DE|S|O|N|N|Off|O|WO|UPL|D12|D|F|N|N|N|S|M|휴직,AM|OH|CH|d/e|DH|OPD|upl|sL|D12|A|dN|mD|dE|S|O|N|n|Off|o|WO|UPL|D12|D|F|n|N|n|s|m|휴직,A21,images/schedule_0002_clean_grid.png
schedule_0002,clean_grid,2,5,페이지 2/5,schedule_0002,SCHEDULE_0002_R019,19,22,병동,위은지,위,78,31342,魏,bundled_fallback_top100,https://www.rootsinfo.co.kr/info/roots/table_sung15.php,은지,2002,female,30,"[""RD"", ""A"", ""OC"", ""DE"", ""OF"", ""DB"", ""AO"", ""N"", ""WO"", ""DE"", ""LV"", ""AMH"", ""PM"", ""N12"", ""SB"", ""M"", ""D"", ""F"", ""E"", ""P"", ""DN"", ""D12"", ""MC"", ""D"", ""O"", ""O"", ""O"", ""OFF"", ""MID"", ""LD""]","[""rD"", ""A"", ""Oc"", ""DE"", ""OF"", ""dB"", ""aO"", ""n"", ""WO"", ""DE"", ""LV"", ""Amh"", ""PM"", ""n12"", ""SB"", ""M"", ""d"", ""F"", ""e"", ""P"", ""DN"", ""d12"", ""mC"", ""D"", ""O"", ""o"", ""o"", ""OFF"", ""MID"", ""Ld""]",RD|A|OC|DE|OF|DB|AO|N|WO|DE|LV|AMH|PM|N12|SB|M|D|F|E|P|DN|D12|MC|D|O|O|O|OFF|MID|LD,rD|A|Oc|DE|OF|dB|aO|n|WO|DE|LV|Amh|PM|n12|SB|M|d|F|e|P|DN|d12|mC|D|O|o|o|OFF|MID|Ld,A22,images/schedule_0002_clean_grid.png
schedule_0002,clean_grid,2,5,페이지 2/5,schedule_0002,SCHEDULE_0002_R020,20,23,병동,서옥희,서,13,751704,徐,bundled_fallback_top100,https://www.rootsinfo.co.kr/info/roots/table_sung15.php,옥희,1973,female,30,"[""E"", ""당직"", ""LD"", ""MD"", ""MID"", ""DB"", ""E"", ""N"", ""NO"", ""LD"", ""PM"", ""D12"", ""AL"", ""UL"", ""ICU"", ""D"", ""OFF"", ""O"", ""E"", ""O"", ""N"", ""N"", ""D"", ""E"", ""F"", ""E"", ""공"", ""파견"", ""A"", ""특""]","[""E"", ""당직"", ""LD"", ""MD"", ""MID"", ""DB"", ""E"", ""n"", ""NO"", ""LD"", ""pm"", ""D12"", ""aL"", ""UL"", ""iCu"", ""D"", ""OFF"", ""O"", ""E"", ""O"", ""N"", ""N"", ""d"", ""e"", ""F"", ""E"", ""공"", ""파견"", ""A"", ""특""]",E|당직|LD|MD|MID|DB|E|N|NO|LD|PM|D12|AL|UL|ICU|D|OFF|O|E|O|N|N|D|E|F|E|공|파견|A|특,E|당직|LD|MD|MID|DB|E|n|NO|LD|pm|D12|aL|UL|iCu|D|OFF|O|E|O|N|N|d|e|F|E|공|파견|A|특,A23,images/schedule_0002_clean_grid.png
schedule_0002,clean_grid,2,5,페이지 2/5,schedule_0002,SCHEDULE_0002_R021,21,24,병동,송은정,송,18,683494,宋,bundled_fallback_top100,https://www.rootsinfo.co.kr/info/roots/table_sung15.php,은정,1980,female,30,"[""AO"", ""Off"", ""TL"", ""M"", ""DN"", ""DE"", ""D"", ""D"", ""EDU"", ""D5"", ""—"", ""A/L"", ""NB"", ""D"", ""D"", ""E"", ""F"", ""N"", ""D5"", ""N"", ""OFF"", ""N"", ""NO"", ""DE"", ""AO"", ""STBY"", ""DH"", ""D"", ""F"", ""F""]","[""ao"", ""Off"", ""tl"", ""M"", ""DN"", ""DE"", ""d"", ""D"", ""eDU"", ""d5"", ""—"", ""A/L"", ""NB"", ""D"", ""D"", ""e"", ""F"", ""N"", ""D5"", ""N"", ""OFf"", ""N"", ""NO"", ""DE"", ""ao"", ""STBY"", ""dH"", ""D"", ""F"", ""F""]",AO|Off|TL|M|DN|DE|D|D|EDU|D5|—|A/L|NB|D|D|E|F|N|D5|N|OFF|N|NO|DE|AO|STBY|DH|D|F|F,ao|Off|tl|M|DN|DE|d|D|eDU|d5|—|A/L|NB|D|D|e|F|N|D5|N|OFf|N|NO|DE|ao|STBY|dH|D|F|F,A24,images/schedule_0002_clean_grid.png
schedule_0002,clean_grid,2,5,페이지 2/5,schedule_0002,SCHEDULE_0002_R022,22,25,병동,이복순,이,2,7306828,李,bundled_fallback_top100,https://www.rootsinfo.co.kr/info/roots/table_sung15.php,복순,1969,female,30,"[""CB"", ""MD"", ""LV"", ""X"", ""PM"", ""O"", ""PO"", ""O"", ""XA"", ""OFF"", ""D"", ""ML"", ""D5"", ""D/E"", ""RO"", ""NA"", ""E"", ""AO"", ""AMH"", ""D12"", ""CN"", ""TL"", ""DE"", ""LD"", ""VL"", ""DB"", ""NO"", ""D12"", ""DE"", ""MAT""]","[""CB"", ""MD"", ""Lv"", ""X"", ""PM"", ""O"", ""PO"", ""O"", ""Xa"", ""oFF"", ""D"", ""ML"", ""d5"", ""D/e"", ""RO"", ""NA"", ""E"", ""AO"", ""AMH"", ""D12"", ""cN"", ""tL"", ""DE"", ""LD"", ""VL"", ""DB"", ""No"", ""D12"", ""DE"", ""MAT""]",CB|MD|LV|X|PM|O|PO|O|XA|OFF|D|ML|D5|D/E|RO|NA|E|AO|AMH|D12|CN|TL|DE|LD|VL|DB|NO|D12|DE|MAT,CB|MD|Lv|X|PM|O|PO|O|Xa|oFF|D|ML|d5|D/e|RO|NA|E|AO|AMH|D12|cN|tL|DE|LD|VL|DB|No|D12|DE|MAT,A25,images/schedule_0002_clean_grid.png
schedule_0002,clean_grid,2,5,페이지 2/5,schedule_0002,SCHEDULE_0002_R023,23,26,병동,김수진,김,1,10689959,金,bundled_fallback_top100,https://www.rootsinfo.co.kr/info/roots/table_sung15.php,수진,1992,female,30,"[""WO"", ""M"", ""—"", ""N"", ""N"", ""MD"", ""ON"", ""당"", ""AM"", ""IH"", ""AM"", ""Off"", ""O"", ""OFF"", ""N"", ""EXT"", ""E"", ""MD"", ""WO"", ""P"", ""DB"", ""OF"", ""DO"", ""AO"", ""N12"", ""H"", ""지원"", ""off"", ""D"", ""OFF""]","[""WO"", ""M"", ""—"", ""n"", ""N"", ""MD"", ""ON"", ""당"", ""AM"", ""IH"", ""AM"", ""Off"", ""O"", ""OFF"", ""N"", ""EXt"", ""E"", ""MD"", ""WO"", ""P"", ""dB"", ""OF"", ""DO"", ""AO"", ""n12"", ""H"", ""지원"", ""off"", ""D"", ""off""]",WO|M|—|N|N|MD|ON|당|AM|IH|AM|Off|O|OFF|N|EXT|E|MD|WO|P|DB|OF|DO|AO|N12|H|지원|off|D|OFF,WO|M|—|n|N|MD|ON|당|AM|IH|AM|Off|O|OFF|N|EXt|E|MD|WO|P|dB|OF|DO|AO|n12|H|지원|off|D|off,A26,images/schedule_0002_clean_grid.png
schedule_0002,clean_grid,2,5,페이지 2/5,schedule_0002,SCHEDULE_0002_R024,24,27,병동,장민정,장,9,1014229,張|蔣,bundled_fallback_top100,https://www.rootsinfo.co.kr/info/roots/table_sung15.php,민정,1984,female,30,"[""N"", ""N"", ""DB"", ""O"", ""O"", ""S"", ""당직"", ""AM"", ""SD"", ""NB"", ""DN"", ""MID"", ""N12"", ""WS"", ""—"", ""D12"", ""X"", ""PM"", ""MID"", ""OFF"", ""E"", ""E"", ""NPL"", ""N"", ""OFF"", ""O"", ""S"", ""M"", ""UPL"", ""D/E""]","[""N"", ""n"", ""DB"", ""o"", ""O"", ""S"", ""당직"", ""AM"", ""SD"", ""NB"", ""DN"", ""Mid"", ""N12"", ""Ws"", ""—"", ""D12"", ""X"", ""PM"", ""MID"", ""OFF"", ""E"", ""E"", ""npL"", ""N"", ""off"", ""o"", ""S"", ""M"", ""UPL"", ""D/E""]",N|N|DB|O|O|S|당직|AM|SD|NB|DN|MID|N12|WS|—|D12|X|PM|MID|OFF|E|E|NPL|N|OFF|O|S|M|UPL|D/E,N|n|DB|o|O|S|당직|AM|SD|NB|DN|Mid|N12|Ws|—|D12|X|PM|MID|OFF|E|E|npL|N|off|o|S|M|UPL|D/E,A27,images/schedule_0002_clean_grid.png
schedule_0002,clean_grid,2,5,페이지 2/5,schedule_0002,SCHEDULE_0002_R025,25,28,병동,김유빈,김,1,10689959,金,bundled_fallback_top100,https://www.rootsinfo.co.kr/info/roots/table_sung15.php,유빈,2004,female,30,"[""A"", ""DB"", ""A"", ""PO"", ""P"", ""PM"", ""D"", ""중"", ""D"", ""O"", ""O"", ""O"", ""DN"", ""RD"", ""N12"", ""DE"", ""RO"", ""D12"", ""M"", ""D5"", ""RD"", ""MD"", ""육"", ""Off"", ""D"", ""D"", ""N12"", ""DB"", ""LD"", ""RD""]","[""A"", ""dB"", ""A"", ""po"", ""P"", ""PM"", ""D"", ""중"", ""D"", ""O"", ""o"", ""o"", ""DN"", ""RD"", ""N12"", ""DE"", ""RO"", ""D12"", ""M"", ""D5"", ""RD"", ""md"", ""육"", ""Off"", ""d"", ""D"", ""N12"", ""DB"", ""LD"", ""RD""]",A|DB|A|PO|P|PM|D|중|D|O|O|O|DN|RD|N12|DE|RO|D12|M|D5|RD|MD|육|Off|D|D|N12|DB|LD|RD,A|dB|A|po|P|PM|D|중|D|O|o|o|DN|RD|N12|DE|RO|D12|M|D5|RD|md|육|Off|d|D|N12|DB|LD|RD,A28,images/schedule_0002_clean_grid.png
schedule_0002,clean_grid,2,5,페이지 2/5,schedule_0002,SCHEDULE_0002_R026,26,29,병동,정미숙,정,5,2395682,鄭|丁,bundled_fallback_top100,https://www.rootsinfo.co.kr/info/roots/table_sung15.php,미숙,1967,female,30,"[""M"", ""PMH"", ""비번"", ""D/E"", ""ON"", ""RD"", ""MID"", ""UN"", ""P"", ""M"", ""AM"", ""LD"", ""RD"", ""회의"", ""RD"", ""PO"", ""EL"", ""S"", ""MID"", ""D5"", ""OFF"", ""O"", ""D"", ""E"", ""반"", ""MD"", ""LD"", ""NA"", ""X"", ""D12""]","[""M"", ""PMH"", ""비번"", ""D/E"", ""ON"", ""RD"", ""MId"", ""UN"", ""p"", ""M"", ""AM"", ""lD"", ""RD"", ""회의"", ""RD"", ""Po"", ""EL"", ""S"", ""MID"", ""d5"", ""OFF"", ""O"", ""D"", ""E"", ""반"", ""MD"", ""LD"", ""na"", ""x"", ""D12""]",M|PMH|비번|D/E|ON|RD|MID|UN|P|M|AM|LD|RD|회의|RD|PO|EL|S|MID|D5|OFF|O|D|E|반|MD|LD|NA|X|D12,M|PMH|비번|D/E|ON|RD|MId|UN|p|M|AM|lD|RD|회의|RD|Po|EL|S|MID|d5|OFF|O|D|E|반|MD|LD|na|x|D12,A29,images/schedule_0002_clean_grid.png
schedule_0002,clean_grid,2,5,페이지 2/5,schedule_0002,SCHEDULE_0002_R027,27,30,병동,서진우,서,13,751704,徐,bundled_fallback_top100,https://www.rootsinfo.co.kr/info/roots/table_sung15.php,진우,1988,male,30,"[""ADO"", ""D"", ""공"", ""DE"", ""X"", ""DB"", ""DE"", ""보건휴가"", ""LD"", ""NA"", ""O"", ""D"", ""D"", ""MD"", ""RO"", ""P"", ""PO"", ""AM"", ""WO"", ""STBY"", ""OFF"", ""LD"", ""M"", ""EL"", ""D5"", ""M"", ""D12"", ""PO"", ""D/E"", ""O""]","[""ADO"", ""d"", ""공"", ""de"", ""X"", ""DB"", ""De"", ""보건휴가"", ""Ld"", ""NA"", ""o"", ""d"", ""D"", ""mD"", ""RO"", ""p"", ""PO"", ""AM"", ""WO"", ""STBY"", ""OFF"", ""LD"", ""M"", ""eL"", ""D5"", ""m"", ""D12"", ""PO"", ""D/E"", ""O""]",ADO|D|공|DE|X|DB|DE|보건휴가|LD|NA|O|D|D|MD|RO|P|PO|AM|WO|STBY|OFF|LD|M|EL|D5|M|D12|PO|D/E|O,ADO|d|공|de|X|DB|De|보건휴가|Ld|NA|o|d|D|mD|RO|p|PO|AM|WO|STBY|OFF|LD|M|eL|D5|m|D12|PO|D/E|O,A30,images/schedule_0002_clean_grid.png
schedule_0002,clean_grid,2,5,페이지 2/5,schedule_0002,SCHEDULE_0002_R028,28,31,병동,권정호,권,15,705941,權,bundled_fallback_top100,https://www.rootsinfo.co.kr/info/roots/table_sung15.php,정호,1971,male,30,"[""PO"", ""RO"", ""-"", ""P"", ""DE"", ""DB"", ""휴무"", ""PO"", ""CONF"", ""교"", ""MID"", ""D"", ""F"", ""F"", ""OH"", ""F"", ""f"", ""D"", ""OFF"", ""O"", ""O"", ""PH"", ""DN"", ""EXT"", ""MID"", ""EL"", ""ANL"", ""E"", ""OFF"", ""O""]","[""Po"", ""ro"", ""-"", ""P"", ""De"", ""DB"", ""휴무"", ""PO"", ""CONF"", ""교"", ""MID"", ""D"", ""F"", ""F"", ""oh"", ""F"", ""f"", ""d"", ""OFF"", ""O"", ""O"", ""PH"", ""DN"", ""EXt"", ""MID"", ""EL"", ""AnL"", ""E"", ""OFF"", ""O""]",PO|RO|-|P|DE|DB|휴무|PO|CONF|교|MID|D|F|F|OH|F|f|D|OFF|O|O|PH|DN|EXT|MID|EL|ANL|E|OFF|O,Po|ro|-|P|De|DB|휴무|PO|CONF|교|MID|D|F|F|oh|F|f|d|OFF|O|O|PH|DN|EXt|MID|EL|AnL|E|OFF|O,A31,images/schedule_0002_clean_grid.png
schedule_0002,clean_grid,2,5,페이지 2/5,schedule_0002,SCHEDULE_0002_R029,29,32,병동,최정숙,최,4,2333927,崔,bundled_fallback_top100,https://www.rootsinfo.co.kr/info/roots/table_sung15.php,정숙,1970,female,30,"[""O"", ""PO"", ""특별휴가"", ""O"", ""특휴"", ""HELP"", ""보건"", ""N"", ""N"", ""OFF"", ""MD"", ""특휴"", ""D/E"", ""OH"", ""ICU"", ""D"", ""E"", ""F"", ""-"", ""MID"", ""OFF"", ""E"", ""N"", ""F"", ""F"", ""WS"", ""OFF"", ""D"", ""E"", ""E""]","[""O"", ""pO"", ""특별휴가"", ""O"", ""특휴"", ""hELp"", ""보건"", ""N"", ""N"", ""OFF"", ""MD"", ""특휴"", ""D/E"", ""OH"", ""ICu"", ""D"", ""E"", ""F"", ""-"", ""mID"", ""off"", ""E"", ""N"", ""F"", ""F"", ""WS"", ""Off"", ""D"", ""E"", ""e""]",O|PO|특별휴가|O|특휴|HELP|보건|N|N|OFF|MD|특휴|D/E|OH|ICU|D|E|F|-|MID|OFF|E|N|F|F|WS|OFF|D|E|E,O|pO|특별휴가|O|특휴|hELp|보건|N|N|OFF|MD|특휴|D/E|OH|ICu|D|E|F|-|mID|off|E|N|F|F|WS|Off|D|E|e,A32,images/schedule_0002_clean_grid.png
schedule_0002,clean_grid,2,5,페이지 2/5,schedule_0002,SCHEDULE_0002_R030,30,33,병동,고미경,고,22,471396,高,bundled_fallback_top100,https://www.rootsinfo.co.kr/info/roots/table_sung15.php,미경,1973,female,30,"[""N"", ""NO"", ""DE"", ""M"", ""CONF"", ""D5"", ""ADO"", ""PO"", ""N12"", ""BH"", ""MID"", ""LD"", ""NO"", ""IH"", ""BH"", ""D"", ""D"", ""D"", ""D"", ""D"", ""D"", ""E"", ""OFF"", ""N"", ""NO"", ""S"", ""EL"", ""-"", ""AM"", ""OF""]","[""N"", ""NO"", ""de"", ""M"", ""COnf"", ""D5"", ""ADO"", ""PO"", ""N12"", ""BH"", ""mId"", ""lD"", ""no"", ""IH"", ""BH"", ""D"", ""D"", ""d"", ""D"", ""D"", ""D"", ""E"", ""OFF"", ""N"", ""nO"", ""s"", ""EL"", ""-"", ""AM"", ""OF""]",N|NO|DE|M|CONF|D5|ADO|PO|N12|BH|MID|LD|NO|IH|BH|D|D|D|D|D|D|E|OFF|N|NO|S|EL|-|AM|OF,N|NO|de|M|COnf|D5|ADO|PO|N12|BH|mId|lD|no|IH|BH|D|D|d|D|D|D|E|OFF|N|nO|s|EL|-|AM|OF,A33,images/schedule_0002_clean_grid.png
schedule_0003,highlighted_grid,3,5,페이지 3/5,schedule_0003,SCHEDULE_0003_R001,1,4,병동,오정훈,오,12,763281,吳,bundled_fallback_top100,https://www.rootsinfo.co.kr/info/roots/table_sung15.php,정훈,1993,male,31,"[""DN"", ""D12"", ""D5"", ""RO"", ""—"", ""P"", ""OFF"", ""OFF"", ""A"", ""—"", ""PO"", ""S"", ""AO"", ""NPL"", ""UPL"", ""O"", ""D"", ""D"", ""OFF"", ""E"", ""M"", ""AMH"", ""육"", ""D/E"", ""PH"", ""N"", ""NO"", ""RD"", ""SH"", ""WS"", ""AM""]","[""DN"", ""d12"", ""D5"", ""ro"", ""—"", ""p"", ""OFF"", ""OFF"", ""A"", ""—"", ""Po"", ""S"", ""AO"", ""NPL"", ""UPL"", ""O"", ""d"", ""D"", ""Off"", ""E"", ""M"", ""AMH"", ""육"", ""D/E"", ""PH"", ""N"", ""no"", ""RD"", ""SH"", ""ws"", ""Am""]",DN|D12|D5|RO|—|P|OFF|OFF|A|—|PO|S|AO|NPL|UPL|O|D|D|OFF|E|M|AMH|육|D/E|PH|N|NO|RD|SH|WS|AM,DN|d12|D5|ro|—|p|OFF|OFF|A|—|Po|S|AO|NPL|UPL|O|d|D|Off|E|M|AMH|육|D/E|PH|N|no|RD|SH|ws|Am,A4,images/schedule_0003_highlighted_grid.png
schedule_0003,highlighted_grid,3,5,페이지 3/5,schedule_0003,SCHEDULE_0003_R002,2,5,병동,홍복순,홍,20,558853,洪,bundled_fallback_top100,https://www.rootsinfo.co.kr/info/roots/table_sung15.php,복순,1972,female,31,"[""D5"", ""A"", ""LV"", ""D5"", ""HL"", ""HELP"", ""CALL"", ""A"", ""DE"", ""M"", ""-"", ""RO"", ""E"", ""O"", ""-"", ""D"", ""-"", ""off"", ""S"", ""DE"", ""CL"", ""MD"", ""E"", ""반"", ""LD"", ""중"", ""PH"", ""ICU"", ""ADO"", ""OH"", ""PM""]","[""d5"", ""A"", ""lv"", ""D5"", ""HL"", ""Help"", ""CaLL"", ""A"", ""DE"", ""m"", ""-"", ""RO"", ""E"", ""O"", ""-"", ""d"", ""-"", ""OfF"", ""s"", ""dE"", ""Cl"", ""Md"", ""e"", ""반"", ""LD"", ""중"", ""PH"", ""ICu"", ""ado"", ""OH"", ""PM""]",D5|A|LV|D5|HL|HELP|CALL|A|DE|M|-|RO|E|O|-|D|-|off|S|DE|CL|MD|E|반|LD|중|PH|ICU|ADO|OH|PM,d5|A|lv|D5|HL|Help|CaLL|A|DE|m|-|RO|E|O|-|d|-|OfF|s|dE|Cl|Md|e|반|LD|중|PH|ICu|ado|OH|PM,A5,images/schedule_0003_highlighted_grid.png
schedule_0003,highlighted_grid,3,5,페이지 3/5,schedule_0003,SCHEDULE_0003_R003,3,6,병동,편순희,편,100,16689,片,bundled_fallback_top100,https://www.rootsinfo.co.kr/info/roots/table_sung15.php,순희,1966,female,31,"[""N12"", ""S"", ""LV"", ""노"", ""DB"", ""NA"", ""N"", ""F"", ""OC"", ""F"", ""F"", ""F"", ""E"", ""E"", ""E"", ""E"", ""F"", ""f"", ""E"", ""N"", ""NO"", ""C"", ""D/E"", ""출장"", ""DE"", ""D"", ""D"", ""DE"", ""PO"", ""AM"", ""OC""]","[""N12"", ""S"", ""lv"", ""노"", ""Db"", ""na"", ""N"", ""f"", ""OC"", ""F"", ""F"", ""F"", ""E"", ""E"", ""E"", ""E"", ""f"", ""f"", ""E"", ""n"", ""NO"", ""C"", ""D/E"", ""출장"", ""DE"", ""D"", ""D"", ""DE"", ""PO"", ""AM"", ""oc""]",N12|S|LV|노|DB|NA|N|F|OC|F|F|F|E|E|E|E|F|f|E|N|NO|C|D/E|출장|DE|D|D|DE|PO|AM|OC,N12|S|lv|노|Db|na|N|f|OC|F|F|F|E|E|E|E|f|f|E|n|NO|C|D/E|출장|DE|D|D|DE|PO|AM|oc,A6,images/schedule_0003_highlighted_grid.png
schedule_0003,highlighted_grid,3,5,페이지 3/5,schedule_0003,SCHEDULE_0003_R004,4,7,병동,류경숙,류,47,163703,柳,bundled_fallback_top100,https://www.rootsinfo.co.kr/info/roots/table_sung15.php,경숙,1968,female,31,"[""DE"", ""VAC"", ""S"", ""D12"", ""OF"", ""노조"", ""S"", ""DE"", ""DN"", ""P"", ""-"", ""AM"", ""PM"", ""WO"", ""D12"", ""SD"", ""D5"", ""X"", ""MID"", ""ADO"", ""SUP"", ""H"", ""NA"", ""OFF"", ""D"", ""D"", ""AM"", ""—"", ""NA"", ""ADO"", ""PM""]","[""DE"", ""VAC"", ""s"", ""D12"", ""oF"", ""노조"", ""S"", ""DE"", ""DN"", ""P"", ""-"", ""am"", ""PM"", ""WO"", ""D12"", ""sd"", ""D5"", ""x"", ""MID"", ""aDo"", ""SUP"", ""h"", ""NA"", ""OFF"", ""D"", ""D"", ""Am"", ""—"", ""NA"", ""ADO"", ""PM""]",DE|VAC|S|D12|OF|노조|S|DE|DN|P|-|AM|PM|WO|D12|SD|D5|X|MID|ADO|SUP|H|NA|OFF|D|D|AM|—|NA|ADO|PM,DE|VAC|s|D12|oF|노조|S|DE|DN|P|-|am|PM|WO|D12|sd|D5|x|MID|aDo|SUP|h|NA|OFF|D|D|Am|—|NA|ADO|PM,A7,images/schedule_0003_highlighted_grid.png
schedule_0003,highlighted_grid,3,5,페이지 3/5,schedule_0003,SCHEDULE_0003_R005,5,8,병동,곽영미,곽,36,203188,郭,bundled_fallback_top100,https://www.rootsinfo.co.kr/info/roots/table_sung15.php,영미,1983,female,31,"[""IH"", ""AM"", ""S"", ""Off"", ""D"", ""OFF"", ""D"", ""Off"", ""E"", ""N12"", ""DN"", ""NO"", ""off"", ""O"", ""E"", ""N"", ""OFF"", ""E"", ""OFF"", ""N"", ""O"", ""D"", ""D"", ""E"", ""E"", ""보건"", ""O"", ""OFF"", ""OFF"", ""E"", ""O""]","[""IH"", ""am"", ""s"", ""Off"", ""D"", ""OFF"", ""D"", ""Off"", ""E"", ""N12"", ""DN"", ""No"", ""off"", ""O"", ""E"", ""n"", ""OFF"", ""E"", ""OFF"", ""N"", ""O"", ""D"", ""d"", ""e"", ""E"", ""보건"", ""O"", ""OFF"", ""OFF"", ""e"", ""O""]",IH|AM|S|Off|D|OFF|D|Off|E|N12|DN|NO|off|O|E|N|OFF|E|OFF|N|O|D|D|E|E|보건|O|OFF|OFF|E|O,IH|am|s|Off|D|OFF|D|Off|E|N12|DN|No|off|O|E|n|OFF|E|OFF|N|O|D|d|e|E|보건|O|OFF|OFF|e|O,A8,images/schedule_0003_highlighted_grid.png
schedule_0003,highlighted_grid,3,5,페이지 3/5,schedule_0003,SCHEDULE_0003_R006,6,9,병동,윤영수,윤,8,1020547,尹,bundled_fallback_top100,https://www.rootsinfo.co.kr/info/roots/table_sung15.php,영수,1972,male,31,"[""A"", ""LD"", ""ML"", ""D5"", ""MID"", ""D5"", ""ICU"", ""RD"", ""출장"", ""S/L"", ""H+"", ""O/C"", ""PH"", ""SL"", ""P"", ""NO"", ""NPL"", ""NA"", ""HL"", ""NO"", ""MD"", ""E"", ""OFF"", ""N"", ""F"", ""NPL"", ""A"", ""INT"", ""M"", ""H"", ""DB""]","[""a"", ""LD"", ""ML"", ""d5"", ""MID"", ""d5"", ""iCu"", ""rD"", ""출장"", ""S/L"", ""H+"", ""O/c"", ""Ph"", ""Sl"", ""p"", ""NO"", ""NPL"", ""NA"", ""HL"", ""No"", ""md"", ""e"", ""oFf"", ""N"", ""F"", ""nPl"", ""A"", ""INT"", ""m"", ""H"", ""DB""]",A|LD|ML|D5|MID|D5|ICU|RD|출장|S/L|H+|O/C|PH|SL|P|NO|NPL|NA|HL|NO|MD|E|OFF|N|F|NPL|A|INT|M|H|DB,a|LD|ML|d5|MID|d5|iCu|rD|출장|S/L|H+|O/c|Ph|Sl|p|NO|NPL|NA|HL|No|md|e|oFf|N|F|nPl|A|INT|m|H|DB,A9,images/schedule_0003_highlighted_grid.png
schedule_0003,highlighted_grid,3,5,페이지 3/5,schedule_0003,SCHEDULE_0003_R007,7,10,병동,신주연,신,14,985823,申|辛|愼,bundled_fallback_top100,https://www.rootsinfo.co.kr/info/roots/table_sung15.php,주연,2001,female,31,"[""off"", ""X"", ""파견"", ""MD"", ""T"", ""PO"", ""MD"", ""DL"", ""N"", ""F"", ""AM"", ""N"", ""NO"", ""D5"", ""노조휴가"", ""MD"", ""DE"", ""특별휴가"", ""VL"", ""D/E"", ""STL"", ""DE"", ""N12"", ""S/L"", ""DB"", ""D5"", ""OF"", ""DN"", ""M"", ""HLP"", ""CN""]","[""OfF"", ""X"", ""파견"", ""md"", ""t"", ""PO"", ""mD"", ""DL"", ""N"", ""F"", ""AM"", ""n"", ""NO"", ""D5"", ""노조휴가"", ""MD"", ""DE"", ""특별휴가"", ""VL"", ""d/e"", ""StL"", ""DE"", ""N12"", ""S/L"", ""DB"", ""D5"", ""Of"", ""DN"", ""M"", ""HLP"", ""CN""]",off|X|파견|MD|T|PO|MD|DL|N|F|AM|N|NO|D5|노조휴가|MD|DE|특별휴가|VL|D/E|STL|DE|N12|S/L|DB|D5|OF|DN|M|HLP|CN,OfF|X|파견|md|t|PO|mD|DL|N|F|AM|n|NO|D5|노조휴가|MD|DE|특별휴가|VL|d/e|StL|DE|N12|S/L|DB|D5|Of|DN|M|HLP|CN,A10,images/schedule_0003_highlighted_grid.png
schedule_0003,highlighted_grid,3,5,페이지 3/5,schedule_0003,SCHEDULE_0003_R008,8,11,병동,구현우,구,41,193080,具,bundled_fallback_top100,https://www.rootsinfo.co.kr/info/roots/table_sung15.php,현우,1990,male,31,"[""D"", ""Off"", ""O"", ""N"", ""N"", ""P"", ""PO"", ""AM"", ""OR"", ""N12"", ""D5"", ""HLP"", ""P"", ""M"", ""PM"", ""PMH"", ""OT"", ""D5"", ""off"", ""N"", ""N"", ""MTG"", ""DE"", ""SEM"", ""MID"", ""VL"", ""NB"", ""X"", ""M"", ""DE"", ""N12""]","[""d"", ""Off"", ""O"", ""N"", ""N"", ""P"", ""PO"", ""AM"", ""OR"", ""N12"", ""D5"", ""HLP"", ""P"", ""M"", ""PM"", ""PMH"", ""OT"", ""D5"", ""oFF"", ""N"", ""N"", ""MTG"", ""de"", ""seM"", ""MID"", ""VL"", ""NB"", ""X"", ""M"", ""DE"", ""N12""]",D|Off|O|N|N|P|PO|AM|OR|N12|D5|HLP|P|M|PM|PMH|OT|D5|off|N|N|MTG|DE|SEM|MID|VL|NB|X|M|DE|N12,d|Off|O|N|N|P|PO|AM|OR|N12|D5|HLP|P|M|PM|PMH|OT|D5|oFF|N|N|MTG|de|seM|MID|VL|NB|X|M|DE|N12,A11,images/schedule_0003_highlighted_grid.png
schedule_0003,highlighted_grid,3,5,페이지 3/5,schedule_0003,SCHEDULE_0003_R009,9,12,병동,강수진,강,6,1268472,姜|康,bundled_fallback_top100,https://www.rootsinfo.co.kr/info/roots/table_sung15.php,수진,1984,female,31,"[""HL"", ""당"", ""D12"", ""AMH"", ""D12"", ""CCL"", ""RO"", ""HELP"", ""D/E"", ""DO"", ""SD"", ""DH"", ""H"", ""OFF"", ""D"", ""D"", ""D"", ""HELP"", ""N12"", ""-"", ""MID"", ""H"", ""P"", ""휴가"", ""F"", ""N"", ""O"", ""OFF"", ""E"", ""E"", ""VAC""]","[""HL"", ""당"", ""D12"", ""AMH"", ""D12"", ""CcL"", ""Ro"", ""HELP"", ""D/E"", ""DO"", ""sd"", ""DH"", ""h"", ""OfF"", ""D"", ""D"", ""D"", ""HElP"", ""n12"", ""-"", ""mID"", ""H"", ""P"", ""휴가"", ""f"", ""n"", ""O"", ""OFF"", ""E"", ""e"", ""VAc""]",HL|당|D12|AMH|D12|CCL|RO|HELP|D/E|DO|SD|DH|H|OFF|D|D|D|HELP|N12|-|MID|H|P|휴가|F|N|O|OFF|E|E|VAC,HL|당|D12|AMH|D12|CcL|Ro|HELP|D/E|DO|sd|DH|h|OfF|D|D|D|HElP|n12|-|mID|H|P|휴가|f|n|O|OFF|E|e|VAc,A12,images/schedule_0003_highlighted_grid.png
schedule_0003,highlighted_grid,3,5,페이지 3/5,schedule_0003,SCHEDULE_0003_R010,10,13,병동,박지영,박,3,4192074,朴,bundled_fallback_top100,https://www.rootsinfo.co.kr/info/roots/table_sung15.php,지영,1977,female,31,"[""M"", ""C"", ""NB"", ""M"", ""TL"", ""NO"", ""TR"", ""H+"", ""반"", ""N12"", ""D12"", ""S"", ""OR"", ""AM"", ""MAT"", ""WO"", ""UL"", ""A"", ""RD"", ""N12"", ""D/E"", ""TR"", ""MD"", ""MTG"", ""LD"", ""DO"", ""S"", ""O"", ""OFF"", ""D"", ""E""]","[""M"", ""C"", ""Nb"", ""M"", ""TL"", ""NO"", ""Tr"", ""H+"", ""반"", ""n12"", ""D12"", ""S"", ""OR"", ""AM"", ""MAT"", ""wO"", ""uL"", ""A"", ""RD"", ""n12"", ""D/E"", ""Tr"", ""MD"", ""mTG"", ""LD"", ""DO"", ""S"", ""O"", ""OfF"", ""D"", ""e""]",M|C|NB|M|TL|NO|TR|H+|반|N12|D12|S|OR|AM|MAT|WO|UL|A|RD|N12|D/E|TR|MD|MTG|LD|DO|S|O|OFF|D|E,M|C|Nb|M|TL|NO|Tr|H+|반|n12|D12|S|OR|AM|MAT|wO|uL|A|RD|n12|D/E|Tr|MD|mTG|LD|DO|S|O|OfF|D|e,A13,images/schedule_0003_highlighted_grid.png
schedule_0003,highlighted_grid,3,5,페이지 3/5,schedule_0003,SCHEDULE_0003_R011,11,14,병동,김미경,김,1,10689959,金,bundled_fallback_top100,https://www.rootsinfo.co.kr/info/roots/table_sung15.php,미경,1970,female,31,"[""SH"", ""PM"", ""D/E"", ""WO"", ""LD"", ""AL"", ""M"", ""CN"", ""NB"", ""DN"", ""O"", ""E"", ""E"", ""E"", ""MID"", ""AM"", ""M"", ""E"", ""O"", ""O"", ""PL"", ""D"", ""NB"", ""AM"", ""PL"", ""N"", ""PM"", ""D"", ""OFF"", ""N"", ""RO""]","[""SH"", ""pm"", ""D/E"", ""WO"", ""LD"", ""AL"", ""m"", ""CN"", ""NB"", ""DN"", ""o"", ""E"", ""E"", ""e"", ""MID"", ""aM"", ""M"", ""E"", ""O"", ""o"", ""Pl"", ""D"", ""Nb"", ""AM"", ""pL"", ""N"", ""pm"", ""D"", ""OFF"", ""N"", ""Ro""]",SH|PM|D/E|WO|LD|AL|M|CN|NB|DN|O|E|E|E|MID|AM|M|E|O|O|PL|D|NB|AM|PL|N|PM|D|OFF|N|RO,SH|pm|D/E|WO|LD|AL|m|CN|NB|DN|o|E|E|e|MID|aM|M|E|O|o|Pl|D|Nb|AM|pL|N|pm|D|OFF|N|Ro,A14,images/schedule_0003_highlighted_grid.png
schedule_0003,highlighted_grid,3,5,페이지 3/5,schedule_0003,SCHEDULE_0003_R012,12,15,병동,우영자,우,40,194713,禹,bundled_fallback_top100,https://www.rootsinfo.co.kr/info/roots/table_sung15.php,영자,1969,female,31,"[""O/C"", ""ANL"", ""DN"", ""OPD"", ""D5"", ""off"", ""D"", ""E"", ""출산"", ""E"", ""출"", ""D"", ""DN"", ""A"", ""A"", ""WO"", ""off"", ""O"", ""E"", ""N"", ""F"", ""D"", ""D"", ""D"", ""D/E"", ""LD"", ""DB"", ""-"", ""D5"", ""OFF"", ""D""]","[""o/c"", ""anl"", ""DN"", ""OPD"", ""d5"", ""off"", ""D"", ""e"", ""출산"", ""E"", ""출"", ""D"", ""DN"", ""A"", ""a"", ""WO"", ""off"", ""o"", ""E"", ""N"", ""f"", ""D"", ""D"", ""D"", ""D/E"", ""lD"", ""dB"", ""-"", ""D5"", ""OFF"", ""D""]",O/C|ANL|DN|OPD|D5|off|D|E|출산|E|출|D|DN|A|A|WO|off|O|E|N|F|D|D|D|D/E|LD|DB|-|D5|OFF|D,o/c|anl|DN|OPD|d5|off|D|e|출산|E|출|D|DN|A|a|WO|off|o|E|N|f|D|D|D|D/E|lD|dB|-|D5|OFF|D,A15,images/schedule_0003_highlighted_grid.png
schedule_0003,highlighted_grid,3,5,페이지 3/5,schedule_0003,SCHEDULE_0003_R013,13,16,병동,김선영,김,1,10689959,金,bundled_fallback_top100,https://www.rootsinfo.co.kr/info/roots/table_sung15.php,선영,1982,female,31,"[""DE"", ""RD"", ""PH"", ""D"", ""X"", ""NB"", ""휴무"", ""CH"", ""STL"", ""E"", ""NO"", ""O"", ""D"", ""D"", ""D"", ""OFF"", ""OFF"", ""S"", ""NO"", ""D/E"", ""AO"", ""PM"", ""NPL"", ""NB"", ""DB"", ""X"", ""PO"", ""N12"", ""WO"", ""D12"", ""MID""]","[""De"", ""RD"", ""PH"", ""D"", ""x"", ""NB"", ""휴무"", ""CH"", ""STL"", ""E"", ""NO"", ""O"", ""D"", ""D"", ""D"", ""OFF"", ""OFF"", ""s"", ""nO"", ""d/e"", ""aO"", ""pm"", ""NPL"", ""NB"", ""db"", ""X"", ""PO"", ""n12"", ""wo"", ""D12"", ""MID""]",DE|RD|PH|D|X|NB|휴무|CH|STL|E|NO|O|D|D|D|OFF|OFF|S|NO|D/E|AO|PM|NPL|NB|DB|X|PO|N12|WO|D12|MID,De|RD|PH|D|x|NB|휴무|CH|STL|E|NO|O|D|D|D|OFF|OFF|s|nO|d/e|aO|pm|NPL|NB|db|X|PO|n12|wo|D12|MID,A16,images/schedule_0003_highlighted_grid.png
schedule_0003,highlighted_grid,3,5,페이지 3/5,schedule_0003,SCHEDULE_0003_R014,14,17,병동,이유진,이,2,7306828,李,bundled_fallback_top100,https://www.rootsinfo.co.kr/info/roots/table_sung15.php,유진,1999,female,31,"[""PH"", ""DN"", ""X"", ""IH"", ""N"", ""NO"", ""BH"", ""NA"", ""SD"", ""PH"", ""X"", ""TOIL"", ""MID"", ""AM"", ""TOIL"", ""D"", ""E"", ""E"", ""N"", ""N"", ""N"", ""OFF"", ""D"", ""N12"", ""DB"", ""RD"", ""TR"", ""D/E"", ""AM"", ""ED"", ""AM""]","[""PH"", ""DN"", ""X"", ""IH"", ""N"", ""NO"", ""BH"", ""na"", ""SD"", ""PH"", ""X"", ""TOIL"", ""MID"", ""AM"", ""TOIL"", ""D"", ""E"", ""E"", ""N"", ""N"", ""n"", ""oFf"", ""D"", ""n12"", ""DB"", ""RD"", ""TR"", ""D/E"", ""AM"", ""ED"", ""AM""]",PH|DN|X|IH|N|NO|BH|NA|SD|PH|X|TOIL|MID|AM|TOIL|D|E|E|N|N|N|OFF|D|N12|DB|RD|TR|D/E|AM|ED|AM,PH|DN|X|IH|N|NO|BH|na|SD|PH|X|TOIL|MID|AM|TOIL|D|E|E|N|N|n|oFf|D|n12|DB|RD|TR|D/E|AM|ED|AM,A17,images/schedule_0003_highlighted_grid.png
schedule_0003,highlighted_grid,3,5,페이지 3/5,schedule_0003,SCHEDULE_0003_R015,15,18,병동,장수빈,장,9,1014229,張|蔣,bundled_fallback_top100,https://www.rootsinfo.co.kr/info/roots/table_sung15.php,수빈,1998,female,31,"[""X"", ""M"", ""OF"", ""D12"", ""S"", ""D/E"", ""CB"", ""OR"", ""PM"", ""A"", ""AL"", ""NB"", ""—"", ""E"", ""E"", ""E"", ""OFF"", ""N"", ""SL"", ""E"", ""E"", ""AO"", ""DE"", ""EXT"", ""S"", ""D/E"", ""—"", ""TL"", ""DN"", ""비번"", ""RD""]","[""X"", ""M"", ""OF"", ""d12"", ""S"", ""d/E"", ""CB"", ""oR"", ""PM"", ""A"", ""AL"", ""Nb"", ""—"", ""E"", ""E"", ""e"", ""OFF"", ""n"", ""sl"", ""e"", ""E"", ""AO"", ""DE"", ""EXT"", ""s"", ""D/E"", ""—"", ""TL"", ""dN"", ""비번"", ""RD""]",X|M|OF|D12|S|D/E|CB|OR|PM|A|AL|NB|—|E|E|E|OFF|N|SL|E|E|AO|DE|EXT|S|D/E|—|TL|DN|비번|RD,X|M|OF|d12|S|d/E|CB|oR|PM|A|AL|Nb|—|E|E|e|OFF|n|sl|e|E|AO|DE|EXT|s|D/E|—|TL|dN|비번|RD,A18,images/schedule_0003_highlighted_grid.png
schedule_0003,highlighted_grid,3,5,페이지 3/5,schedule_0003,SCHEDULE_0003_R016,16,19,병동,양유진,양,24,529701,梁|楊,bundled_fallback_top100,https://www.rootsinfo.co.kr/info/roots/table_sung15.php,유진,2000,female,31,"[""교"", ""MD"", ""M"", ""-"", ""NB"", ""연가"", ""RD"", ""S"", ""SD"", ""D5"", ""SH"", ""ML"", ""S"", ""NPL"", ""비번"", ""D"", ""O"", ""O"", ""D"", ""WS"", ""PO"", ""PM"", ""WO"", ""PM"", ""DB"", ""MD"", ""AO"", ""AL"", ""A"", ""MID"", ""P""]","[""교"", ""MD"", ""M"", ""-"", ""nB"", ""연가"", ""RD"", ""s"", ""SD"", ""D5"", ""SH"", ""ml"", ""S"", ""npL"", ""비번"", ""D"", ""O"", ""O"", ""D"", ""WS"", ""PO"", ""pM"", ""WO"", ""Pm"", ""DB"", ""MD"", ""ao"", ""AL"", ""A"", ""MID"", ""p""]",교|MD|M|-|NB|연가|RD|S|SD|D5|SH|ML|S|NPL|비번|D|O|O|D|WS|PO|PM|WO|PM|DB|MD|AO|AL|A|MID|P,교|MD|M|-|nB|연가|RD|s|SD|D5|SH|ml|S|npL|비번|D|O|O|D|WS|PO|pM|WO|Pm|DB|MD|ao|AL|A|MID|p,A19,images/schedule_0003_highlighted_grid.png
schedule_0003,highlighted_grid,3,5,페이지 3/5,schedule_0003,SCHEDULE_0003_R017,17,20,병동,이혜정,이,2,7306828,李,bundled_fallback_top100,https://www.rootsinfo.co.kr/info/roots/table_sung15.php,혜정,1975,female,31,"[""A"", ""LD"", ""휴"", ""PL"", ""STBY"", ""LV"", ""NB"", ""D12"", ""CONF"", ""IC"", ""WO"", ""DO"", ""중"", ""UN"", ""OFF"", ""E"", ""OFF"", ""BL"", ""AM"", ""O/C"", ""PM"", ""XA"", ""휴가"", ""AO"", ""S"", ""D12"", ""SL"", ""O"", ""X"", ""DE"", ""DB""]","[""A"", ""Ld"", ""휴"", ""PL"", ""sTBy"", ""lv"", ""NB"", ""d12"", ""cOnF"", ""IC"", ""wO"", ""DO"", ""중"", ""uN"", ""OFF"", ""e"", ""OFF"", ""BL"", ""aM"", ""o/c"", ""PM"", ""XA"", ""휴가"", ""AO"", ""S"", ""D12"", ""SL"", ""O"", ""X"", ""DE"", ""Db""]",A|LD|휴|PL|STBY|LV|NB|D12|CONF|IC|WO|DO|중|UN|OFF|E|OFF|BL|AM|O/C|PM|XA|휴가|AO|S|D12|SL|O|X|DE|DB,A|Ld|휴|PL|sTBy|lv|NB|d12|cOnF|IC|wO|DO|중|uN|OFF|e|OFF|BL|aM|o/c|PM|XA|휴가|AO|S|D12|SL|O|X|DE|Db,A20,images/schedule_0003_highlighted_grid.png
schedule_0003,highlighted_grid,3,5,페이지 3/5,schedule_0003,SCHEDULE_0003_R018,18,21,병동,나수빈,나,48,160946,羅,bundled_fallback_top100,https://www.rootsinfo.co.kr/info/roots/table_sung15.php,수빈,2002,female,31,"[""휴직"", ""MD"", ""SB"", ""P"", ""Off"", ""OFF"", ""E"", ""F"", ""N"", ""N"", ""PH"", ""DN"", ""DN"", ""ANL"", ""WO"", ""—"", ""RO"", ""D/E"", ""D/E"", ""D"", ""F"", ""E"", ""OFF"", ""Off"", ""OFF"", ""S"", ""D"", ""O"", ""DB"", ""OF"", ""—""]","[""휴직"", ""MD"", ""SB"", ""P"", ""Off"", ""OFF"", ""E"", ""F"", ""N"", ""n"", ""PH"", ""DN"", ""dn"", ""ANL"", ""wo"", ""—"", ""ro"", ""D/E"", ""D/E"", ""D"", ""F"", ""E"", ""OFf"", ""Off"", ""OFF"", ""S"", ""d"", ""O"", ""DB"", ""OF"", ""—""]",휴직|MD|SB|P|Off|OFF|E|F|N|N|PH|DN|DN|ANL|WO|—|RO|D/E|D/E|D|F|E|OFF|Off|OFF|S|D|O|DB|OF|—,휴직|MD|SB|P|Off|OFF|E|F|N|n|PH|DN|dn|ANL|wo|—|ro|D/E|D/E|D|F|E|OFf|Off|OFF|S|d|O|DB|OF|—,A21,images/schedule_0003_highlighted_grid.png
schedule_0003,highlighted_grid,3,5,페이지 3/5,schedule_0003,SCHEDULE_0003_R019,19,22,병동,임혜진,임,10,1015182,林|任,bundled_fallback_top100,https://www.rootsinfo.co.kr/info/roots/table_sung15.php,혜진,1987,female,31,"[""ED"", ""MID"", ""ADO"", ""D12"", ""MD"", ""PH"", ""X"", ""A"", ""NB"", ""SH"", ""PM"", ""DN"", ""MID"", ""S/L"", ""PH"", ""PM"", ""SD"", ""X"", ""D"", ""D"", ""E"", ""O"", ""E"", ""F"", ""f"", ""f"", ""E"", ""F"", ""E"", ""F"", ""MD""]","[""Ed"", ""MID"", ""aDo"", ""D12"", ""MD"", ""ph"", ""X"", ""a"", ""NB"", ""sH"", ""PM"", ""Dn"", ""MiD"", ""S/L"", ""ph"", ""PM"", ""SD"", ""x"", ""D"", ""D"", ""E"", ""O"", ""e"", ""F"", ""f"", ""f"", ""E"", ""f"", ""e"", ""F"", ""MD""]",ED|MID|ADO|D12|MD|PH|X|A|NB|SH|PM|DN|MID|S/L|PH|PM|SD|X|D|D|E|O|E|F|f|f|E|F|E|F|MD,Ed|MID|aDo|D12|MD|ph|X|a|NB|sH|PM|Dn|MiD|S/L|ph|PM|SD|x|D|D|E|O|e|F|f|f|E|f|e|F|MD,A22,images/schedule_0003_highlighted_grid.png
schedule_0003,highlighted_grid,3,5,페이지 3/5,schedule_0003,SCHEDULE_0003_R020,20,23,병동,김은정,김,1,10689959,金,bundled_fallback_top100,https://www.rootsinfo.co.kr/info/roots/table_sung15.php,은정,1980,female,31,"[""N12"", ""—"", ""NB"", ""Off"", ""N"", ""M"", ""STL"", ""N12"", ""X"", ""N12"", ""EH"", ""f"", ""f"", ""D"", ""E"", ""E"", ""E"", ""E"", ""O"", ""OFF"", ""E"", ""D/E"", ""N"", ""F"", ""E"", ""E"", ""N"", ""OFF"", ""O"", ""N"", ""OFF""]","[""N12"", ""—"", ""NB"", ""Off"", ""N"", ""M"", ""STL"", ""N12"", ""X"", ""N12"", ""EH"", ""f"", ""f"", ""D"", ""E"", ""E"", ""E"", ""E"", ""O"", ""OFF"", ""E"", ""d/e"", ""N"", ""F"", ""e"", ""E"", ""N"", ""OFF"", ""O"", ""N"", ""OfF""]",N12|—|NB|Off|N|M|STL|N12|X|N12|EH|f|f|D|E|E|E|E|O|OFF|E|D/E|N|F|E|E|N|OFF|O|N|OFF,N12|—|NB|Off|N|M|STL|N12|X|N12|EH|f|f|D|E|E|E|E|O|OFF|E|d/e|N|F|e|E|N|OFF|O|N|OfF,A23,images/schedule_0003_highlighted_grid.png
schedule_0004,grouped_hospital,4,5,페이지 4/5,schedule_0004,SCHEDULE_0004_R001,1,5,1파트,조예진,조,7,1453827,趙|曺,bundled_fallback_top100,https://www.rootsinfo.co.kr/info/roots/table_sung15.php,예진,1999,female,30,"[""D/E"", ""O"", ""OFF"", ""D"", ""O"", ""E"", ""F"", ""D"", ""D"", ""OFF"", ""D"", ""OFF"", ""OFF"", ""N"", ""N"", ""NO"", ""LD"", ""AM"", ""Off"", ""D"", ""TL"", ""M"", ""MID"", ""DB"", ""P"", ""A"", ""OPD"", ""D5"", ""PH"", ""—""]","[""D/E"", ""o"", ""OFF"", ""D"", ""O"", ""E"", ""F"", ""D"", ""d"", ""ofF"", ""D"", ""ofF"", ""Off"", ""N"", ""N"", ""NO"", ""Ld"", ""aM"", ""Off"", ""D"", ""Tl"", ""M"", ""MID"", ""DB"", ""P"", ""A"", ""OPD"", ""D5"", ""pH"", ""—""]",D/E|O|OFF|D|O|E|F|D|D|OFF|D|OFF|OFF|N|N|NO|LD|AM|Off|D|TL|M|MID|DB|P|A|OPD|D5|PH|—,D/E|o|OFF|D|O|E|F|D|d|ofF|D|ofF|Off|N|N|NO|Ld|aM|Off|D|Tl|M|MID|DB|P|A|OPD|D5|pH|—,B5,images/schedule_0004_grouped_hospital.png
schedule_0004,grouped_hospital,4,5,페이지 4/5,schedule_0004,SCHEDULE_0004_R002,2,6,1파트,양지혜,양,24,529701,梁|楊,bundled_fallback_top100,https://www.rootsinfo.co.kr/info/roots/table_sung15.php,지혜,1993,female,30,"[""MD"", ""-"", ""DL"", ""DE"", ""PMH"", ""S"", ""SD"", ""DN"", ""D12"", ""공가"", ""WS"", ""PM"", ""D"", ""OFF"", ""O"", ""EDU"", ""X"", ""AMH"", ""출산휴가"", ""AM"", ""DE"", ""AM"", ""OF"", ""DB"", ""HLP"", ""P"", ""H"", ""PM"", ""DB"", ""DE""]","[""Md"", ""-"", ""dL"", ""DE"", ""PMH"", ""S"", ""Sd"", ""DN"", ""d12"", ""공가"", ""WS"", ""PM"", ""d"", ""OFF"", ""O"", ""EDu"", ""X"", ""AMH"", ""출산휴가"", ""Am"", ""DE"", ""AM"", ""OF"", ""DB"", ""HLP"", ""P"", ""h"", ""PM"", ""DB"", ""DE""]",MD|-|DL|DE|PMH|S|SD|DN|D12|공가|WS|PM|D|OFF|O|EDU|X|AMH|출산휴가|AM|DE|AM|OF|DB|HLP|P|H|PM|DB|DE,Md|-|dL|DE|PMH|S|Sd|DN|d12|공가|WS|PM|d|OFF|O|EDu|X|AMH|출산휴가|Am|DE|AM|OF|DB|HLP|P|h|PM|DB|DE,B6,images/schedule_0004_grouped_hospital.png
schedule_0004,grouped_hospital,4,5,페이지 4/5,schedule_0004,SCHEDULE_0004_R003,3,7,1파트,전예원,전,19,745579,全|田,bundled_fallback_top100,https://www.rootsinfo.co.kr/info/roots/table_sung15.php,예원,2006,female,30,"[""S"", ""IH"", ""RO"", ""Off"", ""OFF"", ""D"", ""NA"", ""OH"", ""D12"", ""RO"", ""DN"", ""PM"", ""AO"", ""NB"", ""DB"", ""UPL"", ""PO"", ""DB"", ""SD"", ""TOIL"", ""P"", ""AM"", ""SEM"", ""ER"", ""PM"", ""연"", ""D"", ""LV"", ""F"", ""D""]","[""S"", ""ih"", ""RO"", ""ofF"", ""Off"", ""D"", ""NA"", ""OH"", ""D12"", ""RO"", ""dn"", ""PM"", ""aO"", ""NB"", ""DB"", ""UPL"", ""PO"", ""DB"", ""SD"", ""toIL"", ""P"", ""AM"", ""SEm"", ""ER"", ""pM"", ""연"", ""d"", ""LV"", ""F"", ""d""]",S|IH|RO|Off|OFF|D|NA|OH|D12|RO|DN|PM|AO|NB|DB|UPL|PO|DB|SD|TOIL|P|AM|SEM|ER|PM|연|D|LV|F|D,S|ih|RO|ofF|Off|D|NA|OH|D12|RO|dn|PM|aO|NB|DB|UPL|PO|DB|SD|toIL|P|AM|SEm|ER|pM|연|d|LV|F|d,B7,images/schedule_0004_grouped_hospital.png
schedule_0004,grouped_hospital,4,5,페이지 4/5,schedule_0004,SCHEDULE_0004_R004,4,8,1파트,임지은,임,10,1015182,林|任,bundled_fallback_top100,https://www.rootsinfo.co.kr/info/roots/table_sung15.php,지은,1991,female,30,"[""S"", ""CCL"", ""CONF"", ""E"", ""NB"", ""DO"", ""PM"", ""O"", ""N"", ""O"", ""MID"", ""S"", ""TRN"", ""M"", ""—"", ""ADO"", ""M"", ""AO"", ""A"", ""DO"", ""E"", ""F"", ""F"", ""F"", ""N"", ""BH"", ""INT"", ""PO"", ""주"", ""ML""]","[""s"", ""cCL"", ""coNF"", ""E"", ""NB"", ""dO"", ""pm"", ""O"", ""N"", ""O"", ""MID"", ""s"", ""TRN"", ""M"", ""—"", ""ADO"", ""M"", ""ao"", ""A"", ""do"", ""E"", ""F"", ""F"", ""F"", ""N"", ""BH"", ""INT"", ""PO"", ""주"", ""ML""]",S|CCL|CONF|E|NB|DO|PM|O|N|O|MID|S|TRN|M|—|ADO|M|AO|A|DO|E|F|F|F|N|BH|INT|PO|주|ML,s|cCL|coNF|E|NB|dO|pm|O|N|O|MID|s|TRN|M|—|ADO|M|ao|A|do|E|F|F|F|N|BH|INT|PO|주|ML,B8,images/schedule_0004_grouped_hospital.png
schedule_0004,grouped_hospital,4,5,페이지 4/5,schedule_0004,SCHEDULE_0004_R005,5,9,1파트,배정훈,배,26,400641,裵,bundled_fallback_top100,https://www.rootsinfo.co.kr/info/roots/table_sung15.php,정훈,1983,male,30,"[""NB"", ""NB"", ""노조휴가"", ""E"", ""반차"", ""OFF"", ""NB"", ""AO"", ""지원"", ""E"", ""O"", ""N"", ""EH"", ""WO"", ""MID"", ""N"", ""NO"", ""NB"", ""DB"", ""LD"", ""WO"", ""N"", ""N"", ""OF"", ""off"", ""O"", ""NB"", ""off"", ""D12"", ""M""]","[""Nb"", ""NB"", ""노조휴가"", ""E"", ""반차"", ""OFf"", ""NB"", ""AO"", ""지원"", ""e"", ""O"", ""N"", ""EH"", ""wo"", ""MiD"", ""N"", ""NO"", ""NB"", ""DB"", ""ld"", ""WO"", ""N"", ""N"", ""OF"", ""off"", ""o"", ""NB"", ""off"", ""D12"", ""m""]",NB|NB|노조휴가|E|반차|OFF|NB|AO|지원|E|O|N|EH|WO|MID|N|NO|NB|DB|LD|WO|N|N|OF|off|O|NB|off|D12|M,Nb|NB|노조휴가|E|반차|OFf|NB|AO|지원|e|O|N|EH|wo|MiD|N|NO|NB|DB|ld|WO|N|N|OF|off|o|NB|off|D12|m,B9,images/schedule_0004_grouped_hospital.png
schedule_0004,grouped_hospital,4,5,페이지 4/5,schedule_0004,SCHEDULE_0004_R006,6,10,1파트,이수빈,이,2,7306828,李,bundled_fallback_top100,https://www.rootsinfo.co.kr/info/roots/table_sung15.php,수빈,2004,female,30,"[""V"", ""SD"", ""DB"", ""D/E"", ""WS"", ""N"", ""N"", ""MTG"", ""PL"", ""NA"", ""LD"", ""NO"", ""M"", ""MID"", ""DN"", ""SD"", ""DN"", ""M"", ""N"", ""N"", ""NA"", ""A"", ""DH"", ""E"", ""E"", ""E"", ""OFF"", ""O"", ""O"", ""OFF""]","[""V"", ""SD"", ""DB"", ""d/e"", ""WS"", ""N"", ""N"", ""MTG"", ""PL"", ""na"", ""LD"", ""nO"", ""m"", ""mID"", ""Dn"", ""sD"", ""DN"", ""M"", ""N"", ""N"", ""NA"", ""A"", ""DH"", ""E"", ""E"", ""e"", ""OfF"", ""O"", ""O"", ""OFF""]",V|SD|DB|D/E|WS|N|N|MTG|PL|NA|LD|NO|M|MID|DN|SD|DN|M|N|N|NA|A|DH|E|E|E|OFF|O|O|OFF,V|SD|DB|d/e|WS|N|N|MTG|PL|na|LD|nO|m|mID|Dn|sD|DN|M|N|N|NA|A|DH|E|E|e|OfF|O|O|OFF,B10,images/schedule_0004_grouped_hospital.png
schedule_0004,grouped_hospital,4,5,페이지 4/5,schedule_0004,SCHEDULE_0004_R007,7,11,1파트,안하은,안,17,685639,安,bundled_fallback_top100,https://www.rootsinfo.co.kr/info/roots/table_sung15.php,하은,2007,female,30,"[""RD"", ""PH"", ""M"", ""D"", ""E"", ""S"", ""DL"", ""N12"", ""MID"", ""노조"", ""AM"", ""D12"", ""PO"", ""D"", ""SD"", ""A"", ""E"", ""E"", ""OFF"", ""E"", ""F"", ""E"", ""A"", ""D"", ""D"", ""OFF"", ""D"", ""O"", ""E"", ""DL""]","[""RD"", ""PH"", ""M"", ""d"", ""E"", ""S"", ""DL"", ""N12"", ""Mid"", ""노조"", ""AM"", ""D12"", ""po"", ""D"", ""SD"", ""A"", ""E"", ""E"", ""ofF"", ""E"", ""F"", ""e"", ""A"", ""D"", ""D"", ""OFF"", ""D"", ""O"", ""E"", ""DL""]",RD|PH|M|D|E|S|DL|N12|MID|노조|AM|D12|PO|D|SD|A|E|E|OFF|E|F|E|A|D|D|OFF|D|O|E|DL,RD|PH|M|d|E|S|DL|N12|Mid|노조|AM|D12|po|D|SD|A|E|E|ofF|E|F|e|A|D|D|OFF|D|O|E|DL,B11,images/schedule_0004_grouped_hospital.png
schedule_0004,grouped_hospital,4,5,페이지 4/5,schedule_0004,SCHEDULE_0004_R008,8,12,1파트,김은지,김,1,10689959,金,bundled_fallback_top100,https://www.rootsinfo.co.kr/info/roots/table_sung15.php,은지,1999,female,30,"[""E"", ""A"", ""D12"", ""DE"", ""A"", ""E"", ""N"", ""N"", ""N"", ""생"", ""AM"", ""DO"", ""MID"", ""PM"", ""SD"", ""NB"", ""O"", ""O"", ""E"", ""F"", ""SD"", ""S"", ""NA"", ""MD"", ""H⁺"", ""C"", ""N12"", ""RO"", ""H"", ""E""]","[""E"", ""a"", ""D12"", ""De"", ""a"", ""E"", ""N"", ""N"", ""N"", ""생"", ""AM"", ""DO"", ""MID"", ""PM"", ""SD"", ""nb"", ""O"", ""o"", ""E"", ""F"", ""SD"", ""s"", ""NA"", ""MD"", ""h⁺"", ""C"", ""n12"", ""RO"", ""H"", ""e""]",E|A|D12|DE|A|E|N|N|N|생|AM|DO|MID|PM|SD|NB|O|O|E|F|SD|S|NA|MD|H⁺|C|N12|RO|H|E,E|a|D12|De|a|E|N|N|N|생|AM|DO|MID|PM|SD|nb|O|o|E|F|SD|s|NA|MD|h⁺|C|n12|RO|H|e,B12,images/schedule_0004_grouped_hospital.png
schedule_0004,grouped_hospital,4,5,페이지 4/5,schedule_0004,SCHEDULE_0004_R009,9,13,2파트,하미경,하,35,230481,河,bundled_fallback_top100,https://www.rootsinfo.co.kr/info/roots/table_sung15.php,미경,1970,female,30,"[""DN"", ""NO"", ""WS"", ""MID"", ""SD"", ""WO"", ""—"", ""D5"", ""NB"", ""P"", ""P"", ""PM"", ""A"", ""P"", ""반"", ""OF"", ""H"", ""DN"", ""N12"", ""ST"", ""P"", ""WS"", ""OPD"", ""파견"", ""S"", ""—"", ""INT"", ""D/E"", ""LD"", ""MID""]","[""dN"", ""NO"", ""WS"", ""mid"", ""SD"", ""WO"", ""—"", ""d5"", ""NB"", ""p"", ""P"", ""PM"", ""A"", ""P"", ""반"", ""Of"", ""H"", ""dn"", ""N12"", ""ST"", ""p"", ""WS"", ""OPD"", ""파견"", ""s"", ""—"", ""INT"", ""D/E"", ""lD"", ""MID""]",DN|NO|WS|MID|SD|WO|—|D5|NB|P|P|PM|A|P|반|OF|H|DN|N12|ST|P|WS|OPD|파견|S|—|INT|D/E|LD|MID,dN|NO|WS|mid|SD|WO|—|d5|NB|p|P|PM|A|P|반|Of|H|dn|N12|ST|p|WS|OPD|파견|s|—|INT|D/E|lD|MID,B13,images/schedule_0004_grouped_hospital.png
schedule_0004,grouped_hospital,4,5,페이지 4/5,schedule_0004,SCHEDULE_0004_R010,10,14,2파트,이복순,이,2,7306828,李,bundled_fallback_top100,https://www.rootsinfo.co.kr/info/roots/table_sung15.php,복순,1972,female,30,"[""NB"", ""BL"", ""F"", ""A"", ""OR"", ""E"", ""AMH"", ""DE"", ""M"", ""D"", ""O"", ""—"", ""DN"", ""NB"", ""-"", ""LV"", ""O/C"", ""D/E"", ""CALL"", ""S"", ""S"", ""RD"", ""A"", ""공가"", ""AM"", ""DB"", ""V"", ""RO"", ""NA"", ""D12""]","[""NB"", ""BL"", ""F"", ""A"", ""OR"", ""E"", ""AMH"", ""de"", ""M"", ""D"", ""O"", ""—"", ""dN"", ""NB"", ""-"", ""lV"", ""O/C"", ""D/E"", ""CALL"", ""S"", ""S"", ""RD"", ""A"", ""공가"", ""AM"", ""dB"", ""V"", ""rO"", ""NA"", ""D12""]",NB|BL|F|A|OR|E|AMH|DE|M|D|O|—|DN|NB|-|LV|O/C|D/E|CALL|S|S|RD|A|공가|AM|DB|V|RO|NA|D12,NB|BL|F|A|OR|E|AMH|de|M|D|O|—|dN|NB|-|lV|O/C|D/E|CALL|S|S|RD|A|공가|AM|dB|V|rO|NA|D12,B14,images/schedule_0004_grouped_hospital.png
schedule_0004,grouped_hospital,4,5,페이지 4/5,schedule_0004,SCHEDULE_0004_R011,11,15,2파트,임미경,임,10,1015182,林|任,bundled_fallback_top100,https://www.rootsinfo.co.kr/info/roots/table_sung15.php,미경,1967,female,30,"[""BDO"", ""M"", ""S"", ""D"", ""E"", ""XA"", ""교"", ""H"", ""off"", ""O"", ""O"", ""N"", ""N"", ""N"", ""O/C"", ""NB"", ""S"", ""INT"", ""off"", ""O"", ""E"", ""F"", ""f"", ""N"", ""A"", ""SB"", ""LD"", ""P"", ""LD"", ""T""]","[""BDO"", ""M"", ""S"", ""D"", ""E"", ""XA"", ""교"", ""h"", ""OfF"", ""O"", ""O"", ""N"", ""N"", ""N"", ""O/C"", ""NB"", ""s"", ""INT"", ""OFF"", ""o"", ""E"", ""F"", ""f"", ""N"", ""a"", ""SB"", ""lD"", ""P"", ""LD"", ""T""]",BDO|M|S|D|E|XA|교|H|off|O|O|N|N|N|O/C|NB|S|INT|off|O|E|F|f|N|A|SB|LD|P|LD|T,BDO|M|S|D|E|XA|교|h|OfF|O|O|N|N|N|O/C|NB|s|INT|OFF|o|E|F|f|N|a|SB|lD|P|LD|T,B15,images/schedule_0004_grouped_hospital.png
schedule_0004,grouped_hospital,4,5,페이지 4/5,schedule_0004,SCHEDULE_0004_R012,12,16,2파트,구현우,구,41,193080,具,bundled_fallback_top100,https://www.rootsinfo.co.kr/info/roots/table_sung15.php,현우,1986,male,30,"[""NA"", ""MTG"", ""X"", ""CL"", ""PACU"", ""OF"", ""D"", ""E"", ""OFF"", ""OFF"", ""E"", ""OFF"", ""O"", ""O"", ""N12"", ""—"", ""S"", ""RD"", ""C"", ""UPL"", ""DO"", ""DB"", ""PM"", ""HLP"", ""-"", ""특"", ""ML"", ""OT"", ""AO"", ""D5""]","[""na"", ""MtG"", ""X"", ""CL"", ""PACU"", ""oF"", ""D"", ""e"", ""OFF"", ""OfF"", ""E"", ""OFF"", ""O"", ""O"", ""n12"", ""—"", ""S"", ""RD"", ""C"", ""Upl"", ""dO"", ""Db"", ""pM"", ""HLP"", ""-"", ""특"", ""ML"", ""OT"", ""aO"", ""d5""]",NA|MTG|X|CL|PACU|OF|D|E|OFF|OFF|E|OFF|O|O|N12|—|S|RD|C|UPL|DO|DB|PM|HLP|-|특|ML|OT|AO|D5,na|MtG|X|CL|PACU|oF|D|e|OFF|OfF|E|OFF|O|O|n12|—|S|RD|C|Upl|dO|Db|pM|HLP|-|특|ML|OT|aO|d5,B16,images/schedule_0004_grouped_hospital.png
schedule_0004,grouped_hospital,4,5,페이지 4/5,schedule_0004,SCHEDULE_0004_R013,13,17,2파트,고예진,고,22,471396,高,bundled_fallback_top100,https://www.rootsinfo.co.kr/info/roots/table_sung15.php,예진,1997,female,30,"[""D5"", ""DB"", ""PO"", ""DB"", ""M"", ""D/E"", ""RD"", ""F"", ""F"", ""E"", ""E"", ""DN"", ""N"", ""F"", ""f"", ""E"", ""생"", ""PM"", ""D5"", ""N"", ""NO"", ""MD"", ""N"", ""O"", ""OFF"", ""E"", ""O"", ""당직"", ""O"", ""OFF""]","[""D5"", ""Db"", ""pO"", ""DB"", ""m"", ""D/E"", ""RD"", ""F"", ""F"", ""E"", ""E"", ""DN"", ""N"", ""f"", ""f"", ""e"", ""생"", ""PM"", ""d5"", ""n"", ""NO"", ""Md"", ""N"", ""O"", ""oFf"", ""E"", ""O"", ""당직"", ""O"", ""Off""]",D5|DB|PO|DB|M|D/E|RD|F|F|E|E|DN|N|F|f|E|생|PM|D5|N|NO|MD|N|O|OFF|E|O|당직|O|OFF,D5|Db|pO|DB|m|D/E|RD|F|F|E|E|DN|N|f|f|e|생|PM|d5|n|NO|Md|N|O|oFf|E|O|당직|O|Off,B17,images/schedule_0004_grouped_hospital.png
schedule_0004,grouped_hospital,4,5,페이지 4/5,schedule_0004,SCHEDULE_0004_R014,14,18,2파트,임영숙,임,10,1015182,林|任,bundled_fallback_top100,https://www.rootsinfo.co.kr/info/roots/table_sung15.php,영숙,1966,female,30,"[""A"", ""PH"", ""E"", ""E"", ""N"", ""RO"", ""TR"", ""DE"", ""S"", ""OT"", ""PM"", ""WO"", ""NO"", ""DE"", ""D12"", ""MID"", ""X"", ""CONF"", ""D"", ""D"", ""F"", ""E"", ""OFF"", ""OFF"", ""OFF"", ""D"", ""TRN"", ""AM"", ""M"", ""H⁺""]","[""A"", ""PH"", ""e"", ""E"", ""N"", ""RO"", ""tR"", ""DE"", ""S"", ""OT"", ""pM"", ""WO"", ""NO"", ""DE"", ""D12"", ""mID"", ""X"", ""Conf"", ""D"", ""D"", ""F"", ""E"", ""OFF"", ""OFF"", ""OFF"", ""d"", ""trN"", ""AM"", ""m"", ""H⁺""]",A|PH|E|E|N|RO|TR|DE|S|OT|PM|WO|NO|DE|D12|MID|X|CONF|D|D|F|E|OFF|OFF|OFF|D|TRN|AM|M|H⁺,A|PH|e|E|N|RO|tR|DE|S|OT|pM|WO|NO|DE|D12|mID|X|Conf|D|D|F|E|OFF|OFF|OFF|d|trN|AM|m|H⁺,B18,images/schedule_0004_grouped_hospital.png
schedule_0004,grouped_hospital,4,5,페이지 4/5,schedule_0004,SCHEDULE_0004_R015,15,19,2파트,남영자,남,31,275648,南,bundled_fallback_top100,https://www.rootsinfo.co.kr/info/roots/table_sung15.php,영자,1972,female,30,"[""D5"", ""E"", ""생휴"", ""E"", ""N"", ""P"", ""AM"", ""CSSD"", ""D/E"", ""D/E"", ""N"", ""N"", ""OFF"", ""OFF"", ""ADO"", ""D/E"", ""WS"", ""Off"", ""OFF"", ""O"", ""OFF"", ""D"", ""F"", ""공가"", ""—"", ""DE"", ""DO"", ""DB"", ""N"", ""OFF""]","[""D5"", ""E"", ""생휴"", ""E"", ""n"", ""P"", ""AM"", ""CSSD"", ""d/e"", ""D/E"", ""N"", ""N"", ""OFF"", ""ofF"", ""ADO"", ""D/E"", ""WS"", ""oFF"", ""OFf"", ""O"", ""ofF"", ""D"", ""F"", ""공가"", ""—"", ""dE"", ""DO"", ""DB"", ""N"", ""OFF""]",D5|E|생휴|E|N|P|AM|CSSD|D/E|D/E|N|N|OFF|OFF|ADO|D/E|WS|Off|OFF|O|OFF|D|F|공가|—|DE|DO|DB|N|OFF,D5|E|생휴|E|n|P|AM|CSSD|d/e|D/E|N|N|OFF|ofF|ADO|D/E|WS|oFF|OFf|O|ofF|D|F|공가|—|dE|DO|DB|N|OFF,B19,images/schedule_0004_grouped_hospital.png
schedule_0004,grouped_hospital,4,5,페이지 4/5,schedule_0004,SCHEDULE_0004_R016,16,20,2파트,진수빈,진,49,176900,陳|秦,bundled_fallback_top100,https://www.rootsinfo.co.kr/info/roots/table_sung15.php,수빈,1995,female,30,"[""DE"", ""OC"", ""D"", ""NA"", ""휴무"", ""DB"", ""Off"", ""O"", ""OFF"", ""OFF"", ""OFF"", ""D"", ""F"", ""OFF"", ""PH"", ""OF"", ""OPD"", ""AM"", ""M"", ""IC"", ""출산휴가"", ""ADO"", ""SD"", ""DB"", ""M"", ""N"", ""NO"", ""CSSD"", ""E"", ""OFF""]","[""DE"", ""OC"", ""D"", ""NA"", ""휴무"", ""DB"", ""Off"", ""O"", ""off"", ""OFF"", ""OFF"", ""D"", ""F"", ""OFF"", ""ph"", ""OF"", ""OPD"", ""AM"", ""m"", ""IC"", ""출산휴가"", ""ADo"", ""SD"", ""DB"", ""M"", ""N"", ""NO"", ""CSSD"", ""E"", ""OFF""]",DE|OC|D|NA|휴무|DB|Off|O|OFF|OFF|OFF|D|F|OFF|PH|OF|OPD|AM|M|IC|출산휴가|ADO|SD|DB|M|N|NO|CSSD|E|OFF,DE|OC|D|NA|휴무|DB|Off|O|off|OFF|OFF|D|F|OFF|ph|OF|OPD|AM|m|IC|출산휴가|ADo|SD|DB|M|N|NO|CSSD|E|OFF,B20,images/schedule_0004_grouped_hospital.png
schedule_0004,grouped_hospital,4,5,페이지 4/5,schedule_0004,SCHEDULE_0004_R017,17,21,3파트,서예진,서,13,751704,徐,bundled_fallback_top100,https://www.rootsinfo.co.kr/info/roots/table_sung15.php,예진,1994,female,30,"[""X"", ""N"", ""N"", ""N"", ""N"", ""S"", ""주"", ""NA"", ""DB"", ""CN"", ""TR"", ""LV"", ""-"", ""D/E"", ""P"", ""PO"", ""AO"", ""MD"", ""H"", ""반차"", ""X"", ""AM"", ""-"", ""N12"", ""DE"", ""O"", ""O"", ""N"", ""O"", ""O""]","[""X"", ""N"", ""n"", ""N"", ""n"", ""S"", ""주"", ""NA"", ""dB"", ""CN"", ""TR"", ""LV"", ""-"", ""D/E"", ""P"", ""PO"", ""AO"", ""MD"", ""H"", ""반차"", ""X"", ""AM"", ""-"", ""N12"", ""DE"", ""O"", ""O"", ""n"", ""O"", ""O""]",X|N|N|N|N|S|주|NA|DB|CN|TR|LV|-|D/E|P|PO|AO|MD|H|반차|X|AM|-|N12|DE|O|O|N|O|O,X|N|n|N|n|S|주|NA|dB|CN|TR|LV|-|D/E|P|PO|AO|MD|H|반차|X|AM|-|N12|DE|O|O|n|O|O,B21,images/schedule_0004_grouped_hospital.png
schedule_0004,grouped_hospital,4,5,페이지 4/5,schedule_0004,SCHEDULE_0004_R018,18,22,3파트,김지우,김,1,10689959,金,bundled_fallback_top100,https://www.rootsinfo.co.kr/info/roots/table_sung15.php,지우,2007,female,30,"[""D5"", ""E"", ""OFF"", ""N"", ""N"", ""특"", ""E"", ""N12"", ""M"", ""LD"", ""D12"", ""CCL"", ""DO"", ""MTG"", ""AM"", ""DE"", ""H"", ""LD"", ""-"", ""RO"", ""MID"", ""D12"", ""LD"", ""특휴"", ""SB"", ""출산"", ""P"", ""LD"", ""PMH"", ""AM""]","[""D5"", ""e"", ""OFF"", ""N"", ""N"", ""특"", ""E"", ""N12"", ""M"", ""LD"", ""D12"", ""CCL"", ""dO"", ""mtg"", ""AM"", ""de"", ""H"", ""LD"", ""-"", ""RO"", ""MID"", ""D12"", ""lD"", ""특휴"", ""SB"", ""출산"", ""P"", ""LD"", ""PMH"", ""AM""]",D5|E|OFF|N|N|특|E|N12|M|LD|D12|CCL|DO|MTG|AM|DE|H|LD|-|RO|MID|D12|LD|특휴|SB|출산|P|LD|PMH|AM,D5|e|OFF|N|N|특|E|N12|M|LD|D12|CCL|dO|mtg|AM|de|H|LD|-|RO|MID|D12|lD|특휴|SB|출산|P|LD|PMH|AM,B22,images/schedule_0004_grouped_hospital.png
schedule_0004,grouped_hospital,4,5,페이지 4/5,schedule_0004,SCHEDULE_0004_R019,19,23,3파트,조준호,조,7,1453827,趙|曺,bundled_fallback_top100,https://www.rootsinfo.co.kr/info/roots/table_sung15.php,준호,1996,male,30,"[""M"", ""CCL"", ""D5"", ""N12"", ""NB"", ""WO"", ""S"", ""OH"", ""CB"", ""AM"", ""특휴"", ""Off"", ""N"", ""N"", ""M"", ""PO"", ""S"", ""LD"", ""OT"", ""ADO"", ""LD"", ""PH"", ""N"", ""F"", ""E"", ""N"", ""N"", ""NO"", ""MC"", ""휴무""]","[""M"", ""CCL"", ""D5"", ""N12"", ""nb"", ""WO"", ""s"", ""OH"", ""CB"", ""AM"", ""특휴"", ""Off"", ""n"", ""n"", ""M"", ""PO"", ""S"", ""LD"", ""OT"", ""ADO"", ""LD"", ""ph"", ""N"", ""F"", ""E"", ""N"", ""N"", ""NO"", ""MC"", ""휴무""]",M|CCL|D5|N12|NB|WO|S|OH|CB|AM|특휴|Off|N|N|M|PO|S|LD|OT|ADO|LD|PH|N|F|E|N|N|NO|MC|휴무,M|CCL|D5|N12|nb|WO|s|OH|CB|AM|특휴|Off|n|n|M|PO|S|LD|OT|ADO|LD|ph|N|F|E|N|N|NO|MC|휴무,B23,images/schedule_0004_grouped_hospital.png
schedule_0004,grouped_hospital,4,5,페이지 4/5,schedule_0004,SCHEDULE_0004_R020,20,24,3파트,박은정,박,3,4192074,朴,bundled_fallback_top100,https://www.rootsinfo.co.kr/info/roots/table_sung15.php,은정,1974,female,30,"[""주"", ""LD"", ""DE"", ""PM"", ""DE"", ""TRN"", ""TRN"", ""IC"", ""LD"", ""OF"", ""대기"", ""D/E"", ""—"", ""AM"", ""휴"", ""H"", ""RD"", ""STL"", ""DN"", ""D5"", ""D/E"", ""EXT"", ""D"", ""OFF"", ""O"", ""OFF"", ""D"", ""OFF"", ""-"", ""AO""]","[""주"", ""Ld"", ""DE"", ""PM"", ""dE"", ""TRN"", ""TRN"", ""Ic"", ""LD"", ""OF"", ""대기"", ""D/e"", ""—"", ""AM"", ""휴"", ""H"", ""RD"", ""stL"", ""DN"", ""D5"", ""D/E"", ""EXT"", ""D"", ""OFF"", ""o"", ""OFf"", ""D"", ""oFf"", ""-"", ""AO""]",주|LD|DE|PM|DE|TRN|TRN|IC|LD|OF|대기|D/E|—|AM|휴|H|RD|STL|DN|D5|D/E|EXT|D|OFF|O|OFF|D|OFF|-|AO,주|Ld|DE|PM|dE|TRN|TRN|Ic|LD|OF|대기|D/e|—|AM|휴|H|RD|stL|DN|D5|D/E|EXT|D|OFF|o|OFf|D|oFf|-|AO,B24,images/schedule_0004_grouped_hospital.png
schedule_0004,grouped_hospital,4,5,페이지 4/5,schedule_0004,SCHEDULE_0004_R021,21,25,3파트,권미숙,권,15,705941,權,bundled_fallback_top100,https://www.rootsinfo.co.kr/info/roots/table_sung15.php,미숙,1972,female,30,"[""P"", ""NO"", ""AM"", ""S"", ""OF"", ""CALL"", ""MID"", ""M"", ""파견"", ""연차"", ""NB"", ""N"", ""SD"", ""LD"", ""E"", ""D/E"", ""RD"", ""NB"", ""NB"", ""D/E"", ""RO"", ""MID"", ""D"", ""O"", ""E"", ""O"", ""E"", ""N"", ""O"", ""D""]","[""P"", ""No"", ""aM"", ""S"", ""OF"", ""CALL"", ""mID"", ""M"", ""파견"", ""연차"", ""NB"", ""n"", ""SD"", ""lD"", ""E"", ""D/e"", ""RD"", ""NB"", ""NB"", ""D/E"", ""RO"", ""mId"", ""D"", ""O"", ""E"", ""O"", ""E"", ""N"", ""o"", ""D""]",P|NO|AM|S|OF|CALL|MID|M|파견|연차|NB|N|SD|LD|E|D/E|RD|NB|NB|D/E|RO|MID|D|O|E|O|E|N|O|D,P|No|aM|S|OF|CALL|mID|M|파견|연차|NB|n|SD|lD|E|D/e|RD|NB|NB|D/E|RO|mId|D|O|E|O|E|N|o|D,B25,images/schedule_0004_grouped_hospital.png
schedule_0004,grouped_hospital,4,5,페이지 4/5,schedule_0004,SCHEDULE_0004_R022,22,26,3파트,박수빈,박,3,4192074,朴,bundled_fallback_top100,https://www.rootsinfo.co.kr/info/roots/table_sung15.php,수빈,1997,female,30,"[""LD"", ""OFF"", ""OFF"", ""OFF"", ""N"", ""N"", ""휴"", ""N"", ""N"", ""N"", ""N"", ""D12"", ""NO"", ""N12"", ""NA"", ""AM"", ""LD"", ""NO"", ""D12"", ""N12"", ""N12"", ""DE"", ""MID"", ""AM"", ""DB"", ""CCL"", ""D"", ""M"", ""S"", ""off""]","[""LD"", ""OFF"", ""OFF"", ""OFF"", ""N"", ""N"", ""휴"", ""N"", ""N"", ""n"", ""N"", ""d12"", ""NO"", ""N12"", ""na"", ""AM"", ""LD"", ""NO"", ""D12"", ""N12"", ""n12"", ""DE"", ""MID"", ""AM"", ""DB"", ""CCL"", ""D"", ""M"", ""S"", ""off""]",LD|OFF|OFF|OFF|N|N|휴|N|N|N|N|D12|NO|N12|NA|AM|LD|NO|D12|N12|N12|DE|MID|AM|DB|CCL|D|M|S|off,LD|OFF|OFF|OFF|N|N|휴|N|N|n|N|d12|NO|N12|na|AM|LD|NO|D12|N12|n12|DE|MID|AM|DB|CCL|D|M|S|off,B26,images/schedule_0004_grouped_hospital.png
schedule_0004,grouped_hospital,4,5,페이지 4/5,schedule_0004,SCHEDULE_0004_R023,23,27,3파트,홍민지,홍,20,558853,洪,bundled_fallback_top100,https://www.rootsinfo.co.kr/info/roots/table_sung15.php,민지,2002,female,30,"[""NO"", ""OFF"", ""E"", ""O"", ""N"", ""N"", ""OFF"", ""O"", ""E"", ""OFF"", ""OFF"", ""N"", ""H"", ""OF"", ""SUP"", ""ON"", ""NB"", ""D5"", ""D5"", ""E"", ""off"", ""N"", ""N"", ""N"", ""N"", ""N"", ""N"", ""NO"", ""M"", ""SD""]","[""NO"", ""OFF"", ""E"", ""o"", ""N"", ""N"", ""oFf"", ""O"", ""E"", ""OFF"", ""OFF"", ""N"", ""h"", ""oF"", ""SUP"", ""ON"", ""NB"", ""D5"", ""d5"", ""E"", ""off"", ""N"", ""N"", ""N"", ""N"", ""N"", ""N"", ""NO"", ""M"", ""sD""]",NO|OFF|E|O|N|N|OFF|O|E|OFF|OFF|N|H|OF|SUP|ON|NB|D5|D5|E|off|N|N|N|N|N|N|NO|M|SD,NO|OFF|E|o|N|N|oFf|O|E|OFF|OFF|N|h|oF|SUP|ON|NB|D5|d5|E|off|N|N|N|N|N|N|NO|M|sD,B27,images/schedule_0004_grouped_hospital.png
schedule_0004,grouped_hospital,4,5,페이지 4/5,schedule_0004,SCHEDULE_0004_R024,24,28,3파트,윤미숙,윤,8,1020547,尹,bundled_fallback_top100,https://www.rootsinfo.co.kr/info/roots/table_sung15.php,미숙,1972,female,30,"[""PH"", ""Off"", ""O"", ""N"", ""O"", ""OT"", ""DE"", ""CB"", ""PH"", ""MID"", ""ADO"", ""DE"", ""X"", ""N12"", ""MD"", ""STL"", ""D"", ""D"", ""D5"", ""OFF"", ""D"", ""OFF"", ""O"", ""O"", ""PACU"", ""O"", ""N"", ""E"", ""OFF"", ""파견""]","[""pH"", ""Off"", ""O"", ""N"", ""o"", ""OT"", ""de"", ""cb"", ""PH"", ""MID"", ""ADO"", ""DE"", ""X"", ""N12"", ""MD"", ""STL"", ""D"", ""D"", ""D5"", ""OFF"", ""D"", ""OFF"", ""O"", ""O"", ""pACU"", ""o"", ""n"", ""E"", ""OFF"", ""파견""]",PH|Off|O|N|O|OT|DE|CB|PH|MID|ADO|DE|X|N12|MD|STL|D|D|D5|OFF|D|OFF|O|O|PACU|O|N|E|OFF|파견,pH|Off|O|N|o|OT|de|cb|PH|MID|ADO|DE|X|N12|MD|STL|D|D|D5|OFF|D|OFF|O|O|pACU|o|n|E|OFF|파견,B28,images/schedule_0004_grouped_hospital.png
schedule_0005,parted_pdf,5,5,페이지 5/5,schedule_0005,SCHEDULE_0005_R001,1,5,1파트,유선영,유,21,949428,柳|劉|兪,bundled_fallback_top100,https://www.rootsinfo.co.kr/info/roots/table_sung15.php,선영,1983,female,31,"[""A"", ""휴가"", ""MID"", ""A"", ""P"", ""WO"", ""DE"", ""ML"", ""DE"", ""PH"", ""ED"", ""MID"", ""A"", ""M"", ""연가"", ""PH"", ""N12"", ""DB"", ""N"", ""N"", ""N"", ""N"", ""NB"", ""D"", ""M"", ""LD"", ""D"", ""O"", ""E"", ""PM"", ""O""]","[""A"", ""휴가"", ""MID"", ""a"", ""P"", ""WO"", ""dE"", ""ML"", ""DE"", ""PH"", ""eD"", ""MiD"", ""A"", ""M"", ""연가"", ""ph"", ""n12"", ""DB"", ""n"", ""n"", ""N"", ""n"", ""Nb"", ""D"", ""m"", ""LD"", ""D"", ""O"", ""E"", ""PM"", ""O""]",A|휴가|MID|A|P|WO|DE|ML|DE|PH|ED|MID|A|M|연가|PH|N12|DB|N|N|N|N|NB|D|M|LD|D|O|E|PM|O,A|휴가|MID|a|P|WO|dE|ML|DE|PH|eD|MiD|A|M|연가|ph|n12|DB|n|n|N|n|Nb|D|m|LD|D|O|E|PM|O,B5,images/schedule_0005_parted_pdf.png
schedule_0005,parted_pdf,5,5,페이지 5/5,schedule_0005,SCHEDULE_0005_R002,2,6,1파트,지지현,지,50,153491,池,bundled_fallback_top100,https://www.rootsinfo.co.kr/info/roots/table_sung15.php,지현,1989,female,31,"[""D12"", ""CL"", ""H"", ""A"", ""RD"", ""AM"", ""당"", ""ER"", ""OF"", ""OT"", ""D"", ""OFF"", ""O"", ""N"", ""O"", ""BL"", ""ML"", ""P"", ""DE"", ""DO"", ""NB"", ""공"", ""교육"", ""CCL"", ""NB"", ""Off"", ""OFF"", ""반"", ""SUP"", ""PM"", ""AM""]","[""D12"", ""CL"", ""H"", ""A"", ""RD"", ""am"", ""당"", ""ER"", ""OF"", ""ot"", ""D"", ""OFF"", ""O"", ""N"", ""O"", ""BL"", ""ML"", ""P"", ""de"", ""Do"", ""nb"", ""공"", ""교육"", ""ccl"", ""NB"", ""Off"", ""oFF"", ""반"", ""SUP"", ""pM"", ""am""]",D12|CL|H|A|RD|AM|당|ER|OF|OT|D|OFF|O|N|O|BL|ML|P|DE|DO|NB|공|교육|CCL|NB|Off|OFF|반|SUP|PM|AM,D12|CL|H|A|RD|am|당|ER|OF|ot|D|OFF|O|N|O|BL|ML|P|de|Do|nb|공|교육|ccl|NB|Off|oFF|반|SUP|pM|am,B6,images/schedule_0005_parted_pdf.png
schedule_0005,parted_pdf,5,5,페이지 5/5,schedule_0005,SCHEDULE_0005_R003,3,7,1파트,우수진,우,40,194713,禹,bundled_fallback_top100,https://www.rootsinfo.co.kr/info/roots/table_sung15.php,수진,1987,female,31,"[""-"", ""A"", ""CB"", ""DN"", ""D5"", ""OR"", ""N"", ""OFF"", ""D"", ""E"", ""OFF"", ""M"", ""AM"", ""AO"", ""CCL"", ""NO"", ""P"", ""NA"", ""DE"", ""N"", ""육아휴직"", ""N"", ""N"", ""F"", ""f"", ""D"", ""D"", ""F"", ""D"", ""D"", ""OFF""]","[""-"", ""A"", ""CB"", ""Dn"", ""D5"", ""OR"", ""N"", ""OFF"", ""D"", ""E"", ""OfF"", ""M"", ""aM"", ""ao"", ""CCL"", ""NO"", ""P"", ""NA"", ""DE"", ""N"", ""육아휴직"", ""N"", ""N"", ""F"", ""f"", ""D"", ""D"", ""F"", ""d"", ""d"", ""OFF""]",-|A|CB|DN|D5|OR|N|OFF|D|E|OFF|M|AM|AO|CCL|NO|P|NA|DE|N|육아휴직|N|N|F|f|D|D|F|D|D|OFF,-|A|CB|Dn|D5|OR|N|OFF|D|E|OfF|M|aM|ao|CCL|NO|P|NA|DE|N|육아휴직|N|N|F|f|D|D|F|d|d|OFF,B7,images/schedule_0005_parted_pdf.png
schedule_0005,parted_pdf,5,5,페이지 5/5,schedule_0005,SCHEDULE_0005_R004,4,8,1파트,박현정,박,3,4192074,朴,bundled_fallback_top100,https://www.rootsinfo.co.kr/info/roots/table_sung15.php,현정,1993,female,31,"[""-"", ""N"", ""DB"", ""PM"", ""N12"", ""H+"", ""EH"", ""보건"", ""—"", ""RD"", ""S"", ""S"", ""DO"", ""M"", ""TR"", ""NB"", ""WO"", ""LD"", ""D"", ""O"", ""E"", ""E"", ""E"", ""OFF"", ""D"", ""D"", ""MD"", ""UPL"", ""DN"", ""N"", ""NO""]","[""-"", ""N"", ""DB"", ""PM"", ""n12"", ""H+"", ""Eh"", ""보건"", ""—"", ""RD"", ""S"", ""S"", ""DO"", ""M"", ""tR"", ""NB"", ""WO"", ""LD"", ""D"", ""o"", ""E"", ""E"", ""E"", ""Off"", ""d"", ""d"", ""MD"", ""UPL"", ""DN"", ""N"", ""NO""]",-|N|DB|PM|N12|H+|EH|보건|—|RD|S|S|DO|M|TR|NB|WO|LD|D|O|E|E|E|OFF|D|D|MD|UPL|DN|N|NO,-|N|DB|PM|n12|H+|Eh|보건|—|RD|S|S|DO|M|tR|NB|WO|LD|D|o|E|E|E|Off|d|d|MD|UPL|DN|N|NO,B8,images/schedule_0005_parted_pdf.png
schedule_0005,parted_pdf,5,5,페이지 5/5,schedule_0005,SCHEDULE_0005_R005,5,9,1파트,금지원,금,85,25432,琴,bundled_fallback_top100,https://www.rootsinfo.co.kr/info/roots/table_sung15.php,지원,2006,female,31,"[""WS"", ""N12"", ""V"", ""LD"", ""PH"", ""WS"", ""PL"", ""AM"", ""DB"", ""D/E"", ""ONC"", ""BL"", ""N12"", ""N"", ""NO"", ""H"", ""AO"", ""보건"", ""D"", ""OFF"", ""O"", ""E"", ""N"", ""N"", ""N"", ""RD"", ""P"", ""CONF"", ""DB"", ""D"", ""N12""]","[""ws"", ""n12"", ""v"", ""LD"", ""PH"", ""WS"", ""PL"", ""aM"", ""DB"", ""D/E"", ""ONC"", ""BL"", ""N12"", ""N"", ""NO"", ""H"", ""ao"", ""보건"", ""D"", ""OFF"", ""O"", ""E"", ""n"", ""N"", ""N"", ""RD"", ""P"", ""CONF"", ""Db"", ""D"", ""N12""]",WS|N12|V|LD|PH|WS|PL|AM|DB|D/E|ONC|BL|N12|N|NO|H|AO|보건|D|OFF|O|E|N|N|N|RD|P|CONF|DB|D|N12,ws|n12|v|LD|PH|WS|PL|aM|DB|D/E|ONC|BL|N12|N|NO|H|ao|보건|D|OFF|O|E|n|N|N|RD|P|CONF|Db|D|N12,B9,images/schedule_0005_parted_pdf.png
schedule_0005,parted_pdf,5,5,페이지 5/5,schedule_0005,SCHEDULE_0005_R006,6,10,1파트,김성진,김,1,10689959,金,bundled_fallback_top100,https://www.rootsinfo.co.kr/info/roots/table_sung15.php,성진,1977,male,31,"[""Off"", ""D5"", ""M"", ""PM"", ""Off"", ""N"", ""NO"", ""PH"", ""T"", ""DE"", ""OT"", ""AL"", ""CL"", ""CB"", ""TOIL"", ""O"", ""MD"", ""OPD"", ""DN"", ""EDU"", ""OFF"", ""D12"", ""D12"", ""NA"", ""DN"", ""NB"", ""비번"", ""PH"", ""DE"", ""NA"", ""OF""]","[""oFf"", ""D5"", ""M"", ""pM"", ""Off"", ""N"", ""NO"", ""PH"", ""T"", ""DE"", ""OT"", ""AL"", ""Cl"", ""cb"", ""TOIL"", ""O"", ""MD"", ""OPD"", ""DN"", ""EDU"", ""OFF"", ""D12"", ""d12"", ""NA"", ""Dn"", ""NB"", ""비번"", ""PH"", ""DE"", ""Na"", ""OF""]",Off|D5|M|PM|Off|N|NO|PH|T|DE|OT|AL|CL|CB|TOIL|O|MD|OPD|DN|EDU|OFF|D12|D12|NA|DN|NB|비번|PH|DE|NA|OF,oFf|D5|M|pM|Off|N|NO|PH|T|DE|OT|AL|Cl|cb|TOIL|O|MD|OPD|DN|EDU|OFF|D12|d12|NA|Dn|NB|비번|PH|DE|Na|OF,B10,images/schedule_0005_parted_pdf.png
schedule_0005,parted_pdf,5,5,페이지 5/5,schedule_0005,SCHEDULE_0005_R007,7,11,1파트,백현주,백,28,381986,白,bundled_fallback_top100,https://www.rootsinfo.co.kr/info/roots/table_sung15.php,현주,1983,female,31,"[""M"", ""E"", ""N"", ""N"", ""N"", ""O"", ""D"", ""NA"", ""NB"", ""RD"", ""N12"", ""당"", ""LD"", ""SB"", ""E"", ""O"", ""O"", ""E"", ""F"", ""F"", ""E"", ""O"", ""N"", ""NO"", ""MID"", ""PM"", ""DN"", ""X"", ""병가"", ""N12"", ""A""]","[""m"", ""e"", ""N"", ""N"", ""N"", ""O"", ""d"", ""NA"", ""nB"", ""RD"", ""N12"", ""당"", ""LD"", ""SB"", ""E"", ""O"", ""O"", ""E"", ""f"", ""F"", ""e"", ""o"", ""N"", ""NO"", ""MID"", ""PM"", ""DN"", ""X"", ""병가"", ""N12"", ""A""]",M|E|N|N|N|O|D|NA|NB|RD|N12|당|LD|SB|E|O|O|E|F|F|E|O|N|NO|MID|PM|DN|X|병가|N12|A,m|e|N|N|N|O|d|NA|nB|RD|N12|당|LD|SB|E|O|O|E|f|F|e|o|N|NO|MID|PM|DN|X|병가|N12|A,B11,images/schedule_0005_parted_pdf.png
schedule_0005,parted_pdf,5,5,페이지 5/5,schedule_0005,SCHEDULE_0005_R008,8,12,1파트,이현우,이,2,7306828,李,bundled_fallback_top100,https://www.rootsinfo.co.kr/info/roots/table_sung15.php,현우,1997,male,31,"[""Off"", ""OFF"", ""—"", ""H"", ""MAT"", ""D/E"", ""SH"", ""WO"", ""NO"", ""AL"", ""DO"", ""AO"", ""MD"", ""NB"", ""f"", ""D5"", ""N"", ""NO"", ""ONC"", ""PH"", ""D12"", ""MD"", ""-"", ""D5"", ""H"", ""PO"", ""N12"", ""ADO"", ""ADO"", ""WO"", ""S""]","[""Off"", ""off"", ""—"", ""H"", ""MAT"", ""d/E"", ""SH"", ""WO"", ""NO"", ""al"", ""DO"", ""aO"", ""MD"", ""NB"", ""f"", ""D5"", ""N"", ""No"", ""ONC"", ""PH"", ""D12"", ""mD"", ""-"", ""D5"", ""h"", ""po"", ""N12"", ""Ado"", ""adO"", ""WO"", ""S""]",Off|OFF|—|H|MAT|D/E|SH|WO|NO|AL|DO|AO|MD|NB|f|D5|N|NO|ONC|PH|D12|MD|-|D5|H|PO|N12|ADO|ADO|WO|S,Off|off|—|H|MAT|d/E|SH|WO|NO|al|DO|aO|MD|NB|f|D5|N|No|ONC|PH|D12|mD|-|D5|h|po|N12|Ado|adO|WO|S,B12,images/schedule_0005_parted_pdf.png
schedule_0005,parted_pdf,5,5,페이지 5/5,schedule_0005,SCHEDULE_0005_R009,9,13,1파트,조지혜,조,7,1453827,趙|曺,bundled_fallback_top100,https://www.rootsinfo.co.kr/info/roots/table_sung15.php,지혜,1985,female,31,"[""SB"", ""E"", ""A"", ""S"", ""DE"", ""NB"", ""off"", ""WS"", ""DN"", ""UN"", ""PM"", ""휴"", ""P"", ""DB"", ""TL"", ""AO"", ""P"", ""P"", ""PO"", ""DB"", ""AM"", ""PO"", ""NB"", ""E"", ""D5"", ""SD"", ""H"", ""-"", ""NB"", ""주"", ""MD""]","[""SB"", ""e"", ""A"", ""S"", ""DE"", ""NB"", ""off"", ""WS"", ""DN"", ""un"", ""PM"", ""휴"", ""p"", ""DB"", ""TL"", ""AO"", ""P"", ""P"", ""PO"", ""DB"", ""AM"", ""Po"", ""Nb"", ""E"", ""d5"", ""SD"", ""h"", ""-"", ""NB"", ""주"", ""md""]",SB|E|A|S|DE|NB|off|WS|DN|UN|PM|휴|P|DB|TL|AO|P|P|PO|DB|AM|PO|NB|E|D5|SD|H|-|NB|주|MD,SB|e|A|S|DE|NB|off|WS|DN|un|PM|휴|p|DB|TL|AO|P|P|PO|DB|AM|Po|Nb|E|d5|SD|h|-|NB|주|md,B13,images/schedule_0005_parted_pdf.png
schedule_0005,parted_pdf,5,5,페이지 5/5,schedule_0005,SCHEDULE_0005_R010,10,14,2파트,변순희,변,60,138789,卞|邊,bundled_fallback_top100,https://www.rootsinfo.co.kr/info/roots/table_sung15.php,순희,1968,female,31,"[""MID"", ""DE"", ""SD"", ""N"", ""N"", ""O"", ""PM"", ""A"", ""IH"", ""NB"", ""LD"", ""PM"", ""CSSD"", ""N12"", ""RD"", ""BDO"", ""D"", ""OFF"", ""휴무"", ""LD"", ""AM"", ""N"", ""NO"", ""AL"", ""SH"", ""WO"", ""SD"", ""OT"", ""LD"", ""DB"", ""H""]","[""MID"", ""de"", ""SD"", ""N"", ""n"", ""O"", ""Pm"", ""a"", ""IH"", ""NB"", ""ld"", ""Pm"", ""CSSD"", ""N12"", ""rd"", ""BDO"", ""D"", ""OFF"", ""휴무"", ""LD"", ""AM"", ""N"", ""NO"", ""AL"", ""sh"", ""wo"", ""SD"", ""OT"", ""LD"", ""DB"", ""H""]",MID|DE|SD|N|N|O|PM|A|IH|NB|LD|PM|CSSD|N12|RD|BDO|D|OFF|휴무|LD|AM|N|NO|AL|SH|WO|SD|OT|LD|DB|H,MID|de|SD|N|n|O|Pm|a|IH|NB|ld|Pm|CSSD|N12|rd|BDO|D|OFF|휴무|LD|AM|N|NO|AL|sh|wo|SD|OT|LD|DB|H,B14,images/schedule_0005_parted_pdf.png
schedule_0005,parted_pdf,5,5,페이지 5/5,schedule_0005,SCHEDULE_0005_R011,11,15,2파트,곽명숙,곽,36,203188,郭,bundled_fallback_top100,https://www.rootsinfo.co.kr/info/roots/table_sung15.php,명숙,1970,female,31,"[""—"", ""PM"", ""MID"", ""특휴"", ""출산휴가"", ""NB"", ""M"", ""SUP"", ""LD"", ""P"", ""M"", ""ED"", ""PO"", ""SD"", ""DB"", ""A"", ""SD"", ""노"", ""ANL"", ""D"", ""D"", ""D"", ""D"", ""E"", ""N"", ""NB"", ""ADO"", ""SD"", ""MID"", ""-"", ""X""]","[""—"", ""PM"", ""MID"", ""특휴"", ""출산휴가"", ""Nb"", ""M"", ""SUP"", ""Ld"", ""P"", ""M"", ""ED"", ""PO"", ""sD"", ""DB"", ""A"", ""SD"", ""노"", ""AnL"", ""D"", ""d"", ""d"", ""D"", ""e"", ""N"", ""NB"", ""ADO"", ""SD"", ""Mid"", ""-"", ""X""]",—|PM|MID|특휴|출산휴가|NB|M|SUP|LD|P|M|ED|PO|SD|DB|A|SD|노|ANL|D|D|D|D|E|N|NB|ADO|SD|MID|-|X,—|PM|MID|특휴|출산휴가|Nb|M|SUP|Ld|P|M|ED|PO|sD|DB|A|SD|노|AnL|D|d|d|D|e|N|NB|ADO|SD|Mid|-|X,B15,images/schedule_0005_parted_pdf.png
schedule_0005,parted_pdf,5,5,페이지 5/5,schedule_0005,SCHEDULE_0005_R012,12,16,2파트,안수연,안,17,685639,安,bundled_fallback_top100,https://www.rootsinfo.co.kr/info/roots/table_sung15.php,수연,1986,female,31,"[""S"", ""OFF"", ""N"", ""OFF"", ""N12"", ""M"", ""SD"", ""HL"", ""E"", ""E"", ""LD"", ""AM"", ""VAC"", ""NPL"", ""AM"", ""EH"", ""E"", ""N"", ""M"", ""—"", ""OFF"", ""D"", ""SUP"", ""O"", ""O"", ""MID"", ""SD"", ""MD"", ""OH"", ""RD"", ""H""]","[""s"", ""OFF"", ""N"", ""OFf"", ""N12"", ""M"", ""SD"", ""HL"", ""E"", ""E"", ""LD"", ""AM"", ""VAC"", ""NPL"", ""AM"", ""EH"", ""E"", ""N"", ""m"", ""—"", ""OFF"", ""D"", ""SUP"", ""O"", ""O"", ""MID"", ""SD"", ""Md"", ""OH"", ""RD"", ""H""]",S|OFF|N|OFF|N12|M|SD|HL|E|E|LD|AM|VAC|NPL|AM|EH|E|N|M|—|OFF|D|SUP|O|O|MID|SD|MD|OH|RD|H,s|OFF|N|OFf|N12|M|SD|HL|E|E|LD|AM|VAC|NPL|AM|EH|E|N|m|—|OFF|D|SUP|O|O|MID|SD|Md|OH|RD|H,B16,images/schedule_0005_parted_pdf.png
schedule_0005,parted_pdf,5,5,페이지 5/5,schedule_0005,SCHEDULE_0005_R013,13,17,2파트,양유진,양,24,529701,梁|楊,bundled_fallback_top100,https://www.rootsinfo.co.kr/info/roots/table_sung15.php,유진,2002,female,31,"[""PM"", ""N12"", ""D12"", ""CSSD"", ""D5"", ""MTG"", ""LD"", ""N12"", ""UPL"", ""S"", ""DN"", ""STBY"", ""NO"", ""X"", ""D"", ""D"", ""OFF"", ""TOIL"", ""D12"", ""D"", ""F"", ""E"", ""N"", ""N"", ""O"", ""MD"", ""LD"", ""N12"", ""MD"", ""O"", ""E""]","[""PM"", ""N12"", ""D12"", ""cSSD"", ""D5"", ""MTG"", ""LD"", ""N12"", ""UPL"", ""S"", ""Dn"", ""STBY"", ""No"", ""X"", ""D"", ""D"", ""OFF"", ""TOIL"", ""D12"", ""D"", ""f"", ""e"", ""N"", ""N"", ""o"", ""MD"", ""LD"", ""n12"", ""MD"", ""O"", ""E""]",PM|N12|D12|CSSD|D5|MTG|LD|N12|UPL|S|DN|STBY|NO|X|D|D|OFF|TOIL|D12|D|F|E|N|N|O|MD|LD|N12|MD|O|E,PM|N12|D12|cSSD|D5|MTG|LD|N12|UPL|S|Dn|STBY|No|X|D|D|OFF|TOIL|D12|D|f|e|N|N|o|MD|LD|n12|MD|O|E,B17,images/schedule_0005_parted_pdf.png
schedule_0005,parted_pdf,5,5,페이지 5/5,schedule_0005,SCHEDULE_0005_R014,14,18,2파트,최은주,최,4,2333927,崔,bundled_fallback_top100,https://www.rootsinfo.co.kr/info/roots/table_sung15.php,은주,1981,female,31,"[""DB"", ""AO"", ""D"", ""OFF"", ""O"", ""DB"", ""DB"", ""OC"", ""Off"", ""O"", ""N"", ""특"", ""E"", ""F"", ""f"", ""F"", ""N"", ""병"", ""OFF"", ""N"", ""연가"", ""f"", ""F"", ""F"", ""PM"", ""노조"", ""WO"", ""N12"", ""BDO"", ""LD"", ""A""]","[""dB"", ""Ao"", ""d"", ""OfF"", ""O"", ""DB"", ""DB"", ""OC"", ""ofF"", ""O"", ""N"", ""특"", ""e"", ""f"", ""f"", ""f"", ""n"", ""병"", ""OFF"", ""N"", ""연가"", ""f"", ""F"", ""F"", ""Pm"", ""노조"", ""wO"", ""N12"", ""BDO"", ""LD"", ""A""]",DB|AO|D|OFF|O|DB|DB|OC|Off|O|N|특|E|F|f|F|N|병|OFF|N|연가|f|F|F|PM|노조|WO|N12|BDO|LD|A,dB|Ao|d|OfF|O|DB|DB|OC|ofF|O|N|특|e|f|f|f|n|병|OFF|N|연가|f|F|F|Pm|노조|wO|N12|BDO|LD|A,B18,images/schedule_0005_parted_pdf.png
schedule_0005,parted_pdf,5,5,페이지 5/5,schedule_0005,SCHEDULE_0005_R015,15,19,2파트,위민지,위,78,31342,魏,bundled_fallback_top100,https://www.rootsinfo.co.kr/info/roots/table_sung15.php,민지,1996,female,31,"[""PM"", ""WO"", ""STBY"", ""PM"", ""NO"", ""ANL"", ""D5"", ""OF"", ""ER"", ""SL"", ""D12"", ""NA"", ""M"", ""D5"", ""ONC"", ""M"", ""P"", ""RO"", ""DB"", ""DE"", ""AM"", ""P"", ""PH"", ""교육"", ""교육"", ""E"", ""N"", ""휴"", ""DO"", ""D"", ""UN""]","[""PM"", ""WO"", ""STBY"", ""PM"", ""NO"", ""aNl"", ""d5"", ""OF"", ""ER"", ""SL"", ""D12"", ""na"", ""M"", ""D5"", ""ONC"", ""M"", ""P"", ""RO"", ""DB"", ""DE"", ""am"", ""p"", ""PH"", ""교육"", ""교육"", ""E"", ""n"", ""휴"", ""DO"", ""d"", ""uN""]",PM|WO|STBY|PM|NO|ANL|D5|OF|ER|SL|D12|NA|M|D5|ONC|M|P|RO|DB|DE|AM|P|PH|교육|교육|E|N|휴|DO|D|UN,PM|WO|STBY|PM|NO|aNl|d5|OF|ER|SL|D12|na|M|D5|ONC|M|P|RO|DB|DE|am|p|PH|교육|교육|E|n|휴|DO|d|uN,B19,images/schedule_0005_parted_pdf.png
schedule_0005,parted_pdf,5,5,페이지 5/5,schedule_0005,SCHEDULE_0005_R016,16,20,2파트,이지혜,이,2,7306828,李,bundled_fallback_top100,https://www.rootsinfo.co.kr/info/roots/table_sung15.php,지혜,1987,female,31,"[""MID"", ""DB"", ""N"", ""반"", ""PM"", ""D12"", ""MD"", ""DB"", ""M"", ""WO"", ""H⁺"", ""D5"", ""DB"", ""D/E"", ""육아"", ""D/E"", ""A/L"", ""PM"", ""E"", ""P"", ""SL"", ""DH"", ""DN"", ""HL"", ""MID"", ""AO"", ""NB"", ""P"", ""WO"", ""S"", ""공""]","[""MID"", ""db"", ""N"", ""반"", ""pm"", ""d12"", ""md"", ""DB"", ""M"", ""WO"", ""H⁺"", ""D5"", ""DB"", ""d/e"", ""육아"", ""d/e"", ""a/L"", ""PM"", ""E"", ""P"", ""SL"", ""DH"", ""DN"", ""HL"", ""Mid"", ""ao"", ""NB"", ""P"", ""Wo"", ""s"", ""공""]",MID|DB|N|반|PM|D12|MD|DB|M|WO|H⁺|D5|DB|D/E|육아|D/E|A/L|PM|E|P|SL|DH|DN|HL|MID|AO|NB|P|WO|S|공,MID|db|N|반|pm|d12|md|DB|M|WO|H⁺|D5|DB|d/e|육아|d/e|a/L|PM|E|P|SL|DH|DN|HL|Mid|ao|NB|P|Wo|s|공,B20,images/schedule_0005_parted_pdf.png
schedule_0005,parted_pdf,5,5,페이지 5/5,schedule_0005,SCHEDULE_0005_R017,17,21,2파트,정경자,정,5,2395682,鄭|丁,bundled_fallback_top100,https://www.rootsinfo.co.kr/info/roots/table_sung15.php,경자,1967,female,31,"[""T"", ""DB"", ""PH"", ""TOIL"", ""MD"", ""OF"", ""MAT"", ""AM"", ""PM"", ""E"", ""DE"", ""PH"", ""NA"", ""X"", ""NO"", ""PM"", ""AO"", ""보"", ""MID"", ""회의"", ""M"", ""EXT"", ""PM"", ""CSSD"", ""CB"", ""M"", ""D5"", ""H"", ""EDU"", ""OFF"", ""A""]","[""T"", ""DB"", ""PH"", ""Toil"", ""MD"", ""OF"", ""mAT"", ""AM"", ""pm"", ""e"", ""DE"", ""PH"", ""Na"", ""x"", ""NO"", ""PM"", ""AO"", ""보"", ""MID"", ""회의"", ""m"", ""ExT"", ""Pm"", ""CSSd"", ""CB"", ""m"", ""d5"", ""H"", ""EDU"", ""OFF"", ""A""]",T|DB|PH|TOIL|MD|OF|MAT|AM|PM|E|DE|PH|NA|X|NO|PM|AO|보|MID|회의|M|EXT|PM|CSSD|CB|M|D5|H|EDU|OFF|A,T|DB|PH|Toil|MD|OF|mAT|AM|pm|e|DE|PH|Na|x|NO|PM|AO|보|MID|회의|m|ExT|Pm|CSSd|CB|m|d5|H|EDU|OFF|A,B21,images/schedule_0005_parted_pdf.png
schedule_0005,parted_pdf,5,5,페이지 5/5,schedule_0005,SCHEDULE_0005_R018,18,22,2파트,이지현,이,2,7306828,李,bundled_fallback_top100,https://www.rootsinfo.co.kr/info/roots/table_sung15.php,지현,1984,female,31,"[""MTG"", ""DB"", ""노조"", ""D12"", ""E"", ""D5"", ""A"", ""P"", ""M"", ""DO"", ""PM"", ""D12"", ""D"", ""D"", ""O"", ""E"", ""E"", ""BDO"", ""D/E"", ""OPD"", ""특별휴가"", ""DB"", ""MD"", ""E"", ""O"", ""N"", ""OFF"", ""N"", ""F"", ""N"", ""X""]","[""MTG"", ""DB"", ""노조"", ""D12"", ""E"", ""D5"", ""a"", ""p"", ""M"", ""do"", ""PM"", ""D12"", ""D"", ""D"", ""O"", ""E"", ""E"", ""bDO"", ""D/E"", ""OPD"", ""특별휴가"", ""dB"", ""MD"", ""e"", ""O"", ""N"", ""OFF"", ""n"", ""F"", ""n"", ""X""]",MTG|DB|노조|D12|E|D5|A|P|M|DO|PM|D12|D|D|O|E|E|BDO|D/E|OPD|특별휴가|DB|MD|E|O|N|OFF|N|F|N|X,MTG|DB|노조|D12|E|D5|a|p|M|do|PM|D12|D|D|O|E|E|bDO|D/E|OPD|특별휴가|dB|MD|e|O|N|OFF|n|F|n|X,B22,images/schedule_0005_parted_pdf.png
schedule_0005,parted_pdf,5,5,페이지 5/5,schedule_0005,SCHEDULE_0005_R019,19,23,3파트,조재민,조,7,1453827,趙|曺,bundled_fallback_top100,https://www.rootsinfo.co.kr/info/roots/table_sung15.php,재민,1995,male,31,"[""A"", ""N12"", ""ADO"", ""D/E"", ""NB"", ""D12"", ""H⁺"", ""CH"", ""E"", ""E"", ""OH"", ""PM"", ""off"", ""MC"", ""D12"", ""M"", ""S"", ""D/E"", ""S/L"", ""NB"", ""ADO"", ""MID"", ""E"", ""E"", ""OFF"", ""D"", ""OF"", ""Off"", ""E"", ""F"", ""f""]","[""A"", ""N12"", ""ADO"", ""D/E"", ""Nb"", ""D12"", ""h⁺"", ""CH"", ""e"", ""e"", ""OH"", ""PM"", ""ofF"", ""MC"", ""D12"", ""M"", ""S"", ""D/E"", ""S/L"", ""NB"", ""ADO"", ""MID"", ""E"", ""E"", ""OFf"", ""d"", ""Of"", ""Off"", ""E"", ""f"", ""f""]",A|N12|ADO|D/E|NB|D12|H⁺|CH|E|E|OH|PM|off|MC|D12|M|S|D/E|S/L|NB|ADO|MID|E|E|OFF|D|OF|Off|E|F|f,A|N12|ADO|D/E|Nb|D12|h⁺|CH|e|e|OH|PM|ofF|MC|D12|M|S|D/E|S/L|NB|ADO|MID|E|E|OFf|d|Of|Off|E|f|f,B23,images/schedule_0005_parted_pdf.png
schedule_0005,parted_pdf,5,5,페이지 5/5,schedule_0005,SCHEDULE_0005_R020,20,24,3파트,강영숙,강,6,1268472,姜|康,bundled_fallback_top100,https://www.rootsinfo.co.kr/info/roots/table_sung15.php,영숙,1968,female,31,"[""STBY"", ""E"", ""E"", ""A"", ""DE"", ""N"", ""O"", ""DB"", ""NO"", ""A"", ""EH"", ""PO"", ""N12"", ""N"", ""F"", ""D/E"", ""PL"", ""A"", ""P"", ""S"", ""LD"", ""OF"", ""PO"", ""E"", ""INT"", ""DE"", ""LD"", ""ANL"", ""MC"", ""DB"", ""ED""]","[""sTBY"", ""e"", ""E"", ""A"", ""DE"", ""n"", ""o"", ""dB"", ""NO"", ""A"", ""EH"", ""Po"", ""N12"", ""N"", ""f"", ""D/e"", ""PL"", ""a"", ""p"", ""s"", ""Ld"", ""OF"", ""PO"", ""E"", ""Int"", ""dE"", ""LD"", ""ANL"", ""MC"", ""db"", ""Ed""]",STBY|E|E|A|DE|N|O|DB|NO|A|EH|PO|N12|N|F|D/E|PL|A|P|S|LD|OF|PO|E|INT|DE|LD|ANL|MC|DB|ED,sTBY|e|E|A|DE|n|o|dB|NO|A|EH|Po|N12|N|f|D/e|PL|a|p|s|Ld|OF|PO|E|Int|dE|LD|ANL|MC|db|Ed,B24,images/schedule_0005_parted_pdf.png
schedule_0005,parted_pdf,5,5,페이지 5/5,schedule_0005,SCHEDULE_0005_R021,21,25,3파트,민성민,민,45,171740,閔,bundled_fallback_top100,https://www.rootsinfo.co.kr/info/roots/table_sung15.php,성민,1990,male,31,"[""CN"", ""PM"", ""-"", ""OPD"", ""D5"", ""EDU"", ""D12"", ""SL"", ""T"", ""RD"", ""O/C"", ""—"", ""MTG"", ""DN"", ""ANL"", ""NA"", ""CN"", ""AMH"", ""ON"", ""HL"", ""MID"", ""WO"", ""AL"", ""—"", ""UN"", ""-"", ""S"", ""MID"", ""육아"", ""O/C"", ""NA""]","[""CN"", ""pM"", ""-"", ""OPD"", ""D5"", ""EDU"", ""d12"", ""SL"", ""T"", ""RD"", ""O/C"", ""—"", ""MTG"", ""DN"", ""ANL"", ""nA"", ""CN"", ""amh"", ""On"", ""HL"", ""MID"", ""WO"", ""Al"", ""—"", ""UN"", ""-"", ""S"", ""MId"", ""육아"", ""O/C"", ""na""]",CN|PM|-|OPD|D5|EDU|D12|SL|T|RD|O/C|—|MTG|DN|ANL|NA|CN|AMH|ON|HL|MID|WO|AL|—|UN|-|S|MID|육아|O/C|NA,CN|pM|-|OPD|D5|EDU|d12|SL|T|RD|O/C|—|MTG|DN|ANL|nA|CN|amh|On|HL|MID|WO|Al|—|UN|-|S|MId|육아|O/C|na,B25,images/schedule_0005_parted_pdf.png
schedule_0005,parted_pdf,5,5,페이지 5/5,schedule_0005,SCHEDULE_0005_R022,22,26,3파트,오옥희,오,12,763281,吳,bundled_fallback_top100,https://www.rootsinfo.co.kr/info/roots/table_sung15.php,옥희,1970,female,31,"[""OFF"", ""N"", ""OFF"", ""N"", ""NB"", ""SB"", ""RD"", ""F"", ""LD"", ""O"", ""D"", ""O"", ""노조휴가"", ""S"", ""X"", ""MD"", ""D/E"", ""LD"", ""A"", ""TRN"", ""-"", ""D5"", ""TL"", ""P"", ""AO"", ""N"", ""N"", ""DB"", ""D/E"", ""A"", ""S""]","[""OfF"", ""N"", ""OFF"", ""N"", ""NB"", ""SB"", ""RD"", ""F"", ""lD"", ""o"", ""D"", ""O"", ""노조휴가"", ""S"", ""X"", ""md"", ""D/E"", ""lD"", ""A"", ""TRN"", ""-"", ""D5"", ""Tl"", ""p"", ""aO"", ""n"", ""n"", ""DB"", ""d/e"", ""A"", ""s""]",OFF|N|OFF|N|NB|SB|RD|F|LD|O|D|O|노조휴가|S|X|MD|D/E|LD|A|TRN|-|D5|TL|P|AO|N|N|DB|D/E|A|S,OfF|N|OFF|N|NB|SB|RD|F|lD|o|D|O|노조휴가|S|X|md|D/E|lD|A|TRN|-|D5|Tl|p|aO|n|n|DB|d/e|A|s,B26,images/schedule_0005_parted_pdf.png
schedule_0005,parted_pdf,5,5,페이지 5/5,schedule_0005,SCHEDULE_0005_R023,23,27,3파트,신나영,신,14,985823,申|辛|愼,bundled_fallback_top100,https://www.rootsinfo.co.kr/info/roots/table_sung15.php,나영,1987,female,31,"[""PMH"", ""D5"", ""NA"", ""F"", ""D"", ""O"", ""UN"", ""RO"", ""D12"", ""LD"", ""X"", ""PM"", ""NB"", ""MD"", ""DB"", ""-"", ""NO"", ""OF"", ""S"", ""RO"", ""P"", ""OR"", ""A"", ""LD"", ""OF"", ""M"", ""Off"", ""O"", ""SD"", ""SL"", ""D5""]","[""PMH"", ""D5"", ""NA"", ""F"", ""D"", ""O"", ""uN"", ""RO"", ""D12"", ""LD"", ""X"", ""PM"", ""NB"", ""mD"", ""DB"", ""-"", ""no"", ""OF"", ""S"", ""ro"", ""P"", ""or"", ""a"", ""LD"", ""oF"", ""m"", ""oFF"", ""O"", ""Sd"", ""Sl"", ""D5""]",PMH|D5|NA|F|D|O|UN|RO|D12|LD|X|PM|NB|MD|DB|-|NO|OF|S|RO|P|OR|A|LD|OF|M|Off|O|SD|SL|D5,PMH|D5|NA|F|D|O|uN|RO|D12|LD|X|PM|NB|mD|DB|-|no|OF|S|ro|P|or|a|LD|oF|m|oFF|O|Sd|Sl|D5,B27,images/schedule_0005_parted_pdf.png
schedule_0005,parted_pdf,5,5,페이지 5/5,schedule_0005,SCHEDULE_0005_R024,24,28,3파트,김경미,김,1,10689959,金,bundled_fallback_top100,https://www.rootsinfo.co.kr/info/roots/table_sung15.php,경미,1974,female,31,"[""CN"", ""UL"", ""경조사"", ""육"", ""LD"", ""O"", ""PM"", ""O"", ""A"", ""RO"", ""V"", ""P"", ""off"", ""O"", ""D"", ""F"", ""E"", ""E"", ""X"", ""DE"", ""DO"", ""NB"", ""출장"", ""D5"", ""D/E"", ""PO"", ""SB"", ""UPL"", ""SD"", ""ADO"", ""C""]","[""CN"", ""UL"", ""경조사"", ""육"", ""ld"", ""O"", ""Pm"", ""O"", ""a"", ""Ro"", ""V"", ""P"", ""off"", ""O"", ""D"", ""f"", ""E"", ""E"", ""X"", ""DE"", ""DO"", ""nb"", ""출장"", ""D5"", ""D/E"", ""PO"", ""SB"", ""UPL"", ""sD"", ""aDO"", ""C""]",CN|UL|경조사|육|LD|O|PM|O|A|RO|V|P|off|O|D|F|E|E|X|DE|DO|NB|출장|D5|D/E|PO|SB|UPL|SD|ADO|C,CN|UL|경조사|육|ld|O|Pm|O|a|Ro|V|P|off|O|D|f|E|E|X|DE|DO|nb|출장|D5|D/E|PO|SB|UPL|sD|aDO|C,B28,images/schedule_0005_parted_pdf.png
schedule_0005,parted_pdf,5,5,페이지 5/5,schedule_0005,SCHEDULE_0005_R025,25,29,3파트,주나영,주,39,232006,朱|周,bundled_fallback_top100,https://www.rootsinfo.co.kr/info/roots/table_sung15.php,나영,1987,female,31,"[""AM"", ""OF"", ""NA"", ""PH"", ""NB"", ""HELP"", ""WO"", ""S"", ""N"", ""F"", ""D"", ""O"", ""D/E"", ""ADO"", ""E"", ""DO"", ""E"", ""E"", ""O"", ""E"", ""-"", ""MAT"", ""노"", ""N"", ""O"", ""ADO"", ""노"", ""ICU"", ""PM"", ""S"", ""-""]","[""AM"", ""OF"", ""NA"", ""PH"", ""NB"", ""HELP"", ""Wo"", ""S"", ""n"", ""F"", ""D"", ""O"", ""D/E"", ""ADO"", ""e"", ""DO"", ""E"", ""E"", ""O"", ""E"", ""-"", ""Mat"", ""노"", ""N"", ""O"", ""ADO"", ""노"", ""ICU"", ""pm"", ""s"", ""-""]",AM|OF|NA|PH|NB|HELP|WO|S|N|F|D|O|D/E|ADO|E|DO|E|E|O|E|-|MAT|노|N|O|ADO|노|ICU|PM|S|-,AM|OF|NA|PH|NB|HELP|Wo|S|n|F|D|O|D/E|ADO|e|DO|E|E|O|E|-|Mat|노|N|O|ADO|노|ICU|pm|s|-,B29,images/schedule_0005_parted_pdf.png
schedule_0005,parted_pdf,5,5,페이지 5/5,schedule_0005,SCHEDULE_0005_R026,26,30,3파트,소은영,소,68,52427,蘇,bundled_fallback_top100,https://www.rootsinfo.co.kr/info/roots/table_sung15.php,은영,1983,female,31,"[""E"", ""P"", ""off"", ""OFF"", ""D12"", ""A"", ""CONF"", ""E"", ""E"", ""특휴"", ""OF"", ""CALL"", ""IH"", ""N"", ""O"", ""E"", ""지원"", ""E"", ""ONC"", ""NA"", ""H"", ""D"", ""D"", ""D"", ""O"", ""NB"", ""DB"", ""OC"", ""PM"", ""SD"", ""DN""]","[""E"", ""P"", ""off"", ""OFF"", ""D12"", ""a"", ""conf"", ""E"", ""E"", ""특휴"", ""of"", ""CAlL"", ""IH"", ""N"", ""o"", ""E"", ""지원"", ""e"", ""onc"", ""na"", ""H"", ""D"", ""d"", ""D"", ""o"", ""nB"", ""DB"", ""oC"", ""pm"", ""sD"", ""dn""]",E|P|off|OFF|D12|A|CONF|E|E|특휴|OF|CALL|IH|N|O|E|지원|E|ONC|NA|H|D|D|D|O|NB|DB|OC|PM|SD|DN,E|P|off|OFF|D12|a|conf|E|E|특휴|of|CAlL|IH|N|o|E|지원|e|onc|na|H|D|d|D|o|nB|DB|oC|pm|sD|dn,B30,images/schedule_0005_parted_pdf.png
schedule_0005,parted_pdf,5,5,페이지 5/5,schedule_0005,SCHEDULE_0005_R027,27,31,3파트,공지원,공,56,91869,孔,bundled_fallback_top100,https://www.rootsinfo.co.kr/info/roots/table_sung15.php,지원,1995,female,31,"[""EL"", ""A"", ""ON"", ""E"", ""F"", ""E"", ""E"", ""E"", ""O"", ""OFF"", ""O"", ""O"", ""D"", ""E"", ""F"", ""N"", ""O"", ""N"", ""N"", ""F"", ""E"", ""Off"", ""D"", ""DN"", ""PMH"", ""HELP"", ""AO"", ""S"", ""A"", ""OFF"", ""DE""]","[""EL"", ""A"", ""ON"", ""e"", ""f"", ""E"", ""E"", ""e"", ""O"", ""OFF"", ""O"", ""O"", ""D"", ""e"", ""F"", ""N"", ""O"", ""N"", ""n"", ""F"", ""E"", ""OfF"", ""D"", ""dN"", ""PMh"", ""helP"", ""Ao"", ""S"", ""a"", ""OFF"", ""dE""]",EL|A|ON|E|F|E|E|E|O|OFF|O|O|D|E|F|N|O|N|N|F|E|Off|D|DN|PMH|HELP|AO|S|A|OFF|DE,EL|A|ON|e|f|E|E|e|O|OFF|O|O|D|e|F|N|O|N|n|F|E|OfF|D|dN|PMh|helP|Ao|S|a|OFF|dE,B31,images/schedule_0005_parted_pdf.png
schedule_0005,parted_pdf,5,5,페이지 5/5,schedule_0005,SCHEDULE_0005_R028,28,32,3파트,허유정,허,29,326770,許,bundled_fallback_top100,https://www.rootsinfo.co.kr/info/roots/table_sung15.php,유정,1987,female,31,"[""WS"", ""AL"", ""LD"", ""PMH"", ""WO"", ""M"", ""ON"", ""RO"", ""F"", ""F"", ""SD"", ""AO"", ""AO"", ""Off"", ""PO"", ""D"", ""OFF"", ""X"", ""CALL"", ""WO"", ""O/C"", ""P"", ""D5"", ""NB"", ""N"", ""O"", ""O"", ""E"", ""O"", ""특별휴가"", ""DE""]","[""Ws"", ""Al"", ""LD"", ""PMH"", ""WO"", ""M"", ""ON"", ""rO"", ""f"", ""f"", ""Sd"", ""AO"", ""AO"", ""Off"", ""PO"", ""D"", ""OFF"", ""X"", ""CALL"", ""WO"", ""o/c"", ""P"", ""D5"", ""NB"", ""n"", ""O"", ""O"", ""E"", ""o"", ""특별휴가"", ""DE""]",WS|AL|LD|PMH|WO|M|ON|RO|F|F|SD|AO|AO|Off|PO|D|OFF|X|CALL|WO|O/C|P|D5|NB|N|O|O|E|O|특별휴가|DE,Ws|Al|LD|PMH|WO|M|ON|rO|f|f|Sd|AO|AO|Off|PO|D|OFF|X|CALL|WO|o/c|P|D5|NB|n|O|O|E|o|특별휴가|DE,B32,images/schedule_0005_parted_pdf.png
