birth_year,gender,rank,given_name,source_year,source_method,source_url
1966,female,1,미경,1968,historical_anchor_nearest,https://www.yna.co.kr/view/AKR20250707129900518
1966,female,2,미숙,1968,historical_anchor_nearest,https://www.yna.co.kr/view/AKR20250707129900518
1966,female,3,경희,1968,historical_anchor_nearest,https://www.yna.co.kr/view/AKR20250707129900518
1966,female,4,경숙,1968,historical_anchor_nearest,https://www.yna.co.kr/view/AKR20250707129900518
1966,female,5,영숙,1968,historical_anchor_nearest,https://www.yna.co.kr/view/AKR20250707129900518
1966,female,6,정희,1968,curated_supplement,https://www.yna.co.kr/view/AKR20250707129900518
1966,female,7,영희,1968,curated_supplement,https://www.yna.co.kr/view/AKR20250707129900518
1966,female,8,명숙,1968,curated_supplement,https://www.yna.co.kr/view/AKR20250707129900518
1966,female,9,정숙,1968,curated_supplement,https://www.yna.co.kr/view/AKR20250707129900518
1966,female,10,순희,1968,curated_supplement,https://www.yna.co.kr/view/AKR20250707129900518
1966,female,11,옥희,1968,curated_supplement,https://www.yna.co.kr/view/AKR20250707129900518
1966,female,12,경자,1968,curated_supplement,https://www.yna.co.kr/view/AKR20250707129900518
1966,female,13,영자,1968,curated_supplement,https://www.yna.co.kr/view/AKR20250707129900518
1966,female,14,순자,1968,curated_supplement,https://www.yna.co.kr/view/AKR20250707129900518
1966,female,15,복순,1968,curated_supplement,https://www.yna.co.kr/view/AKR20250707129900518
1966,male,1,성호,1968,historical_anchor_nearest,https://www.yna.co.kr/view/AKR20250707129900518
1966,male,2,영수,1968,historical_anchor_nearest,https://www.yna.co.kr/view/AKR20250707129900518
1966,male,3,영호,1968,historical_anchor_nearest,https://www.yna.co.kr/view/AKR20250707129900518
1966,male,4,영철,1968,historical_anchor_nearest,https://www.yna.co.kr/view/AKR20250707129900518
1966,male,5,정호,1968,historical_anchor_nearest,https://www.yna.co.kr/view/AKR20250707129900518
1966,male,6,영진,1968,curated_supplement,https://www.yna.co.kr/view/AKR20250707129900518
1966,male,7,정수,1968,curated_supplement,https://www.yna.co.kr/view/AKR20250707129900518
1966,male,8,성수,1968,curated_supplement,https://www.yna.co.kr/view/AKR20250707129900518
1966,male,9,병철,1968,curated_supplement,https://www.yna.co.kr/view/AKR20250707129900518
1966,male,10,동수,1968,curated_supplement,https://www.yna.co.kr/view/AKR20250707129900518
1966,male,11,재호,1968,curated_supplement,https://www.yna.co.kr/view/AKR20250707129900518
1966,male,12,태수,1968,curated_supplement,https://www.yna.co.kr/view/AKR20250707129900518
1966,male,13,광수,1968,curated_supplement,https://www.yna.co.kr/view/AKR20250707129900518
1966,male,14,상철,1968,curated_supplement,https://www.yna.co.kr/view/AKR20250707129900518
1966,male,15,종수,1968,curated_supplement,https://www.yna.co.kr/view/AKR20250707129900518
1967,female,1,미경,1968,historical_anchor_nearest,https://www.yna.co.kr/view/AKR20250707129900518
1967,female,2,미숙,1968,historical_anchor_nearest,https://www.yna.co.kr/view/AKR20250707129900518
1967,female,3,경희,1968,historical_anchor_nearest,https://www.yna.co.kr/view/AKR20250707129900518
1967,female,4,경숙,1968,historical_anchor_nearest,https://www.yna.co.kr/view/AKR20250707129900518
1967,female,5,영숙,1968,historical_anchor_nearest,https://www.yna.co.kr/view/AKR20250707129900518
1967,female,6,정희,1968,curated_supplement,https://www.yna.co.kr/view/AKR20250707129900518
1967,female,7,영희,1968,curated_supplement,https://www.yna.co.kr/view/AKR20250707129900518
1967,female,8,명숙,1968,curated_supplement,https://www.yna.co.kr/view/AKR20250707129900518
1967,female,9,정숙,1968,curated_supplement,https://www.yna.co.kr/view/AKR20250707129900518
1967,female,10,순희,1968,curated_supplement,https://www.yna.co.kr/view/AKR20250707129900518
1967,female,11,옥희,1968,curated_supplement,https://www.yna.co.kr/view/AKR20250707129900518
1967,female,12,경자,1968,curated_supplement,https://www.yna.co.kr/view/AKR20250707129900518
1967,female,13,영자,1968,curated_supplement,https://www.yna.co.kr/view/AKR20250707129900518
1967,female,14,순자,1968,curated_supplement,https://www.yna.co.kr/view/AKR20250707129900518
1967,female,15,복순,1968,curated_supplement,https://www.yna.co.kr/view/AKR20250707129900518
1967,male,1,성호,1968,historical_anchor_nearest,https://www.yna.co.kr/view/AKR20250707129900518
1967,male,2,영수,1968,historical_anchor_nearest,https://www.yna.co.kr/view/AKR20250707129900518
1967,male,3,영호,1968,historical_anchor_nearest,https://www.yna.co.kr/view/AKR20250707129900518
1967,male,4,영철,1968,historical_anchor_nearest,https://www.yna.co.kr/view/AKR20250707129900518
1967,male,5,정호,1968,historical_anchor_nearest,https://www.yna.co.kr/view/AKR20250707129900518
1967,male,6,영진,1968,curated_supplement,https://www.yna.co.kr/view/AKR20250707129900518
1967,male,7,정수,1968,curated_supplement,https://www.yna.co.kr/view/AKR20250707129900518
1967,male,8,성수,1968,curated_supplement,https://www.yna.co.kr/view/AKR20250707129900518
1967,male,9,병철,1968,curated_supplement,https://www.yna.co.kr/view/AKR20250707129900518
1967,male,10,동수,1968,curated_supplement,https://www.yna.co.kr/view/AKR20250707129900518
1967,male,11,재호,1968,curated_supplement,https://www.yna.co.kr/view/AKR20250707129900518
1967,male,12,태수,1968,curated_supplement,https://www.yna.co.kr/view/AKR20250707129900518
1967,male,13,광수,1968,curated_supplement,https://www.yna.co.kr/view/AKR20250707129900518
1967,male,14,상철,1968,curated_supplement,https://www.yna.co.kr/view/AKR20250707129900518
1967,male,15,종수,1968,curated_supplement,https://www.yna.co.kr/view/AKR20250707129900518
1968,female,1,미경,1968,historical_anchor_nearest,https://www.yna.co.kr/view/AKR20250707129900518
1968,female,2,미숙,1968,historical_anchor_nearest,https://www.yna.co.kr/view/AKR20250707129900518
1968,female,3,경희,1968,historical_anchor_nearest,https://www.yna.co.kr/view/AKR20250707129900518
1968,female,4,경숙,1968,historical_anchor_nearest,https://www.yna.co.kr/view/AKR20250707129900518
1968,female,5,영숙,1968,historical_anchor_nearest,https://www.yna.co.kr/view/AKR20250707129900518
1968,female,6,정희,1968,curated_supplement,https://www.yna.co.kr/view/AKR20250707129900518
1968,female,7,영희,1968,curated_supplement,https://www.yna.co.kr/view/AKR20250707129900518
1968,female,8,명숙,1968,curated_supplement,https://www.yna.co.kr/view/AKR20250707129900518
1968,female,9,정숙,1968,curated_supplement,https://www.yna.co.kr/view/AKR20250707129900518
1968,female,10,순희,1968,curated_supplement,https://www.yna.co.kr/view/AKR20250707129900518
1968,female,11,옥희,1968,curated_supplement,https://www.yna.co.kr/view/AKR20250707129900518
1968,female,12,경자,1968,curated_supplement,https://www.yna.co.kr/view/AKR20250707129900518
1968,female,13,영자,1968,curated_supplement,https://www.yna.co.kr/view/AKR20250707129900518
1968,female,14,순자,1968,curated_supplement,https://www.yna.co.kr/view/AKR20250707129900518
1968,female,15,복순,1968,curated_supplement,https://www.yna.co.kr/view/AKR20250707129900518
1968,male,1,성호,1968,historical_anchor_nearest,https://www.yna.co.kr/view/AKR20250707129900518
1968,male,2,영수,1968,historical_anchor_nearest,https://www.yna.co.kr/view/AKR20250707129900518
1968,male,3,영호,1968,historical_anchor_nearest,https://www.yna.co.kr/view/AKR20250707129900518
1968,male,4,영철,1968,historical_anchor_nearest,https://www.yna.co.kr/view/AKR20250707129900518
1968,male,5,정호,1968,historical_anchor_nearest,https://www.yna.co.kr/view/AKR20250707129900518
1968,male,6,영진,1968,curated_supplement,https://www.yna.co.kr/view/AKR20250707129900518
1968,male,7,정수,1968,curated_supplement,https://www.yna.co.kr/view/AKR20250707129900518
1968,male,8,성수,1968,curated_supplement,https://www.yna.co.kr/view/AKR20250707129900518
1968,male,9,병철,1968,curated_supplement,https://www.yna.co.kr/view/AKR20250707129900518
1968,male,10,동수,1968,curated_supplement,https://www.yna.co.kr/view/AKR20250707129900518
1968,male,11,재호,1968,curated_supplement,https://www.yna.co.kr/view/AKR20250707129900518
1968,male,12,태수,1968,curated_supplement,https://www.yna.co.kr/view/AKR20250707129900518
1968,male,13,광수,1968,curated_supplement,https://www.yna.co.kr/view/AKR20250707129900518
1968,male,14,상철,1968,curated_supplement,https://www.yna.co.kr/view/AKR20250707129900518
1968,male,15,종수,1968,curated_supplement,https://www.yna.co.kr/view/AKR20250707129900518
1969,female,1,미경,1968,historical_anchor_nearest,https://www.yna.co.kr/view/AKR20250707129900518
1969,female,2,미숙,1968,historical_anchor_nearest,https://www.yna.co.kr/view/AKR20250707129900518
1969,female,3,경희,1968,historical_anchor_nearest,https://www.yna.co.kr/view/AKR20250707129900518
1969,female,4,경숙,1968,historical_anchor_nearest,https://www.yna.co.kr/view/AKR20250707129900518
1969,female,5,영숙,1968,historical_anchor_nearest,https://www.yna.co.kr/view/AKR20250707129900518
1969,female,6,정희,1968,curated_supplement,https://www.yna.co.kr/view/AKR20250707129900518
1969,female,7,영희,1968,curated_supplement,https://www.yna.co.kr/view/AKR20250707129900518
1969,female,8,명숙,1968,curated_supplement,https://www.yna.co.kr/view/AKR20250707129900518
1969,female,9,정숙,1968,curated_supplement,https://www.yna.co.kr/view/AKR20250707129900518
1969,female,10,순희,1968,curated_supplement,https://www.yna.co.kr/view/AKR20250707129900518
1969,female,11,옥희,1968,curated_supplement,https://www.yna.co.kr/view/AKR20250707129900518
1969,female,12,경자,1968,curated_supplement,https://www.yna.co.kr/view/AKR20250707129900518
1969,female,13,영자,1968,curated_supplement,https://www.yna.co.kr/view/AKR20250707129900518
1969,female,14,순자,1968,curated_supplement,https://www.yna.co.kr/view/AKR20250707129900518
1969,female,15,복순,1968,curated_supplement,https://www.yna.co.kr/view/AKR20250707129900518
1969,male,1,성호,1968,historical_anchor_nearest,https://www.yna.co.kr/view/AKR20250707129900518
1969,male,2,영수,1968,historical_anchor_nearest,https://www.yna.co.kr/view/AKR20250707129900518
1969,male,3,영호,1968,historical_anchor_nearest,https://www.yna.co.kr/view/AKR20250707129900518
1969,male,4,영철,1968,historical_anchor_nearest,https://www.yna.co.kr/view/AKR20250707129900518
1969,male,5,정호,1968,historical_anchor_nearest,https://www.yna.co.kr/view/AKR20250707129900518
1969,male,6,영진,1968,curated_supplement,https://www.yna.co.kr/view/AKR20250707129900518
1969,male,7,정수,1968,curated_supplement,https://www.yna.co.kr/view/AKR20250707129900518
1969,male,8,성수,1968,curated_supplement,https://www.yna.co.kr/view/AKR20250707129900518
1969,male,9,병철,1968,curated_supplement,https://www.yna.co.kr/view/AKR20250707129900518
1969,male,10,동수,1968,curated_supplement,https://www.yna.co.kr/view/AKR20250707129900518
1969,male,11,재호,1968,curated_supplement,https://www.yna.co.kr/view/AKR20250707129900518
1969,male,12,태수,1968,curated_supplement,https://www.yna.co.kr/view/AKR20250707129900518
1969,male,13,광수,1968,curated_supplement,https://www.yna.co.kr/view/AKR20250707129900518
1969,male,14,상철,1968,curated_supplement,https://www.yna.co.kr/view/AKR20250707129900518
1969,male,15,종수,1968,curated_supplement,https://www.yna.co.kr/view/AKR20250707129900518
1970,female,1,미경,1968,historical_anchor_nearest,https://www.yna.co.kr/view/AKR20250707129900518
1970,female,2,미숙,1968,historical_anchor_nearest,https://www.yna.co.kr/view/AKR20250707129900518
1970,female,3,경희,1968,historical_anchor_nearest,https://www.yna.co.kr/view/AKR20250707129900518
1970,female,4,경숙,1968,historical_anchor_nearest,https://www.yna.co.kr/view/AKR20250707129900518
1970,female,5,영숙,1968,historical_anchor_nearest,https://www.yna.co.kr/view/AKR20250707129900518
1970,female,6,정희,1968,curated_supplement,https://www.yna.co.kr/view/AKR20250707129900518
1970,female,7,영희,1968,curated_supplement,https://www.yna.co.kr/view/AKR20250707129900518
1970,female,8,명숙,1968,curated_supplement,https://www.yna.co.kr/view/AKR20250707129900518
1970,female,9,정숙,1968,curated_supplement,https://www.yna.co.kr/view/AKR20250707129900518
1970,female,10,순희,1968,curated_supplement,https://www.yna.co.kr/view/AKR20250707129900518
1970,female,11,옥희,1968,curated_supplement,https://www.yna.co.kr/view/AKR20250707129900518
1970,female,12,경자,1968,curated_supplement,https://www.yna.co.kr/view/AKR20250707129900518
1970,female,13,영자,1968,curated_supplement,https://www.yna.co.kr/view/AKR20250707129900518
1970,female,14,순자,1968,curated_supplement,https://www.yna.co.kr/view/AKR20250707129900518
1970,female,15,복순,1968,curated_supplement,https://www.yna.co.kr/view/AKR20250707129900518
1970,male,1,성호,1968,historical_anchor_nearest,https://www.yna.co.kr/view/AKR20250707129900518
1970,male,2,영수,1968,historical_anchor_nearest,https://www.yna.co.kr/view/AKR20250707129900518
1970,male,3,영호,1968,historical_anchor_nearest,https://www.yna.co.kr/view/AKR20250707129900518
1970,male,4,영철,1968,historical_anchor_nearest,https://www.yna.co.kr/view/AKR20250707129900518
1970,male,5,정호,1968,historical_anchor_nearest,https://www.yna.co.kr/view/AKR20250707129900518
1970,male,6,영진,1968,curated_supplement,https://www.yna.co.kr/view/AKR20250707129900518
1970,male,7,정수,1968,curated_supplement,https://www.yna.co.kr/view/AKR20250707129900518
1970,male,8,성수,1968,curated_supplement,https://www.yna.co.kr/view/AKR20250707129900518
1970,male,9,병철,1968,curated_supplement,https://www.yna.co.kr/view/AKR20250707129900518
1970,male,10,동수,1968,curated_supplement,https://www.yna.co.kr/view/AKR20250707129900518
1970,male,11,재호,1968,curated_supplement,https://www.yna.co.kr/view/AKR20250707129900518
1970,male,12,태수,1968,curated_supplement,https://www.yna.co.kr/view/AKR20250707129900518
1970,male,13,광수,1968,curated_supplement,https://www.yna.co.kr/view/AKR20250707129900518
1970,male,14,상철,1968,curated_supplement,https://www.yna.co.kr/view/AKR20250707129900518
1970,male,15,종수,1968,curated_supplement,https://www.yna.co.kr/view/AKR20250707129900518
1971,female,1,미경,1968,historical_anchor_nearest,https://www.yna.co.kr/view/AKR20250707129900518
1971,female,2,미숙,1968,historical_anchor_nearest,https://www.yna.co.kr/view/AKR20250707129900518
1971,female,3,경희,1968,historical_anchor_nearest,https://www.yna.co.kr/view/AKR20250707129900518
1971,female,4,경숙,1968,historical_anchor_nearest,https://www.yna.co.kr/view/AKR20250707129900518
1971,female,5,영숙,1968,historical_anchor_nearest,https://www.yna.co.kr/view/AKR20250707129900518
1971,female,6,정희,1968,curated_supplement,https://www.yna.co.kr/view/AKR20250707129900518
1971,female,7,영희,1968,curated_supplement,https://www.yna.co.kr/view/AKR20250707129900518
1971,female,8,명숙,1968,curated_supplement,https://www.yna.co.kr/view/AKR20250707129900518
1971,female,9,정숙,1968,curated_supplement,https://www.yna.co.kr/view/AKR20250707129900518
1971,female,10,순희,1968,curated_supplement,https://www.yna.co.kr/view/AKR20250707129900518
1971,female,11,옥희,1968,curated_supplement,https://www.yna.co.kr/view/AKR20250707129900518
1971,female,12,경자,1968,curated_supplement,https://www.yna.co.kr/view/AKR20250707129900518
1971,female,13,영자,1968,curated_supplement,https://www.yna.co.kr/view/AKR20250707129900518
1971,female,14,순자,1968,curated_supplement,https://www.yna.co.kr/view/AKR20250707129900518
1971,female,15,복순,1968,curated_supplement,https://www.yna.co.kr/view/AKR20250707129900518
1971,male,1,성호,1968,historical_anchor_nearest,https://www.yna.co.kr/view/AKR20250707129900518
1971,male,2,영수,1968,historical_anchor_nearest,https://www.yna.co.kr/view/AKR20250707129900518
1971,male,3,영호,1968,historical_anchor_nearest,https://www.yna.co.kr/view/AKR20250707129900518
1971,male,4,영철,1968,historical_anchor_nearest,https://www.yna.co.kr/view/AKR20250707129900518
1971,male,5,정호,1968,historical_anchor_nearest,https://www.yna.co.kr/view/AKR20250707129900518
1971,male,6,영진,1968,curated_supplement,https://www.yna.co.kr/view/AKR20250707129900518
1971,male,7,정수,1968,curated_supplement,https://www.yna.co.kr/view/AKR20250707129900518
1971,male,8,성수,1968,curated_supplement,https://www.yna.co.kr/view/AKR20250707129900518
1971,male,9,병철,1968,curated_supplement,https://www.yna.co.kr/view/AKR20250707129900518
1971,male,10,동수,1968,curated_supplement,https://www.yna.co.kr/view/AKR20250707129900518
1971,male,11,재호,1968,curated_supplement,https://www.yna.co.kr/view/AKR20250707129900518
1971,male,12,태수,1968,curated_supplement,https://www.yna.co.kr/view/AKR20250707129900518
1971,male,13,광수,1968,curated_supplement,https://www.yna.co.kr/view/AKR20250707129900518
1971,male,14,상철,1968,curated_supplement,https://www.yna.co.kr/view/AKR20250707129900518
1971,male,15,종수,1968,curated_supplement,https://www.yna.co.kr/view/AKR20250707129900518
1972,female,1,미경,1968,historical_anchor_nearest,https://www.yna.co.kr/view/AKR20250707129900518
1972,female,2,미숙,1968,historical_anchor_nearest,https://www.yna.co.kr/view/AKR20250707129900518
1972,female,3,경희,1968,historical_anchor_nearest,https://www.yna.co.kr/view/AKR20250707129900518
1972,female,4,경숙,1968,historical_anchor_nearest,https://www.yna.co.kr/view/AKR20250707129900518
1972,female,5,영숙,1968,historical_anchor_nearest,https://www.yna.co.kr/view/AKR20250707129900518
1972,female,6,정희,1968,curated_supplement,https://www.yna.co.kr/view/AKR20250707129900518
1972,female,7,영희,1968,curated_supplement,https://www.yna.co.kr/view/AKR20250707129900518
1972,female,8,명숙,1968,curated_supplement,https://www.yna.co.kr/view/AKR20250707129900518
1972,female,9,정숙,1968,curated_supplement,https://www.yna.co.kr/view/AKR20250707129900518
1972,female,10,순희,1968,curated_supplement,https://www.yna.co.kr/view/AKR20250707129900518
1972,female,11,옥희,1968,curated_supplement,https://www.yna.co.kr/view/AKR20250707129900518
1972,female,12,경자,1968,curated_supplement,https://www.yna.co.kr/view/AKR20250707129900518
1972,female,13,영자,1968,curated_supplement,https://www.yna.co.kr/view/AKR20250707129900518
1972,female,14,순자,1968,curated_supplement,https://www.yna.co.kr/view/AKR20250707129900518
1972,female,15,복순,1968,curated_supplement,https://www.yna.co.kr/view/AKR20250707129900518
1972,male,1,성호,1968,historical_anchor_nearest,https://www.yna.co.kr/view/AKR20250707129900518
1972,male,2,영수,1968,historical_anchor_nearest,https://www.yna.co.kr/view/AKR20250707129900518
1972,male,3,영호,1968,historical_anchor_nearest,https://www.yna.co.kr/view/AKR20250707129900518
1972,male,4,영철,1968,historical_anchor_nearest,https://www.yna.co.kr/view/AKR20250707129900518
1972,male,5,정호,1968,historical_anchor_nearest,https://www.yna.co.kr/view/AKR20250707129900518
1972,male,6,영진,1968,curated_supplement,https://www.yna.co.kr/view/AKR20250707129900518
1972,male,7,정수,1968,curated_supplement,https://www.yna.co.kr/view/AKR20250707129900518
1972,male,8,성수,1968,curated_supplement,https://www.yna.co.kr/view/AKR20250707129900518
1972,male,9,병철,1968,curated_supplement,https://www.yna.co.kr/view/AKR20250707129900518
1972,male,10,동수,1968,curated_supplement,https://www.yna.co.kr/view/AKR20250707129900518
1972,male,11,재호,1968,curated_supplement,https://www.yna.co.kr/view/AKR20250707129900518
1972,male,12,태수,1968,curated_supplement,https://www.yna.co.kr/view/AKR20250707129900518
1972,male,13,광수,1968,curated_supplement,https://www.yna.co.kr/view/AKR20250707129900518
1972,male,14,상철,1968,curated_supplement,https://www.yna.co.kr/view/AKR20250707129900518
1972,male,15,종수,1968,curated_supplement,https://www.yna.co.kr/view/AKR20250707129900518
1973,female,1,미경,1968,historical_anchor_nearest,https://www.yna.co.kr/view/AKR20250707129900518
1973,female,2,미숙,1968,historical_anchor_nearest,https://www.yna.co.kr/view/AKR20250707129900518
1973,female,3,경희,1968,historical_anchor_nearest,https://www.yna.co.kr/view/AKR20250707129900518
1973,female,4,경숙,1968,historical_anchor_nearest,https://www.yna.co.kr/view/AKR20250707129900518
1973,female,5,영숙,1968,historical_anchor_nearest,https://www.yna.co.kr/view/AKR20250707129900518
1973,female,6,정희,1968,curated_supplement,https://www.yna.co.kr/view/AKR20250707129900518
1973,female,7,영희,1968,curated_supplement,https://www.yna.co.kr/view/AKR20250707129900518
1973,female,8,명숙,1968,curated_supplement,https://www.yna.co.kr/view/AKR20250707129900518
1973,female,9,정숙,1968,curated_supplement,https://www.yna.co.kr/view/AKR20250707129900518
1973,female,10,순희,1968,curated_supplement,https://www.yna.co.kr/view/AKR20250707129900518
1973,female,11,옥희,1968,curated_supplement,https://www.yna.co.kr/view/AKR20250707129900518
1973,female,12,경자,1968,curated_supplement,https://www.yna.co.kr/view/AKR20250707129900518
1973,female,13,영자,1968,curated_supplement,https://www.yna.co.kr/view/AKR20250707129900518
1973,female,14,순자,1968,curated_supplement,https://www.yna.co.kr/view/AKR20250707129900518
1973,female,15,복순,1968,curated_supplement,https://www.yna.co.kr/view/AKR20250707129900518
1973,male,1,성호,1968,historical_anchor_nearest,https://www.yna.co.kr/view/AKR20250707129900518
1973,male,2,영수,1968,historical_anchor_nearest,https://www.yna.co.kr/view/AKR20250707129900518
1973,male,3,영호,1968,historical_anchor_nearest,https://www.yna.co.kr/view/AKR20250707129900518
1973,male,4,영철,1968,historical_anchor_nearest,https://www.yna.co.kr/view/AKR20250707129900518
1973,male,5,정호,1968,historical_anchor_nearest,https://www.yna.co.kr/view/AKR20250707129900518
1973,male,6,영진,1968,curated_supplement,https://www.yna.co.kr/view/AKR20250707129900518
1973,male,7,정수,1968,curated_supplement,https://www.yna.co.kr/view/AKR20250707129900518
1973,male,8,성수,1968,curated_supplement,https://www.yna.co.kr/view/AKR20250707129900518
1973,male,9,병철,1968,curated_supplement,https://www.yna.co.kr/view/AKR20250707129900518
1973,male,10,동수,1968,curated_supplement,https://www.yna.co.kr/view/AKR20250707129900518
1973,male,11,재호,1968,curated_supplement,https://www.yna.co.kr/view/AKR20250707129900518
1973,male,12,태수,1968,curated_supplement,https://www.yna.co.kr/view/AKR20250707129900518
1973,male,13,광수,1968,curated_supplement,https://www.yna.co.kr/view/AKR20250707129900518
1973,male,14,상철,1968,curated_supplement,https://www.yna.co.kr/view/AKR20250707129900518
1973,male,15,종수,1968,curated_supplement,https://www.yna.co.kr/view/AKR20250707129900518
1974,female,1,지영,1978,historical_anchor_nearest,https://www.yna.co.kr/view/AKR20250707129900518
1974,female,2,은정,1978,historical_anchor_nearest,https://www.yna.co.kr/view/AKR20250707129900518
1974,female,3,미영,1978,historical_anchor_nearest,https://www.yna.co.kr/view/AKR20250707129900518
1974,female,4,현정,1978,historical_anchor_nearest,https://www.yna.co.kr/view/AKR20250707129900518
1974,female,5,은주,1978,historical_anchor_nearest,https://www.yna.co.kr/view/AKR20250707129900518
1974,female,6,미정,1978,curated_supplement,https://www.yna.co.kr/view/AKR20250707129900518
1974,female,7,선영,1978,curated_supplement,https://www.yna.co.kr/view/AKR20250707129900518
1974,female,8,혜정,1978,curated_supplement,https://www.yna.co.kr/view/AKR20250707129900518
1974,female,9,영미,1978,curated_supplement,https://www.yna.co.kr/view/AKR20250707129900518
1974,female,10,수정,1978,curated_supplement,https://www.yna.co.kr/view/AKR20250707129900518
1974,female,11,경미,1978,curated_supplement,https://www.yna.co.kr/view/AKR20250707129900518
1974,female,12,은영,1978,curated_supplement,https://www.yna.co.kr/view/AKR20250707129900518
1974,female,13,정은,1978,curated_supplement,https://www.yna.co.kr/view/AKR20250707129900518
1974,female,14,희정,1978,curated_supplement,https://www.yna.co.kr/view/AKR20250707129900518
1974,female,15,현주,1978,curated_supplement,https://www.yna.co.kr/view/AKR20250707129900518
1974,male,1,정훈,1978,historical_anchor_nearest,https://www.yna.co.kr/view/AKR20250707129900518
1974,male,2,성훈,1978,historical_anchor_nearest,https://www.yna.co.kr/view/AKR20250707129900518
1974,male,3,상훈,1978,historical_anchor_nearest,https://www.yna.co.kr/view/AKR20250707129900518
1974,male,4,성진,1978,historical_anchor_nearest,https://www.yna.co.kr/view/AKR20250707129900518
1974,male,5,지훈,1978,historical_anchor_nearest,https://www.yna.co.kr/view/AKR20250707129900518
1974,male,6,상민,1978,curated_supplement,https://www.yna.co.kr/view/AKR20250707129900518
1974,male,7,재훈,1978,curated_supplement,https://www.yna.co.kr/view/AKR20250707129900518
1974,male,8,정호,1978,curated_supplement,https://www.yna.co.kr/view/AKR20250707129900518
1974,male,9,영훈,1978,curated_supplement,https://www.yna.co.kr/view/AKR20250707129900518
1974,male,10,경수,1978,curated_supplement,https://www.yna.co.kr/view/AKR20250707129900518
1974,male,11,진호,1978,curated_supplement,https://www.yna.co.kr/view/AKR20250707129900518
1974,male,12,태훈,1978,curated_supplement,https://www.yna.co.kr/view/AKR20250707129900518
1974,male,13,동훈,1978,curated_supplement,https://www.yna.co.kr/view/AKR20250707129900518
1974,male,14,성수,1978,curated_supplement,https://www.yna.co.kr/view/AKR20250707129900518
1974,male,15,준호,1978,curated_supplement,https://www.yna.co.kr/view/AKR20250707129900518
1975,female,1,지영,1978,historical_anchor_nearest,https://www.yna.co.kr/view/AKR20250707129900518
1975,female,2,은정,1978,historical_anchor_nearest,https://www.yna.co.kr/view/AKR20250707129900518
1975,female,3,미영,1978,historical_anchor_nearest,https://www.yna.co.kr/view/AKR20250707129900518
1975,female,4,현정,1978,historical_anchor_nearest,https://www.yna.co.kr/view/AKR20250707129900518
1975,female,5,은주,1978,historical_anchor_nearest,https://www.yna.co.kr/view/AKR20250707129900518
1975,female,6,미정,1978,curated_supplement,https://www.yna.co.kr/view/AKR20250707129900518
1975,female,7,선영,1978,curated_supplement,https://www.yna.co.kr/view/AKR20250707129900518
1975,female,8,혜정,1978,curated_supplement,https://www.yna.co.kr/view/AKR20250707129900518
1975,female,9,영미,1978,curated_supplement,https://www.yna.co.kr/view/AKR20250707129900518
1975,female,10,수정,1978,curated_supplement,https://www.yna.co.kr/view/AKR20250707129900518
1975,female,11,경미,1978,curated_supplement,https://www.yna.co.kr/view/AKR20250707129900518
1975,female,12,은영,1978,curated_supplement,https://www.yna.co.kr/view/AKR20250707129900518
1975,female,13,정은,1978,curated_supplement,https://www.yna.co.kr/view/AKR20250707129900518
1975,female,14,희정,1978,curated_supplement,https://www.yna.co.kr/view/AKR20250707129900518
1975,female,15,현주,1978,curated_supplement,https://www.yna.co.kr/view/AKR20250707129900518
1975,male,1,정훈,1978,historical_anchor_nearest,https://www.yna.co.kr/view/AKR20250707129900518
1975,male,2,성훈,1978,historical_anchor_nearest,https://www.yna.co.kr/view/AKR20250707129900518
1975,male,3,상훈,1978,historical_anchor_nearest,https://www.yna.co.kr/view/AKR20250707129900518
1975,male,4,성진,1978,historical_anchor_nearest,https://www.yna.co.kr/view/AKR20250707129900518
1975,male,5,지훈,1978,historical_anchor_nearest,https://www.yna.co.kr/view/AKR20250707129900518
1975,male,6,상민,1978,curated_supplement,https://www.yna.co.kr/view/AKR20250707129900518
1975,male,7,재훈,1978,curated_supplement,https://www.yna.co.kr/view/AKR20250707129900518
1975,male,8,정호,1978,curated_supplement,https://www.yna.co.kr/view/AKR20250707129900518
1975,male,9,영훈,1978,curated_supplement,https://www.yna.co.kr/view/AKR20250707129900518
1975,male,10,경수,1978,curated_supplement,https://www.yna.co.kr/view/AKR20250707129900518
1975,male,11,진호,1978,curated_supplement,https://www.yna.co.kr/view/AKR20250707129900518
1975,male,12,태훈,1978,curated_supplement,https://www.yna.co.kr/view/AKR20250707129900518
1975,male,13,동훈,1978,curated_supplement,https://www.yna.co.kr/view/AKR20250707129900518
1975,male,14,성수,1978,curated_supplement,https://www.yna.co.kr/view/AKR20250707129900518
1975,male,15,준호,1978,curated_supplement,https://www.yna.co.kr/view/AKR20250707129900518
1976,female,1,지영,1978,historical_anchor_nearest,https://www.yna.co.kr/view/AKR20250707129900518
1976,female,2,은정,1978,historical_anchor_nearest,https://www.yna.co.kr/view/AKR20250707129900518
1976,female,3,미영,1978,historical_anchor_nearest,https://www.yna.co.kr/view/AKR20250707129900518
1976,female,4,현정,1978,historical_anchor_nearest,https://www.yna.co.kr/view/AKR20250707129900518
1976,female,5,은주,1978,historical_anchor_nearest,https://www.yna.co.kr/view/AKR20250707129900518
1976,female,6,미정,1978,curated_supplement,https://www.yna.co.kr/view/AKR20250707129900518
1976,female,7,선영,1978,curated_supplement,https://www.yna.co.kr/view/AKR20250707129900518
1976,female,8,혜정,1978,curated_supplement,https://www.yna.co.kr/view/AKR20250707129900518
1976,female,9,영미,1978,curated_supplement,https://www.yna.co.kr/view/AKR20250707129900518
1976,female,10,수정,1978,curated_supplement,https://www.yna.co.kr/view/AKR20250707129900518
1976,female,11,경미,1978,curated_supplement,https://www.yna.co.kr/view/AKR20250707129900518
1976,female,12,은영,1978,curated_supplement,https://www.yna.co.kr/view/AKR20250707129900518
1976,female,13,정은,1978,curated_supplement,https://www.yna.co.kr/view/AKR20250707129900518
1976,female,14,희정,1978,curated_supplement,https://www.yna.co.kr/view/AKR20250707129900518
1976,female,15,현주,1978,curated_supplement,https://www.yna.co.kr/view/AKR20250707129900518
1976,male,1,정훈,1978,historical_anchor_nearest,https://www.yna.co.kr/view/AKR20250707129900518
1976,male,2,성훈,1978,historical_anchor_nearest,https://www.yna.co.kr/view/AKR20250707129900518
1976,male,3,상훈,1978,historical_anchor_nearest,https://www.yna.co.kr/view/AKR20250707129900518
1976,male,4,성진,1978,historical_anchor_nearest,https://www.yna.co.kr/view/AKR20250707129900518
1976,male,5,지훈,1978,historical_anchor_nearest,https://www.yna.co.kr/view/AKR20250707129900518
1976,male,6,상민,1978,curated_supplement,https://www.yna.co.kr/view/AKR20250707129900518
1976,male,7,재훈,1978,curated_supplement,https://www.yna.co.kr/view/AKR20250707129900518
1976,male,8,정호,1978,curated_supplement,https://www.yna.co.kr/view/AKR20250707129900518
1976,male,9,영훈,1978,curated_supplement,https://www.yna.co.kr/view/AKR20250707129900518
1976,male,10,경수,1978,curated_supplement,https://www.yna.co.kr/view/AKR20250707129900518
1976,male,11,진호,1978,curated_supplement,https://www.yna.co.kr/view/AKR20250707129900518
1976,male,12,태훈,1978,curated_supplement,https://www.yna.co.kr/view/AKR20250707129900518
1976,male,13,동훈,1978,curated_supplement,https://www.yna.co.kr/view/AKR20250707129900518
1976,male,14,성수,1978,curated_supplement,https://www.yna.co.kr/view/AKR20250707129900518
1976,male,15,준호,1978,curated_supplement,https://www.yna.co.kr/view/AKR20250707129900518
1977,female,1,지영,1978,historical_anchor_nearest,https://www.yna.co.kr/view/AKR20250707129900518
1977,female,2,은정,1978,historical_anchor_nearest,https://www.yna.co.kr/view/AKR20250707129900518
1977,female,3,미영,1978,historical_anchor_nearest,https://www.yna.co.kr/view/AKR20250707129900518
1977,female,4,현정,1978,historical_anchor_nearest,https://www.yna.co.kr/view/AKR20250707129900518
1977,female,5,은주,1978,historical_anchor_nearest,https://www.yna.co.kr/view/AKR20250707129900518
1977,female,6,미정,1978,curated_supplement,https://www.yna.co.kr/view/AKR20250707129900518
1977,female,7,선영,1978,curated_supplement,https://www.yna.co.kr/view/AKR20250707129900518
1977,female,8,혜정,1978,curated_supplement,https://www.yna.co.kr/view/AKR20250707129900518
1977,female,9,영미,1978,curated_supplement,https://www.yna.co.kr/view/AKR20250707129900518
1977,female,10,수정,1978,curated_supplement,https://www.yna.co.kr/view/AKR20250707129900518
1977,female,11,경미,1978,curated_supplement,https://www.yna.co.kr/view/AKR20250707129900518
1977,female,12,은영,1978,curated_supplement,https://www.yna.co.kr/view/AKR20250707129900518
1977,female,13,정은,1978,curated_supplement,https://www.yna.co.kr/view/AKR20250707129900518
1977,female,14,희정,1978,curated_supplement,https://www.yna.co.kr/view/AKR20250707129900518
1977,female,15,현주,1978,curated_supplement,https://www.yna.co.kr/view/AKR20250707129900518
1977,male,1,정훈,1978,historical_anchor_nearest,https://www.yna.co.kr/view/AKR20250707129900518
1977,male,2,성훈,1978,historical_anchor_nearest,https://www.yna.co.kr/view/AKR20250707129900518
1977,male,3,상훈,1978,historical_anchor_nearest,https://www.yna.co.kr/view/AKR20250707129900518
1977,male,4,성진,1978,historical_anchor_nearest,https://www.yna.co.kr/view/AKR20250707129900518
1977,male,5,지훈,1978,historical_anchor_nearest,https://www.yna.co.kr/view/AKR20250707129900518
1977,male,6,상민,1978,curated_supplement,https://www.yna.co.kr/view/AKR20250707129900518
1977,male,7,재훈,1978,curated_supplement,https://www.yna.co.kr/view/AKR20250707129900518
1977,male,8,정호,1978,curated_supplement,https://www.yna.co.kr/view/AKR20250707129900518
1977,male,9,영훈,1978,curated_supplement,https://www.yna.co.kr/view/AKR20250707129900518
1977,male,10,경수,1978,curated_supplement,https://www.yna.co.kr/view/AKR20250707129900518
1977,male,11,진호,1978,curated_supplement,https://www.yna.co.kr/view/AKR20250707129900518
1977,male,12,태훈,1978,curated_supplement,https://www.yna.co.kr/view/AKR20250707129900518
1977,male,13,동훈,1978,curated_supplement,https://www.yna.co.kr/view/AKR20250707129900518
1977,male,14,성수,1978,curated_supplement,https://www.yna.co.kr/view/AKR20250707129900518
1977,male,15,준호,1978,curated_supplement,https://www.yna.co.kr/view/AKR20250707129900518
1978,female,1,지영,1978,historical_anchor_nearest,https://www.yna.co.kr/view/AKR20250707129900518
1978,female,2,은정,1978,historical_anchor_nearest,https://www.yna.co.kr/view/AKR20250707129900518
1978,female,3,미영,1978,historical_anchor_nearest,https://www.yna.co.kr/view/AKR20250707129900518
1978,female,4,현정,1978,historical_anchor_nearest,https://www.yna.co.kr/view/AKR20250707129900518
1978,female,5,은주,1978,historical_anchor_nearest,https://www.yna.co.kr/view/AKR20250707129900518
1978,female,6,미정,1978,curated_supplement,https://www.yna.co.kr/view/AKR20250707129900518
1978,female,7,선영,1978,curated_supplement,https://www.yna.co.kr/view/AKR20250707129900518
1978,female,8,혜정,1978,curated_supplement,https://www.yna.co.kr/view/AKR20250707129900518
1978,female,9,영미,1978,curated_supplement,https://www.yna.co.kr/view/AKR20250707129900518
1978,female,10,수정,1978,curated_supplement,https://www.yna.co.kr/view/AKR20250707129900518
1978,female,11,경미,1978,curated_supplement,https://www.yna.co.kr/view/AKR20250707129900518
1978,female,12,은영,1978,curated_supplement,https://www.yna.co.kr/view/AKR20250707129900518
1978,female,13,정은,1978,curated_supplement,https://www.yna.co.kr/view/AKR20250707129900518
1978,female,14,희정,1978,curated_supplement,https://www.yna.co.kr/view/AKR20250707129900518
1978,female,15,현주,1978,curated_supplement,https://www.yna.co.kr/view/AKR20250707129900518
1978,male,1,정훈,1978,historical_anchor_nearest,https://www.yna.co.kr/view/AKR20250707129900518
1978,male,2,성훈,1978,historical_anchor_nearest,https://www.yna.co.kr/view/AKR20250707129900518
1978,male,3,상훈,1978,historical_anchor_nearest,https://www.yna.co.kr/view/AKR20250707129900518
1978,male,4,성진,1978,historical_anchor_nearest,https://www.yna.co.kr/view/AKR20250707129900518
1978,male,5,지훈,1978,historical_anchor_nearest,https://www.yna.co.kr/view/AKR20250707129900518
1978,male,6,상민,1978,curated_supplement,https://www.yna.co.kr/view/AKR20250707129900518
1978,male,7,재훈,1978,curated_supplement,https://www.yna.co.kr/view/AKR20250707129900518
1978,male,8,정호,1978,curated_supplement,https://www.yna.co.kr/view/AKR20250707129900518
1978,male,9,영훈,1978,curated_supplement,https://www.yna.co.kr/view/AKR20250707129900518
1978,male,10,경수,1978,curated_supplement,https://www.yna.co.kr/view/AKR20250707129900518
1978,male,11,진호,1978,curated_supplement,https://www.yna.co.kr/view/AKR20250707129900518
1978,male,12,태훈,1978,curated_supplement,https://www.yna.co.kr/view/AKR20250707129900518
1978,male,13,동훈,1978,curated_supplement,https://www.yna.co.kr/view/AKR20250707129900518
1978,male,14,성수,1978,curated_supplement,https://www.yna.co.kr/view/AKR20250707129900518
1978,male,15,준호,1978,curated_supplement,https://www.yna.co.kr/view/AKR20250707129900518
1979,female,1,지영,1978,historical_anchor_nearest,https://www.yna.co.kr/view/AKR20250707129900518
1979,female,2,은정,1978,historical_anchor_nearest,https://www.yna.co.kr/view/AKR20250707129900518
1979,female,3,미영,1978,historical_anchor_nearest,https://www.yna.co.kr/view/AKR20250707129900518
1979,female,4,현정,1978,historical_anchor_nearest,https://www.yna.co.kr/view/AKR20250707129900518
1979,female,5,은주,1978,historical_anchor_nearest,https://www.yna.co.kr/view/AKR20250707129900518
1979,female,6,미정,1978,curated_supplement,https://www.yna.co.kr/view/AKR20250707129900518
1979,female,7,선영,1978,curated_supplement,https://www.yna.co.kr/view/AKR20250707129900518
1979,female,8,혜정,1978,curated_supplement,https://www.yna.co.kr/view/AKR20250707129900518
1979,female,9,영미,1978,curated_supplement,https://www.yna.co.kr/view/AKR20250707129900518
1979,female,10,수정,1978,curated_supplement,https://www.yna.co.kr/view/AKR20250707129900518
1979,female,11,경미,1978,curated_supplement,https://www.yna.co.kr/view/AKR20250707129900518
1979,female,12,은영,1978,curated_supplement,https://www.yna.co.kr/view/AKR20250707129900518
1979,female,13,정은,1978,curated_supplement,https://www.yna.co.kr/view/AKR20250707129900518
1979,female,14,희정,1978,curated_supplement,https://www.yna.co.kr/view/AKR20250707129900518
1979,female,15,현주,1978,curated_supplement,https://www.yna.co.kr/view/AKR20250707129900518
1979,male,1,정훈,1978,historical_anchor_nearest,https://www.yna.co.kr/view/AKR20250707129900518
1979,male,2,성훈,1978,historical_anchor_nearest,https://www.yna.co.kr/view/AKR20250707129900518
1979,male,3,상훈,1978,historical_anchor_nearest,https://www.yna.co.kr/view/AKR20250707129900518
1979,male,4,성진,1978,historical_anchor_nearest,https://www.yna.co.kr/view/AKR20250707129900518
1979,male,5,지훈,1978,historical_anchor_nearest,https://www.yna.co.kr/view/AKR20250707129900518
1979,male,6,상민,1978,curated_supplement,https://www.yna.co.kr/view/AKR20250707129900518
1979,male,7,재훈,1978,curated_supplement,https://www.yna.co.kr/view/AKR20250707129900518
1979,male,8,정호,1978,curated_supplement,https://www.yna.co.kr/view/AKR20250707129900518
1979,male,9,영훈,1978,curated_supplement,https://www.yna.co.kr/view/AKR20250707129900518
1979,male,10,경수,1978,curated_supplement,https://www.yna.co.kr/view/AKR20250707129900518
1979,male,11,진호,1978,curated_supplement,https://www.yna.co.kr/view/AKR20250707129900518
1979,male,12,태훈,1978,curated_supplement,https://www.yna.co.kr/view/AKR20250707129900518
1979,male,13,동훈,1978,curated_supplement,https://www.yna.co.kr/view/AKR20250707129900518
1979,male,14,성수,1978,curated_supplement,https://www.yna.co.kr/view/AKR20250707129900518
1979,male,15,준호,1978,curated_supplement,https://www.yna.co.kr/view/AKR20250707129900518
1980,female,1,지영,1978,historical_anchor_nearest,https://www.yna.co.kr/view/AKR20250707129900518
1980,female,2,은정,1978,historical_anchor_nearest,https://www.yna.co.kr/view/AKR20250707129900518
1980,female,3,미영,1978,historical_anchor_nearest,https://www.yna.co.kr/view/AKR20250707129900518
1980,female,4,현정,1978,historical_anchor_nearest,https://www.yna.co.kr/view/AKR20250707129900518
1980,female,5,은주,1978,historical_anchor_nearest,https://www.yna.co.kr/view/AKR20250707129900518
1980,female,6,미정,1978,curated_supplement,https://www.yna.co.kr/view/AKR20250707129900518
1980,female,7,선영,1978,curated_supplement,https://www.yna.co.kr/view/AKR20250707129900518
1980,female,8,혜정,1978,curated_supplement,https://www.yna.co.kr/view/AKR20250707129900518
1980,female,9,영미,1978,curated_supplement,https://www.yna.co.kr/view/AKR20250707129900518
1980,female,10,수정,1978,curated_supplement,https://www.yna.co.kr/view/AKR20250707129900518
1980,female,11,경미,1978,curated_supplement,https://www.yna.co.kr/view/AKR20250707129900518
1980,female,12,은영,1978,curated_supplement,https://www.yna.co.kr/view/AKR20250707129900518
1980,female,13,정은,1978,curated_supplement,https://www.yna.co.kr/view/AKR20250707129900518
1980,female,14,희정,1978,curated_supplement,https://www.yna.co.kr/view/AKR20250707129900518
1980,female,15,현주,1978,curated_supplement,https://www.yna.co.kr/view/AKR20250707129900518
1980,male,1,정훈,1978,historical_anchor_nearest,https://www.yna.co.kr/view/AKR20250707129900518
1980,male,2,성훈,1978,historical_anchor_nearest,https://www.yna.co.kr/view/AKR20250707129900518
1980,male,3,상훈,1978,historical_anchor_nearest,https://www.yna.co.kr/view/AKR20250707129900518
1980,male,4,성진,1978,historical_anchor_nearest,https://www.yna.co.kr/view/AKR20250707129900518
1980,male,5,지훈,1978,historical_anchor_nearest,https://www.yna.co.kr/view/AKR20250707129900518
1980,male,6,상민,1978,curated_supplement,https://www.yna.co.kr/view/AKR20250707129900518
1980,male,7,재훈,1978,curated_supplement,https://www.yna.co.kr/view/AKR20250707129900518
1980,male,8,정호,1978,curated_supplement,https://www.yna.co.kr/view/AKR20250707129900518
1980,male,9,영훈,1978,curated_supplement,https://www.yna.co.kr/view/AKR20250707129900518
1980,male,10,경수,1978,curated_supplement,https://www.yna.co.kr/view/AKR20250707129900518
1980,male,11,진호,1978,curated_supplement,https://www.yna.co.kr/view/AKR20250707129900518
1980,male,12,태훈,1978,curated_supplement,https://www.yna.co.kr/view/AKR20250707129900518
1980,male,13,동훈,1978,curated_supplement,https://www.yna.co.kr/view/AKR20250707129900518
1980,male,14,성수,1978,curated_supplement,https://www.yna.co.kr/view/AKR20250707129900518
1980,male,15,준호,1978,curated_supplement,https://www.yna.co.kr/view/AKR20250707129900518
1981,female,1,지영,1978,historical_anchor_nearest,https://www.yna.co.kr/view/AKR20250707129900518
1981,female,2,은정,1978,historical_anchor_nearest,https://www.yna.co.kr/view/AKR20250707129900518
1981,female,3,미영,1978,historical_anchor_nearest,https://www.yna.co.kr/view/AKR20250707129900518
1981,female,4,현정,1978,historical_anchor_nearest,https://www.yna.co.kr/view/AKR20250707129900518
1981,female,5,은주,1978,historical_anchor_nearest,https://www.yna.co.kr/view/AKR20250707129900518
1981,female,6,미정,1978,curated_supplement,https://www.yna.co.kr/view/AKR20250707129900518
1981,female,7,선영,1978,curated_supplement,https://www.yna.co.kr/view/AKR20250707129900518
1981,female,8,혜정,1978,curated_supplement,https://www.yna.co.kr/view/AKR20250707129900518
1981,female,9,영미,1978,curated_supplement,https://www.yna.co.kr/view/AKR20250707129900518
1981,female,10,수정,1978,curated_supplement,https://www.yna.co.kr/view/AKR20250707129900518
1981,female,11,경미,1978,curated_supplement,https://www.yna.co.kr/view/AKR20250707129900518
1981,female,12,은영,1978,curated_supplement,https://www.yna.co.kr/view/AKR20250707129900518
1981,female,13,정은,1978,curated_supplement,https://www.yna.co.kr/view/AKR20250707129900518
1981,female,14,희정,1978,curated_supplement,https://www.yna.co.kr/view/AKR20250707129900518
1981,female,15,현주,1978,curated_supplement,https://www.yna.co.kr/view/AKR20250707129900518
1981,male,1,정훈,1978,historical_anchor_nearest,https://www.yna.co.kr/view/AKR20250707129900518
1981,male,2,성훈,1978,historical_anchor_nearest,https://www.yna.co.kr/view/AKR20250707129900518
1981,male,3,상훈,1978,historical_anchor_nearest,https://www.yna.co.kr/view/AKR20250707129900518
1981,male,4,성진,1978,historical_anchor_nearest,https://www.yna.co.kr/view/AKR20250707129900518
1981,male,5,지훈,1978,historical_anchor_nearest,https://www.yna.co.kr/view/AKR20250707129900518
1981,male,6,상민,1978,curated_supplement,https://www.yna.co.kr/view/AKR20250707129900518
1981,male,7,재훈,1978,curated_supplement,https://www.yna.co.kr/view/AKR20250707129900518
1981,male,8,정호,1978,curated_supplement,https://www.yna.co.kr/view/AKR20250707129900518
1981,male,9,영훈,1978,curated_supplement,https://www.yna.co.kr/view/AKR20250707129900518
1981,male,10,경수,1978,curated_supplement,https://www.yna.co.kr/view/AKR20250707129900518
1981,male,11,진호,1978,curated_supplement,https://www.yna.co.kr/view/AKR20250707129900518
1981,male,12,태훈,1978,curated_supplement,https://www.yna.co.kr/view/AKR20250707129900518
1981,male,13,동훈,1978,curated_supplement,https://www.yna.co.kr/view/AKR20250707129900518
1981,male,14,성수,1978,curated_supplement,https://www.yna.co.kr/view/AKR20250707129900518
1981,male,15,준호,1978,curated_supplement,https://www.yna.co.kr/view/AKR20250707129900518
1982,female,1,지영,1978,historical_anchor_nearest,https://www.yna.co.kr/view/AKR20250707129900518
1982,female,2,은정,1978,historical_anchor_nearest,https://www.yna.co.kr/view/AKR20250707129900518
1982,female,3,미영,1978,historical_anchor_nearest,https://www.yna.co.kr/view/AKR20250707129900518
1982,female,4,현정,1978,historical_anchor_nearest,https://www.yna.co.kr/view/AKR20250707129900518
1982,female,5,은주,1978,historical_anchor_nearest,https://www.yna.co.kr/view/AKR20250707129900518
1982,female,6,미정,1978,curated_supplement,https://www.yna.co.kr/view/AKR20250707129900518
1982,female,7,선영,1978,curated_supplement,https://www.yna.co.kr/view/AKR20250707129900518
1982,female,8,혜정,1978,curated_supplement,https://www.yna.co.kr/view/AKR20250707129900518
1982,female,9,영미,1978,curated_supplement,https://www.yna.co.kr/view/AKR20250707129900518
1982,female,10,수정,1978,curated_supplement,https://www.yna.co.kr/view/AKR20250707129900518
1982,female,11,경미,1978,curated_supplement,https://www.yna.co.kr/view/AKR20250707129900518
1982,female,12,은영,1978,curated_supplement,https://www.yna.co.kr/view/AKR20250707129900518
1982,female,13,정은,1978,curated_supplement,https://www.yna.co.kr/view/AKR20250707129900518
1982,female,14,희정,1978,curated_supplement,https://www.yna.co.kr/view/AKR20250707129900518
1982,female,15,현주,1978,curated_supplement,https://www.yna.co.kr/view/AKR20250707129900518
1982,male,1,정훈,1978,historical_anchor_nearest,https://www.yna.co.kr/view/AKR20250707129900518
1982,male,2,성훈,1978,historical_anchor_nearest,https://www.yna.co.kr/view/AKR20250707129900518
1982,male,3,상훈,1978,historical_anchor_nearest,https://www.yna.co.kr/view/AKR20250707129900518
1982,male,4,성진,1978,historical_anchor_nearest,https://www.yna.co.kr/view/AKR20250707129900518
1982,male,5,지훈,1978,historical_anchor_nearest,https://www.yna.co.kr/view/AKR20250707129900518
1982,male,6,상민,1978,curated_supplement,https://www.yna.co.kr/view/AKR20250707129900518
1982,male,7,재훈,1978,curated_supplement,https://www.yna.co.kr/view/AKR20250707129900518
1982,male,8,정호,1978,curated_supplement,https://www.yna.co.kr/view/AKR20250707129900518
1982,male,9,영훈,1978,curated_supplement,https://www.yna.co.kr/view/AKR20250707129900518
1982,male,10,경수,1978,curated_supplement,https://www.yna.co.kr/view/AKR20250707129900518
1982,male,11,진호,1978,curated_supplement,https://www.yna.co.kr/view/AKR20250707129900518
1982,male,12,태훈,1978,curated_supplement,https://www.yna.co.kr/view/AKR20250707129900518
1982,male,13,동훈,1978,curated_supplement,https://www.yna.co.kr/view/AKR20250707129900518
1982,male,14,성수,1978,curated_supplement,https://www.yna.co.kr/view/AKR20250707129900518
1982,male,15,준호,1978,curated_supplement,https://www.yna.co.kr/view/AKR20250707129900518
1983,female,1,지영,1978,historical_anchor_nearest,https://www.yna.co.kr/view/AKR20250707129900518
1983,female,2,은정,1978,historical_anchor_nearest,https://www.yna.co.kr/view/AKR20250707129900518
1983,female,3,미영,1978,historical_anchor_nearest,https://www.yna.co.kr/view/AKR20250707129900518
1983,female,4,현정,1978,historical_anchor_nearest,https://www.yna.co.kr/view/AKR20250707129900518
1983,female,5,은주,1978,historical_anchor_nearest,https://www.yna.co.kr/view/AKR20250707129900518
1983,female,6,미정,1978,curated_supplement,https://www.yna.co.kr/view/AKR20250707129900518
1983,female,7,선영,1978,curated_supplement,https://www.yna.co.kr/view/AKR20250707129900518
1983,female,8,혜정,1978,curated_supplement,https://www.yna.co.kr/view/AKR20250707129900518
1983,female,9,영미,1978,curated_supplement,https://www.yna.co.kr/view/AKR20250707129900518
1983,female,10,수정,1978,curated_supplement,https://www.yna.co.kr/view/AKR20250707129900518
1983,female,11,경미,1978,curated_supplement,https://www.yna.co.kr/view/AKR20250707129900518
1983,female,12,은영,1978,curated_supplement,https://www.yna.co.kr/view/AKR20250707129900518
1983,female,13,정은,1978,curated_supplement,https://www.yna.co.kr/view/AKR20250707129900518
1983,female,14,희정,1978,curated_supplement,https://www.yna.co.kr/view/AKR20250707129900518
1983,female,15,현주,1978,curated_supplement,https://www.yna.co.kr/view/AKR20250707129900518
1983,male,1,정훈,1978,historical_anchor_nearest,https://www.yna.co.kr/view/AKR20250707129900518
1983,male,2,성훈,1978,historical_anchor_nearest,https://www.yna.co.kr/view/AKR20250707129900518
1983,male,3,상훈,1978,historical_anchor_nearest,https://www.yna.co.kr/view/AKR20250707129900518
1983,male,4,성진,1978,historical_anchor_nearest,https://www.yna.co.kr/view/AKR20250707129900518
1983,male,5,지훈,1978,historical_anchor_nearest,https://www.yna.co.kr/view/AKR20250707129900518
1983,male,6,상민,1978,curated_supplement,https://www.yna.co.kr/view/AKR20250707129900518
1983,male,7,재훈,1978,curated_supplement,https://www.yna.co.kr/view/AKR20250707129900518
1983,male,8,정호,1978,curated_supplement,https://www.yna.co.kr/view/AKR20250707129900518
1983,male,9,영훈,1978,curated_supplement,https://www.yna.co.kr/view/AKR20250707129900518
1983,male,10,경수,1978,curated_supplement,https://www.yna.co.kr/view/AKR20250707129900518
1983,male,11,진호,1978,curated_supplement,https://www.yna.co.kr/view/AKR20250707129900518
1983,male,12,태훈,1978,curated_supplement,https://www.yna.co.kr/view/AKR20250707129900518
1983,male,13,동훈,1978,curated_supplement,https://www.yna.co.kr/view/AKR20250707129900518
1983,male,14,성수,1978,curated_supplement,https://www.yna.co.kr/view/AKR20250707129900518
1983,male,15,준호,1978,curated_supplement,https://www.yna.co.kr/view/AKR20250707129900518
1984,female,1,지혜,1988,historical_anchor_nearest,https://www.yna.co.kr/view/AKR20250707129900518
1984,female,2,지은,1988,historical_anchor_nearest,https://www.yna.co.kr/view/AKR20250707129900518
1984,female,3,수진,1988,historical_anchor_nearest,https://www.yna.co.kr/view/AKR20250707129900518
1984,female,4,혜진,1988,curated_supplement,https://www.yna.co.kr/view/AKR20250707129900518
1984,female,5,은지,1988,historical_anchor_nearest,https://www.yna.co.kr/view/AKR20250707129900518
1984,female,6,지현,1988,curated_supplement,https://www.yna.co.kr/view/AKR20250707129900518
1984,female,7,현정,1988,curated_supplement,https://www.yna.co.kr/view/AKR20250707129900518
1984,female,8,민정,1988,curated_supplement,https://www.yna.co.kr/view/AKR20250707129900518
1984,female,9,소영,1988,curated_supplement,https://www.yna.co.kr/view/AKR20250707129900518
1984,female,10,유정,1988,curated_supplement,https://www.yna.co.kr/view/AKR20250707129900518
1984,female,11,은정,1988,curated_supplement,https://www.yna.co.kr/view/AKR20250707129900518
1984,female,12,수연,1988,curated_supplement,https://www.yna.co.kr/view/AKR20250707129900518
1984,female,13,지영,1988,curated_supplement,https://www.yna.co.kr/view/AKR20250707129900518
1984,female,14,나영,1988,curated_supplement,https://www.yna.co.kr/view/AKR20250707129900518
1984,male,1,지훈,1988,historical_anchor_nearest,https://www.yna.co.kr/view/AKR20250707129900518
1984,male,2,성민,1988,historical_anchor_nearest,https://www.yna.co.kr/view/AKR20250707129900518
1984,male,3,현우,1988,historical_anchor_nearest,https://www.yna.co.kr/view/AKR20250707129900518
1984,male,4,정훈,1988,historical_anchor_nearest,https://www.yna.co.kr/view/AKR20250707129900518
1984,male,5,동현,1988,historical_anchor_nearest,https://www.yna.co.kr/view/AKR20250707129900518
1984,male,6,민수,1988,curated_supplement,https://www.yna.co.kr/view/AKR20250707129900518
1984,male,7,성현,1988,curated_supplement,https://www.yna.co.kr/view/AKR20250707129900518
1984,male,8,태현,1988,curated_supplement,https://www.yna.co.kr/view/AKR20250707129900518
1984,male,9,진우,1988,curated_supplement,https://www.yna.co.kr/view/AKR20250707129900518
1984,male,10,정민,1988,curated_supplement,https://www.yna.co.kr/view/AKR20250707129900518
1984,male,11,승현,1988,curated_supplement,https://www.yna.co.kr/view/AKR20250707129900518
1984,male,12,재현,1988,curated_supplement,https://www.yna.co.kr/view/AKR20250707129900518
1984,male,13,상현,1988,curated_supplement,https://www.yna.co.kr/view/AKR20250707129900518
1984,male,14,민석,1988,curated_supplement,https://www.yna.co.kr/view/AKR20250707129900518
1984,male,15,동욱,1988,curated_supplement,https://www.yna.co.kr/view/AKR20250707129900518
1985,female,1,지혜,1988,historical_anchor_nearest,https://www.yna.co.kr/view/AKR20250707129900518
1985,female,2,지은,1988,historical_anchor_nearest,https://www.yna.co.kr/view/AKR20250707129900518
1985,female,3,수진,1988,historical_anchor_nearest,https://www.yna.co.kr/view/AKR20250707129900518
1985,female,4,혜진,1988,curated_supplement,https://www.yna.co.kr/view/AKR20250707129900518
1985,female,5,은지,1988,historical_anchor_nearest,https://www.yna.co.kr/view/AKR20250707129900518
1985,female,6,지현,1988,curated_supplement,https://www.yna.co.kr/view/AKR20250707129900518
1985,female,7,현정,1988,curated_supplement,https://www.yna.co.kr/view/AKR20250707129900518
1985,female,8,민정,1988,curated_supplement,https://www.yna.co.kr/view/AKR20250707129900518
1985,female,9,소영,1988,curated_supplement,https://www.yna.co.kr/view/AKR20250707129900518
1985,female,10,유정,1988,curated_supplement,https://www.yna.co.kr/view/AKR20250707129900518
1985,female,11,은정,1988,curated_supplement,https://www.yna.co.kr/view/AKR20250707129900518
1985,female,12,수연,1988,curated_supplement,https://www.yna.co.kr/view/AKR20250707129900518
1985,female,13,지영,1988,curated_supplement,https://www.yna.co.kr/view/AKR20250707129900518
1985,female,14,나영,1988,curated_supplement,https://www.yna.co.kr/view/AKR20250707129900518
1985,male,1,지훈,1988,historical_anchor_nearest,https://www.yna.co.kr/view/AKR20250707129900518
1985,male,2,성민,1988,historical_anchor_nearest,https://www.yna.co.kr/view/AKR20250707129900518
1985,male,3,현우,1988,historical_anchor_nearest,https://www.yna.co.kr/view/AKR20250707129900518
1985,male,4,정훈,1988,historical_anchor_nearest,https://www.yna.co.kr/view/AKR20250707129900518
1985,male,5,동현,1988,historical_anchor_nearest,https://www.yna.co.kr/view/AKR20250707129900518
1985,male,6,민수,1988,curated_supplement,https://www.yna.co.kr/view/AKR20250707129900518
1985,male,7,성현,1988,curated_supplement,https://www.yna.co.kr/view/AKR20250707129900518
1985,male,8,태현,1988,curated_supplement,https://www.yna.co.kr/view/AKR20250707129900518
1985,male,9,진우,1988,curated_supplement,https://www.yna.co.kr/view/AKR20250707129900518
1985,male,10,정민,1988,curated_supplement,https://www.yna.co.kr/view/AKR20250707129900518
1985,male,11,승현,1988,curated_supplement,https://www.yna.co.kr/view/AKR20250707129900518
1985,male,12,재현,1988,curated_supplement,https://www.yna.co.kr/view/AKR20250707129900518
1985,male,13,상현,1988,curated_supplement,https://www.yna.co.kr/view/AKR20250707129900518
1985,male,14,민석,1988,curated_supplement,https://www.yna.co.kr/view/AKR20250707129900518
1985,male,15,동욱,1988,curated_supplement,https://www.yna.co.kr/view/AKR20250707129900518
1986,female,1,지혜,1988,historical_anchor_nearest,https://www.yna.co.kr/view/AKR20250707129900518
1986,female,2,지은,1988,historical_anchor_nearest,https://www.yna.co.kr/view/AKR20250707129900518
1986,female,3,수진,1988,historical_anchor_nearest,https://www.yna.co.kr/view/AKR20250707129900518
1986,female,4,혜진,1988,curated_supplement,https://www.yna.co.kr/view/AKR20250707129900518
1986,female,5,은지,1988,historical_anchor_nearest,https://www.yna.co.kr/view/AKR20250707129900518
1986,female,6,지현,1988,curated_supplement,https://www.yna.co.kr/view/AKR20250707129900518
1986,female,7,현정,1988,curated_supplement,https://www.yna.co.kr/view/AKR20250707129900518
1986,female,8,민정,1988,curated_supplement,https://www.yna.co.kr/view/AKR20250707129900518
1986,female,9,소영,1988,curated_supplement,https://www.yna.co.kr/view/AKR20250707129900518
1986,female,10,유정,1988,curated_supplement,https://www.yna.co.kr/view/AKR20250707129900518
1986,female,11,은정,1988,curated_supplement,https://www.yna.co.kr/view/AKR20250707129900518
1986,female,12,수연,1988,curated_supplement,https://www.yna.co.kr/view/AKR20250707129900518
1986,female,13,지영,1988,curated_supplement,https://www.yna.co.kr/view/AKR20250707129900518
1986,female,14,나영,1988,curated_supplement,https://www.yna.co.kr/view/AKR20250707129900518
1986,male,1,지훈,1988,historical_anchor_nearest,https://www.yna.co.kr/view/AKR20250707129900518
1986,male,2,성민,1988,historical_anchor_nearest,https://www.yna.co.kr/view/AKR20250707129900518
1986,male,3,현우,1988,historical_anchor_nearest,https://www.yna.co.kr/view/AKR20250707129900518
1986,male,4,정훈,1988,historical_anchor_nearest,https://www.yna.co.kr/view/AKR20250707129900518
1986,male,5,동현,1988,historical_anchor_nearest,https://www.yna.co.kr/view/AKR20250707129900518
1986,male,6,민수,1988,curated_supplement,https://www.yna.co.kr/view/AKR20250707129900518
1986,male,7,성현,1988,curated_supplement,https://www.yna.co.kr/view/AKR20250707129900518
1986,male,8,태현,1988,curated_supplement,https://www.yna.co.kr/view/AKR20250707129900518
1986,male,9,진우,1988,curated_supplement,https://www.yna.co.kr/view/AKR20250707129900518
1986,male,10,정민,1988,curated_supplement,https://www.yna.co.kr/view/AKR20250707129900518
1986,male,11,승현,1988,curated_supplement,https://www.yna.co.kr/view/AKR20250707129900518
1986,male,12,재현,1988,curated_supplement,https://www.yna.co.kr/view/AKR20250707129900518
1986,male,13,상현,1988,curated_supplement,https://www.yna.co.kr/view/AKR20250707129900518
1986,male,14,민석,1988,curated_supplement,https://www.yna.co.kr/view/AKR20250707129900518
1986,male,15,동욱,1988,curated_supplement,https://www.yna.co.kr/view/AKR20250707129900518
1987,female,1,지혜,1988,historical_anchor_nearest,https://www.yna.co.kr/view/AKR20250707129900518
1987,female,2,지은,1988,historical_anchor_nearest,https://www.yna.co.kr/view/AKR20250707129900518
1987,female,3,수진,1988,historical_anchor_nearest,https://www.yna.co.kr/view/AKR20250707129900518
1987,female,4,혜진,1988,curated_supplement,https://www.yna.co.kr/view/AKR20250707129900518
1987,female,5,은지,1988,historical_anchor_nearest,https://www.yna.co.kr/view/AKR20250707129900518
1987,female,6,지현,1988,curated_supplement,https://www.yna.co.kr/view/AKR20250707129900518
1987,female,7,현정,1988,curated_supplement,https://www.yna.co.kr/view/AKR20250707129900518
1987,female,8,민정,1988,curated_supplement,https://www.yna.co.kr/view/AKR20250707129900518
1987,female,9,소영,1988,curated_supplement,https://www.yna.co.kr/view/AKR20250707129900518
1987,female,10,유정,1988,curated_supplement,https://www.yna.co.kr/view/AKR20250707129900518
1987,female,11,은정,1988,curated_supplement,https://www.yna.co.kr/view/AKR20250707129900518
1987,female,12,수연,1988,curated_supplement,https://www.yna.co.kr/view/AKR20250707129900518
1987,female,13,지영,1988,curated_supplement,https://www.yna.co.kr/view/AKR20250707129900518
1987,female,14,나영,1988,curated_supplement,https://www.yna.co.kr/view/AKR20250707129900518
1987,male,1,지훈,1988,historical_anchor_nearest,https://www.yna.co.kr/view/AKR20250707129900518
1987,male,2,성민,1988,historical_anchor_nearest,https://www.yna.co.kr/view/AKR20250707129900518
1987,male,3,현우,1988,historical_anchor_nearest,https://www.yna.co.kr/view/AKR20250707129900518
1987,male,4,정훈,1988,historical_anchor_nearest,https://www.yna.co.kr/view/AKR20250707129900518
1987,male,5,동현,1988,historical_anchor_nearest,https://www.yna.co.kr/view/AKR20250707129900518
1987,male,6,민수,1988,curated_supplement,https://www.yna.co.kr/view/AKR20250707129900518
1987,male,7,성현,1988,curated_supplement,https://www.yna.co.kr/view/AKR20250707129900518
1987,male,8,태현,1988,curated_supplement,https://www.yna.co.kr/view/AKR20250707129900518
1987,male,9,진우,1988,curated_supplement,https://www.yna.co.kr/view/AKR20250707129900518
1987,male,10,정민,1988,curated_supplement,https://www.yna.co.kr/view/AKR20250707129900518
1987,male,11,승현,1988,curated_supplement,https://www.yna.co.kr/view/AKR20250707129900518
1987,male,12,재현,1988,curated_supplement,https://www.yna.co.kr/view/AKR20250707129900518
1987,male,13,상현,1988,curated_supplement,https://www.yna.co.kr/view/AKR20250707129900518
1987,male,14,민석,1988,curated_supplement,https://www.yna.co.kr/view/AKR20250707129900518
1987,male,15,동욱,1988,curated_supplement,https://www.yna.co.kr/view/AKR20250707129900518
1988,female,1,지혜,1988,historical_anchor_nearest,https://www.yna.co.kr/view/AKR20250707129900518
1988,female,2,지은,1988,historical_anchor_nearest,https://www.yna.co.kr/view/AKR20250707129900518
1988,female,3,수진,1988,historical_anchor_nearest,https://www.yna.co.kr/view/AKR20250707129900518
1988,female,4,혜진,1988,curated_supplement,https://www.yna.co.kr/view/AKR20250707129900518
1988,female,5,은지,1988,historical_anchor_nearest,https://www.yna.co.kr/view/AKR20250707129900518
1988,female,6,지현,1988,curated_supplement,https://www.yna.co.kr/view/AKR20250707129900518
1988,female,7,현정,1988,curated_supplement,https://www.yna.co.kr/view/AKR20250707129900518
1988,female,8,민정,1988,curated_supplement,https://www.yna.co.kr/view/AKR20250707129900518
1988,female,9,소영,1988,curated_supplement,https://www.yna.co.kr/view/AKR20250707129900518
1988,female,10,유정,1988,curated_supplement,https://www.yna.co.kr/view/AKR20250707129900518
1988,female,11,은정,1988,curated_supplement,https://www.yna.co.kr/view/AKR20250707129900518
1988,female,12,수연,1988,curated_supplement,https://www.yna.co.kr/view/AKR20250707129900518
1988,female,13,지영,1988,curated_supplement,https://www.yna.co.kr/view/AKR20250707129900518
1988,female,14,나영,1988,curated_supplement,https://www.yna.co.kr/view/AKR20250707129900518
1988,male,1,지훈,1988,historical_anchor_nearest,https://www.yna.co.kr/view/AKR20250707129900518
1988,male,2,성민,1988,historical_anchor_nearest,https://www.yna.co.kr/view/AKR20250707129900518
1988,male,3,현우,1988,historical_anchor_nearest,https://www.yna.co.kr/view/AKR20250707129900518
1988,male,4,정훈,1988,historical_anchor_nearest,https://www.yna.co.kr/view/AKR20250707129900518
1988,male,5,동현,1988,historical_anchor_nearest,https://www.yna.co.kr/view/AKR20250707129900518
1988,male,6,민수,1988,curated_supplement,https://www.yna.co.kr/view/AKR20250707129900518
1988,male,7,성현,1988,curated_supplement,https://www.yna.co.kr/view/AKR20250707129900518
1988,male,8,태현,1988,curated_supplement,https://www.yna.co.kr/view/AKR20250707129900518
1988,male,9,진우,1988,curated_supplement,https://www.yna.co.kr/view/AKR20250707129900518
1988,male,10,정민,1988,curated_supplement,https://www.yna.co.kr/view/AKR20250707129900518
1988,male,11,승현,1988,curated_supplement,https://www.yna.co.kr/view/AKR20250707129900518
1988,male,12,재현,1988,curated_supplement,https://www.yna.co.kr/view/AKR20250707129900518
1988,male,13,상현,1988,curated_supplement,https://www.yna.co.kr/view/AKR20250707129900518
1988,male,14,민석,1988,curated_supplement,https://www.yna.co.kr/view/AKR20250707129900518
1988,male,15,동욱,1988,curated_supplement,https://www.yna.co.kr/view/AKR20250707129900518
1989,female,1,지혜,1988,historical_anchor_nearest,https://www.yna.co.kr/view/AKR20250707129900518
1989,female,2,지은,1988,historical_anchor_nearest,https://www.yna.co.kr/view/AKR20250707129900518
1989,female,3,수진,1988,historical_anchor_nearest,https://www.yna.co.kr/view/AKR20250707129900518
1989,female,4,혜진,1988,curated_supplement,https://www.yna.co.kr/view/AKR20250707129900518
1989,female,5,은지,1988,historical_anchor_nearest,https://www.yna.co.kr/view/AKR20250707129900518
1989,female,6,지현,1988,curated_supplement,https://www.yna.co.kr/view/AKR20250707129900518
1989,female,7,현정,1988,curated_supplement,https://www.yna.co.kr/view/AKR20250707129900518
1989,female,8,민정,1988,curated_supplement,https://www.yna.co.kr/view/AKR20250707129900518
1989,female,9,소영,1988,curated_supplement,https://www.yna.co.kr/view/AKR20250707129900518
1989,female,10,유정,1988,curated_supplement,https://www.yna.co.kr/view/AKR20250707129900518
1989,female,11,은정,1988,curated_supplement,https://www.yna.co.kr/view/AKR20250707129900518
1989,female,12,수연,1988,curated_supplement,https://www.yna.co.kr/view/AKR20250707129900518
1989,female,13,지영,1988,curated_supplement,https://www.yna.co.kr/view/AKR20250707129900518
1989,female,14,나영,1988,curated_supplement,https://www.yna.co.kr/view/AKR20250707129900518
1989,male,1,지훈,1988,historical_anchor_nearest,https://www.yna.co.kr/view/AKR20250707129900518
1989,male,2,성민,1988,historical_anchor_nearest,https://www.yna.co.kr/view/AKR20250707129900518
1989,male,3,현우,1988,historical_anchor_nearest,https://www.yna.co.kr/view/AKR20250707129900518
1989,male,4,정훈,1988,historical_anchor_nearest,https://www.yna.co.kr/view/AKR20250707129900518
1989,male,5,동현,1988,historical_anchor_nearest,https://www.yna.co.kr/view/AKR20250707129900518
1989,male,6,민수,1988,curated_supplement,https://www.yna.co.kr/view/AKR20250707129900518
1989,male,7,성현,1988,curated_supplement,https://www.yna.co.kr/view/AKR20250707129900518
1989,male,8,태현,1988,curated_supplement,https://www.yna.co.kr/view/AKR20250707129900518
1989,male,9,진우,1988,curated_supplement,https://www.yna.co.kr/view/AKR20250707129900518
1989,male,10,정민,1988,curated_supplement,https://www.yna.co.kr/view/AKR20250707129900518
1989,male,11,승현,1988,curated_supplement,https://www.yna.co.kr/view/AKR20250707129900518
1989,male,12,재현,1988,curated_supplement,https://www.yna.co.kr/view/AKR20250707129900518
1989,male,13,상현,1988,curated_supplement,https://www.yna.co.kr/view/AKR20250707129900518
1989,male,14,민석,1988,curated_supplement,https://www.yna.co.kr/view/AKR20250707129900518
1989,male,15,동욱,1988,curated_supplement,https://www.yna.co.kr/view/AKR20250707129900518
1990,female,1,지혜,1988,historical_anchor_nearest,https://www.yna.co.kr/view/AKR20250707129900518
1990,female,2,지은,1988,historical_anchor_nearest,https://www.yna.co.kr/view/AKR20250707129900518
1990,female,3,수진,1988,historical_anchor_nearest,https://www.yna.co.kr/view/AKR20250707129900518
1990,female,4,혜진,1988,curated_supplement,https://www.yna.co.kr/view/AKR20250707129900518
1990,female,5,은지,1988,historical_anchor_nearest,https://www.yna.co.kr/view/AKR20250707129900518
1990,female,6,지현,1988,curated_supplement,https://www.yna.co.kr/view/AKR20250707129900518
1990,female,7,현정,1988,curated_supplement,https://www.yna.co.kr/view/AKR20250707129900518
1990,female,8,민정,1988,curated_supplement,https://www.yna.co.kr/view/AKR20250707129900518
1990,female,9,소영,1988,curated_supplement,https://www.yna.co.kr/view/AKR20250707129900518
1990,female,10,유정,1988,curated_supplement,https://www.yna.co.kr/view/AKR20250707129900518
1990,female,11,은정,1988,curated_supplement,https://www.yna.co.kr/view/AKR20250707129900518
1990,female,12,수연,1988,curated_supplement,https://www.yna.co.kr/view/AKR20250707129900518
1990,female,13,지영,1988,curated_supplement,https://www.yna.co.kr/view/AKR20250707129900518
1990,female,14,나영,1988,curated_supplement,https://www.yna.co.kr/view/AKR20250707129900518
1990,male,1,지훈,1988,historical_anchor_nearest,https://www.yna.co.kr/view/AKR20250707129900518
1990,male,2,성민,1988,historical_anchor_nearest,https://www.yna.co.kr/view/AKR20250707129900518
1990,male,3,현우,1988,historical_anchor_nearest,https://www.yna.co.kr/view/AKR20250707129900518
1990,male,4,정훈,1988,historical_anchor_nearest,https://www.yna.co.kr/view/AKR20250707129900518
1990,male,5,동현,1988,historical_anchor_nearest,https://www.yna.co.kr/view/AKR20250707129900518
1990,male,6,민수,1988,curated_supplement,https://www.yna.co.kr/view/AKR20250707129900518
1990,male,7,성현,1988,curated_supplement,https://www.yna.co.kr/view/AKR20250707129900518
1990,male,8,태현,1988,curated_supplement,https://www.yna.co.kr/view/AKR20250707129900518
1990,male,9,진우,1988,curated_supplement,https://www.yna.co.kr/view/AKR20250707129900518
1990,male,10,정민,1988,curated_supplement,https://www.yna.co.kr/view/AKR20250707129900518
1990,male,11,승현,1988,curated_supplement,https://www.yna.co.kr/view/AKR20250707129900518
1990,male,12,재현,1988,curated_supplement,https://www.yna.co.kr/view/AKR20250707129900518
1990,male,13,상현,1988,curated_supplement,https://www.yna.co.kr/view/AKR20250707129900518
1990,male,14,민석,1988,curated_supplement,https://www.yna.co.kr/view/AKR20250707129900518
1990,male,15,동욱,1988,curated_supplement,https://www.yna.co.kr/view/AKR20250707129900518
1991,female,1,지혜,1988,historical_anchor_nearest,https://www.yna.co.kr/view/AKR20250707129900518
1991,female,2,지은,1988,historical_anchor_nearest,https://www.yna.co.kr/view/AKR20250707129900518
1991,female,3,수진,1988,historical_anchor_nearest,https://www.yna.co.kr/view/AKR20250707129900518
1991,female,4,혜진,1988,curated_supplement,https://www.yna.co.kr/view/AKR20250707129900518
1991,female,5,은지,1988,historical_anchor_nearest,https://www.yna.co.kr/view/AKR20250707129900518
1991,female,6,지현,1988,curated_supplement,https://www.yna.co.kr/view/AKR20250707129900518
1991,female,7,현정,1988,curated_supplement,https://www.yna.co.kr/view/AKR20250707129900518
1991,female,8,민정,1988,curated_supplement,https://www.yna.co.kr/view/AKR20250707129900518
1991,female,9,소영,1988,curated_supplement,https://www.yna.co.kr/view/AKR20250707129900518
1991,female,10,유정,1988,curated_supplement,https://www.yna.co.kr/view/AKR20250707129900518
1991,female,11,은정,1988,curated_supplement,https://www.yna.co.kr/view/AKR20250707129900518
1991,female,12,수연,1988,curated_supplement,https://www.yna.co.kr/view/AKR20250707129900518
1991,female,13,지영,1988,curated_supplement,https://www.yna.co.kr/view/AKR20250707129900518
1991,female,14,나영,1988,curated_supplement,https://www.yna.co.kr/view/AKR20250707129900518
1991,male,1,지훈,1988,historical_anchor_nearest,https://www.yna.co.kr/view/AKR20250707129900518
1991,male,2,성민,1988,historical_anchor_nearest,https://www.yna.co.kr/view/AKR20250707129900518
1991,male,3,현우,1988,historical_anchor_nearest,https://www.yna.co.kr/view/AKR20250707129900518
1991,male,4,정훈,1988,historical_anchor_nearest,https://www.yna.co.kr/view/AKR20250707129900518
1991,male,5,동현,1988,historical_anchor_nearest,https://www.yna.co.kr/view/AKR20250707129900518
1991,male,6,민수,1988,curated_supplement,https://www.yna.co.kr/view/AKR20250707129900518
1991,male,7,성현,1988,curated_supplement,https://www.yna.co.kr/view/AKR20250707129900518
1991,male,8,태현,1988,curated_supplement,https://www.yna.co.kr/view/AKR20250707129900518
1991,male,9,진우,1988,curated_supplement,https://www.yna.co.kr/view/AKR20250707129900518
1991,male,10,정민,1988,curated_supplement,https://www.yna.co.kr/view/AKR20250707129900518
1991,male,11,승현,1988,curated_supplement,https://www.yna.co.kr/view/AKR20250707129900518
1991,male,12,재현,1988,curated_supplement,https://www.yna.co.kr/view/AKR20250707129900518
1991,male,13,상현,1988,curated_supplement,https://www.yna.co.kr/view/AKR20250707129900518
1991,male,14,민석,1988,curated_supplement,https://www.yna.co.kr/view/AKR20250707129900518
1991,male,15,동욱,1988,curated_supplement,https://www.yna.co.kr/view/AKR20250707129900518
1992,female,1,지혜,1988,historical_anchor_nearest,https://www.yna.co.kr/view/AKR20250707129900518
1992,female,2,지은,1988,historical_anchor_nearest,https://www.yna.co.kr/view/AKR20250707129900518
1992,female,3,수진,1988,historical_anchor_nearest,https://www.yna.co.kr/view/AKR20250707129900518
1992,female,4,혜진,1988,curated_supplement,https://www.yna.co.kr/view/AKR20250707129900518
1992,female,5,은지,1988,historical_anchor_nearest,https://www.yna.co.kr/view/AKR20250707129900518
1992,female,6,지현,1988,curated_supplement,https://www.yna.co.kr/view/AKR20250707129900518
1992,female,7,현정,1988,curated_supplement,https://www.yna.co.kr/view/AKR20250707129900518
1992,female,8,민정,1988,curated_supplement,https://www.yna.co.kr/view/AKR20250707129900518
1992,female,9,소영,1988,curated_supplement,https://www.yna.co.kr/view/AKR20250707129900518
1992,female,10,유정,1988,curated_supplement,https://www.yna.co.kr/view/AKR20250707129900518
1992,female,11,은정,1988,curated_supplement,https://www.yna.co.kr/view/AKR20250707129900518
1992,female,12,수연,1988,curated_supplement,https://www.yna.co.kr/view/AKR20250707129900518
1992,female,13,지영,1988,curated_supplement,https://www.yna.co.kr/view/AKR20250707129900518
1992,female,14,나영,1988,curated_supplement,https://www.yna.co.kr/view/AKR20250707129900518
1992,male,1,지훈,1988,historical_anchor_nearest,https://www.yna.co.kr/view/AKR20250707129900518
1992,male,2,성민,1988,historical_anchor_nearest,https://www.yna.co.kr/view/AKR20250707129900518
1992,male,3,현우,1988,historical_anchor_nearest,https://www.yna.co.kr/view/AKR20250707129900518
1992,male,4,정훈,1988,historical_anchor_nearest,https://www.yna.co.kr/view/AKR20250707129900518
1992,male,5,동현,1988,historical_anchor_nearest,https://www.yna.co.kr/view/AKR20250707129900518
1992,male,6,민수,1988,curated_supplement,https://www.yna.co.kr/view/AKR20250707129900518
1992,male,7,성현,1988,curated_supplement,https://www.yna.co.kr/view/AKR20250707129900518
1992,male,8,태현,1988,curated_supplement,https://www.yna.co.kr/view/AKR20250707129900518
1992,male,9,진우,1988,curated_supplement,https://www.yna.co.kr/view/AKR20250707129900518
1992,male,10,정민,1988,curated_supplement,https://www.yna.co.kr/view/AKR20250707129900518
1992,male,11,승현,1988,curated_supplement,https://www.yna.co.kr/view/AKR20250707129900518
1992,male,12,재현,1988,curated_supplement,https://www.yna.co.kr/view/AKR20250707129900518
1992,male,13,상현,1988,curated_supplement,https://www.yna.co.kr/view/AKR20250707129900518
1992,male,14,민석,1988,curated_supplement,https://www.yna.co.kr/view/AKR20250707129900518
1992,male,15,동욱,1988,curated_supplement,https://www.yna.co.kr/view/AKR20250707129900518
1993,female,1,지혜,1988,historical_anchor_nearest,https://www.yna.co.kr/view/AKR20250707129900518
1993,female,2,지은,1988,historical_anchor_nearest,https://www.yna.co.kr/view/AKR20250707129900518
1993,female,3,수진,1988,historical_anchor_nearest,https://www.yna.co.kr/view/AKR20250707129900518
1993,female,4,혜진,1988,curated_supplement,https://www.yna.co.kr/view/AKR20250707129900518
1993,female,5,은지,1988,historical_anchor_nearest,https://www.yna.co.kr/view/AKR20250707129900518
1993,female,6,지현,1988,curated_supplement,https://www.yna.co.kr/view/AKR20250707129900518
1993,female,7,현정,1988,curated_supplement,https://www.yna.co.kr/view/AKR20250707129900518
1993,female,8,민정,1988,curated_supplement,https://www.yna.co.kr/view/AKR20250707129900518
1993,female,9,소영,1988,curated_supplement,https://www.yna.co.kr/view/AKR20250707129900518
1993,female,10,유정,1988,curated_supplement,https://www.yna.co.kr/view/AKR20250707129900518
1993,female,11,은정,1988,curated_supplement,https://www.yna.co.kr/view/AKR20250707129900518
1993,female,12,수연,1988,curated_supplement,https://www.yna.co.kr/view/AKR20250707129900518
1993,female,13,지영,1988,curated_supplement,https://www.yna.co.kr/view/AKR20250707129900518
1993,female,14,나영,1988,curated_supplement,https://www.yna.co.kr/view/AKR20250707129900518
1993,male,1,지훈,1988,historical_anchor_nearest,https://www.yna.co.kr/view/AKR20250707129900518
1993,male,2,성민,1988,historical_anchor_nearest,https://www.yna.co.kr/view/AKR20250707129900518
1993,male,3,현우,1988,historical_anchor_nearest,https://www.yna.co.kr/view/AKR20250707129900518
1993,male,4,정훈,1988,historical_anchor_nearest,https://www.yna.co.kr/view/AKR20250707129900518
1993,male,5,동현,1988,historical_anchor_nearest,https://www.yna.co.kr/view/AKR20250707129900518
1993,male,6,민수,1988,curated_supplement,https://www.yna.co.kr/view/AKR20250707129900518
1993,male,7,성현,1988,curated_supplement,https://www.yna.co.kr/view/AKR20250707129900518
1993,male,8,태현,1988,curated_supplement,https://www.yna.co.kr/view/AKR20250707129900518
1993,male,9,진우,1988,curated_supplement,https://www.yna.co.kr/view/AKR20250707129900518
1993,male,10,정민,1988,curated_supplement,https://www.yna.co.kr/view/AKR20250707129900518
1993,male,11,승현,1988,curated_supplement,https://www.yna.co.kr/view/AKR20250707129900518
1993,male,12,재현,1988,curated_supplement,https://www.yna.co.kr/view/AKR20250707129900518
1993,male,13,상현,1988,curated_supplement,https://www.yna.co.kr/view/AKR20250707129900518
1993,male,14,민석,1988,curated_supplement,https://www.yna.co.kr/view/AKR20250707129900518
1993,male,15,동욱,1988,curated_supplement,https://www.yna.co.kr/view/AKR20250707129900518
1994,female,1,유진,1998,curated_supplement,https://www.yna.co.kr/view/AKR20250707129900518
1994,female,2,민지,1998,historical_anchor_nearest,https://www.yna.co.kr/view/AKR20250707129900518
1994,female,3,수빈,1998,historical_anchor_nearest,https://www.yna.co.kr/view/AKR20250707129900518
1994,female,4,지원,1998,historical_anchor_nearest,https://www.yna.co.kr/view/AKR20250707129900518
1994,female,5,지현,1998,historical_anchor_nearest,https://www.yna.co.kr/view/AKR20250707129900518
1994,female,6,수민,1998,curated_supplement,https://www.yna.co.kr/view/AKR20250707129900518
1994,female,7,예진,1998,curated_supplement,https://www.yna.co.kr/view/AKR20250707129900518
1994,female,8,채원,1998,curated_supplement,https://www.yna.co.kr/view/AKR20250707129900518
1994,female,9,서영,1998,curated_supplement,https://www.yna.co.kr/view/AKR20250707129900518
1994,female,10,다은,1998,curated_supplement,https://www.yna.co.kr/view/AKR20250707129900518
1994,female,11,은지,1998,curated_supplement,https://www.yna.co.kr/view/AKR20250707129900518
1994,female,12,소현,1998,curated_supplement,https://www.yna.co.kr/view/AKR20250707129900518
1994,female,13,주연,1998,curated_supplement,https://www.yna.co.kr/view/AKR20250707129900518
1994,female,14,가영,1998,curated_supplement,https://www.yna.co.kr/view/AKR20250707129900518
1994,male,1,동현,1998,historical_anchor_nearest,https://www.yna.co.kr/view/AKR20250707129900518
1994,male,2,지훈,1998,historical_anchor_nearest,https://www.yna.co.kr/view/AKR20250707129900518
1994,male,3,성민,1998,historical_anchor_nearest,https://www.yna.co.kr/view/AKR20250707129900518
1994,male,4,현우,1998,historical_anchor_nearest,https://www.yna.co.kr/view/AKR20250707129900518
1994,male,5,준호,1998,historical_anchor_nearest,https://www.yna.co.kr/view/AKR20250707129900518
1994,male,6,민재,1998,curated_supplement,https://www.yna.co.kr/view/AKR20250707129900518
1994,male,7,승현,1998,curated_supplement,https://www.yna.co.kr/view/AKR20250707129900518
1994,male,8,동욱,1998,curated_supplement,https://www.yna.co.kr/view/AKR20250707129900518
1994,male,9,재민,1998,curated_supplement,https://www.yna.co.kr/view/AKR20250707129900518
1994,male,10,정우,1998,curated_supplement,https://www.yna.co.kr/view/AKR20250707129900518
1994,male,11,태현,1998,curated_supplement,https://www.yna.co.kr/view/AKR20250707129900518
1994,male,12,준영,1998,curated_supplement,https://www.yna.co.kr/view/AKR20250707129900518
1994,male,13,건우,1998,curated_supplement,https://www.yna.co.kr/view/AKR20250707129900518
1994,male,14,성준,1998,curated_supplement,https://www.yna.co.kr/view/AKR20250707129900518
1994,male,15,우진,1998,curated_supplement,https://www.yna.co.kr/view/AKR20250707129900518
1995,female,1,유진,1998,curated_supplement,https://www.yna.co.kr/view/AKR20250707129900518
1995,female,2,민지,1998,historical_anchor_nearest,https://www.yna.co.kr/view/AKR20250707129900518
1995,female,3,수빈,1998,historical_anchor_nearest,https://www.yna.co.kr/view/AKR20250707129900518
1995,female,4,지원,1998,historical_anchor_nearest,https://www.yna.co.kr/view/AKR20250707129900518
1995,female,5,지현,1998,historical_anchor_nearest,https://www.yna.co.kr/view/AKR20250707129900518
1995,female,6,수민,1998,curated_supplement,https://www.yna.co.kr/view/AKR20250707129900518
1995,female,7,예진,1998,curated_supplement,https://www.yna.co.kr/view/AKR20250707129900518
1995,female,8,채원,1998,curated_supplement,https://www.yna.co.kr/view/AKR20250707129900518
1995,female,9,서영,1998,curated_supplement,https://www.yna.co.kr/view/AKR20250707129900518
1995,female,10,다은,1998,curated_supplement,https://www.yna.co.kr/view/AKR20250707129900518
1995,female,11,은지,1998,curated_supplement,https://www.yna.co.kr/view/AKR20250707129900518
1995,female,12,소현,1998,curated_supplement,https://www.yna.co.kr/view/AKR20250707129900518
1995,female,13,주연,1998,curated_supplement,https://www.yna.co.kr/view/AKR20250707129900518
1995,female,14,가영,1998,curated_supplement,https://www.yna.co.kr/view/AKR20250707129900518
1995,male,1,동현,1998,historical_anchor_nearest,https://www.yna.co.kr/view/AKR20250707129900518
1995,male,2,지훈,1998,historical_anchor_nearest,https://www.yna.co.kr/view/AKR20250707129900518
1995,male,3,성민,1998,historical_anchor_nearest,https://www.yna.co.kr/view/AKR20250707129900518
1995,male,4,현우,1998,historical_anchor_nearest,https://www.yna.co.kr/view/AKR20250707129900518
1995,male,5,준호,1998,historical_anchor_nearest,https://www.yna.co.kr/view/AKR20250707129900518
1995,male,6,민재,1998,curated_supplement,https://www.yna.co.kr/view/AKR20250707129900518
1995,male,7,승현,1998,curated_supplement,https://www.yna.co.kr/view/AKR20250707129900518
1995,male,8,동욱,1998,curated_supplement,https://www.yna.co.kr/view/AKR20250707129900518
1995,male,9,재민,1998,curated_supplement,https://www.yna.co.kr/view/AKR20250707129900518
1995,male,10,정우,1998,curated_supplement,https://www.yna.co.kr/view/AKR20250707129900518
1995,male,11,태현,1998,curated_supplement,https://www.yna.co.kr/view/AKR20250707129900518
1995,male,12,준영,1998,curated_supplement,https://www.yna.co.kr/view/AKR20250707129900518
1995,male,13,건우,1998,curated_supplement,https://www.yna.co.kr/view/AKR20250707129900518
1995,male,14,성준,1998,curated_supplement,https://www.yna.co.kr/view/AKR20250707129900518
1995,male,15,우진,1998,curated_supplement,https://www.yna.co.kr/view/AKR20250707129900518
1996,female,1,유진,1998,curated_supplement,https://www.yna.co.kr/view/AKR20250707129900518
1996,female,2,민지,1998,historical_anchor_nearest,https://www.yna.co.kr/view/AKR20250707129900518
1996,female,3,수빈,1998,historical_anchor_nearest,https://www.yna.co.kr/view/AKR20250707129900518
1996,female,4,지원,1998,historical_anchor_nearest,https://www.yna.co.kr/view/AKR20250707129900518
1996,female,5,지현,1998,historical_anchor_nearest,https://www.yna.co.kr/view/AKR20250707129900518
1996,female,6,수민,1998,curated_supplement,https://www.yna.co.kr/view/AKR20250707129900518
1996,female,7,예진,1998,curated_supplement,https://www.yna.co.kr/view/AKR20250707129900518
1996,female,8,채원,1998,curated_supplement,https://www.yna.co.kr/view/AKR20250707129900518
1996,female,9,서영,1998,curated_supplement,https://www.yna.co.kr/view/AKR20250707129900518
1996,female,10,다은,1998,curated_supplement,https://www.yna.co.kr/view/AKR20250707129900518
1996,female,11,은지,1998,curated_supplement,https://www.yna.co.kr/view/AKR20250707129900518
1996,female,12,소현,1998,curated_supplement,https://www.yna.co.kr/view/AKR20250707129900518
1996,female,13,주연,1998,curated_supplement,https://www.yna.co.kr/view/AKR20250707129900518
1996,female,14,가영,1998,curated_supplement,https://www.yna.co.kr/view/AKR20250707129900518
1996,male,1,동현,1998,historical_anchor_nearest,https://www.yna.co.kr/view/AKR20250707129900518
1996,male,2,지훈,1998,historical_anchor_nearest,https://www.yna.co.kr/view/AKR20250707129900518
1996,male,3,성민,1998,historical_anchor_nearest,https://www.yna.co.kr/view/AKR20250707129900518
1996,male,4,현우,1998,historical_anchor_nearest,https://www.yna.co.kr/view/AKR20250707129900518
1996,male,5,준호,1998,historical_anchor_nearest,https://www.yna.co.kr/view/AKR20250707129900518
1996,male,6,민재,1998,curated_supplement,https://www.yna.co.kr/view/AKR20250707129900518
1996,male,7,승현,1998,curated_supplement,https://www.yna.co.kr/view/AKR20250707129900518
1996,male,8,동욱,1998,curated_supplement,https://www.yna.co.kr/view/AKR20250707129900518
1996,male,9,재민,1998,curated_supplement,https://www.yna.co.kr/view/AKR20250707129900518
1996,male,10,정우,1998,curated_supplement,https://www.yna.co.kr/view/AKR20250707129900518
1996,male,11,태현,1998,curated_supplement,https://www.yna.co.kr/view/AKR20250707129900518
1996,male,12,준영,1998,curated_supplement,https://www.yna.co.kr/view/AKR20250707129900518
1996,male,13,건우,1998,curated_supplement,https://www.yna.co.kr/view/AKR20250707129900518
1996,male,14,성준,1998,curated_supplement,https://www.yna.co.kr/view/AKR20250707129900518
1996,male,15,우진,1998,curated_supplement,https://www.yna.co.kr/view/AKR20250707129900518
1997,female,1,유진,1998,curated_supplement,https://www.yna.co.kr/view/AKR20250707129900518
1997,female,2,민지,1998,historical_anchor_nearest,https://www.yna.co.kr/view/AKR20250707129900518
1997,female,3,수빈,1998,historical_anchor_nearest,https://www.yna.co.kr/view/AKR20250707129900518
1997,female,4,지원,1998,historical_anchor_nearest,https://www.yna.co.kr/view/AKR20250707129900518
1997,female,5,지현,1998,historical_anchor_nearest,https://www.yna.co.kr/view/AKR20250707129900518
1997,female,6,수민,1998,curated_supplement,https://www.yna.co.kr/view/AKR20250707129900518
1997,female,7,예진,1998,curated_supplement,https://www.yna.co.kr/view/AKR20250707129900518
1997,female,8,채원,1998,curated_supplement,https://www.yna.co.kr/view/AKR20250707129900518
1997,female,9,서영,1998,curated_supplement,https://www.yna.co.kr/view/AKR20250707129900518
1997,female,10,다은,1998,curated_supplement,https://www.yna.co.kr/view/AKR20250707129900518
1997,female,11,은지,1998,curated_supplement,https://www.yna.co.kr/view/AKR20250707129900518
1997,female,12,소현,1998,curated_supplement,https://www.yna.co.kr/view/AKR20250707129900518
1997,female,13,주연,1998,curated_supplement,https://www.yna.co.kr/view/AKR20250707129900518
1997,female,14,가영,1998,curated_supplement,https://www.yna.co.kr/view/AKR20250707129900518
1997,male,1,동현,1998,historical_anchor_nearest,https://www.yna.co.kr/view/AKR20250707129900518
1997,male,2,지훈,1998,historical_anchor_nearest,https://www.yna.co.kr/view/AKR20250707129900518
1997,male,3,성민,1998,historical_anchor_nearest,https://www.yna.co.kr/view/AKR20250707129900518
1997,male,4,현우,1998,historical_anchor_nearest,https://www.yna.co.kr/view/AKR20250707129900518
1997,male,5,준호,1998,historical_anchor_nearest,https://www.yna.co.kr/view/AKR20250707129900518
1997,male,6,민재,1998,curated_supplement,https://www.yna.co.kr/view/AKR20250707129900518
1997,male,7,승현,1998,curated_supplement,https://www.yna.co.kr/view/AKR20250707129900518
1997,male,8,동욱,1998,curated_supplement,https://www.yna.co.kr/view/AKR20250707129900518
1997,male,9,재민,1998,curated_supplement,https://www.yna.co.kr/view/AKR20250707129900518
1997,male,10,정우,1998,curated_supplement,https://www.yna.co.kr/view/AKR20250707129900518
1997,male,11,태현,1998,curated_supplement,https://www.yna.co.kr/view/AKR20250707129900518
1997,male,12,준영,1998,curated_supplement,https://www.yna.co.kr/view/AKR20250707129900518
1997,male,13,건우,1998,curated_supplement,https://www.yna.co.kr/view/AKR20250707129900518
1997,male,14,성준,1998,curated_supplement,https://www.yna.co.kr/view/AKR20250707129900518
1997,male,15,우진,1998,curated_supplement,https://www.yna.co.kr/view/AKR20250707129900518
1998,female,1,유진,1998,curated_supplement,https://www.yna.co.kr/view/AKR20250707129900518
1998,female,2,민지,1998,historical_anchor_nearest,https://www.yna.co.kr/view/AKR20250707129900518
1998,female,3,수빈,1998,historical_anchor_nearest,https://www.yna.co.kr/view/AKR20250707129900518
1998,female,4,지원,1998,historical_anchor_nearest,https://www.yna.co.kr/view/AKR20250707129900518
1998,female,5,지현,1998,historical_anchor_nearest,https://www.yna.co.kr/view/AKR20250707129900518
1998,female,6,수민,1998,curated_supplement,https://www.yna.co.kr/view/AKR20250707129900518
1998,female,7,예진,1998,curated_supplement,https://www.yna.co.kr/view/AKR20250707129900518
1998,female,8,채원,1998,curated_supplement,https://www.yna.co.kr/view/AKR20250707129900518
1998,female,9,서영,1998,curated_supplement,https://www.yna.co.kr/view/AKR20250707129900518
1998,female,10,다은,1998,curated_supplement,https://www.yna.co.kr/view/AKR20250707129900518
1998,female,11,은지,1998,curated_supplement,https://www.yna.co.kr/view/AKR20250707129900518
1998,female,12,소현,1998,curated_supplement,https://www.yna.co.kr/view/AKR20250707129900518
1998,female,13,주연,1998,curated_supplement,https://www.yna.co.kr/view/AKR20250707129900518
1998,female,14,가영,1998,curated_supplement,https://www.yna.co.kr/view/AKR20250707129900518
1998,male,1,동현,1998,historical_anchor_nearest,https://www.yna.co.kr/view/AKR20250707129900518
1998,male,2,지훈,1998,historical_anchor_nearest,https://www.yna.co.kr/view/AKR20250707129900518
1998,male,3,성민,1998,historical_anchor_nearest,https://www.yna.co.kr/view/AKR20250707129900518
1998,male,4,현우,1998,historical_anchor_nearest,https://www.yna.co.kr/view/AKR20250707129900518
1998,male,5,준호,1998,historical_anchor_nearest,https://www.yna.co.kr/view/AKR20250707129900518
1998,male,6,민재,1998,curated_supplement,https://www.yna.co.kr/view/AKR20250707129900518
1998,male,7,승현,1998,curated_supplement,https://www.yna.co.kr/view/AKR20250707129900518
1998,male,8,동욱,1998,curated_supplement,https://www.yna.co.kr/view/AKR20250707129900518
1998,male,9,재민,1998,curated_supplement,https://www.yna.co.kr/view/AKR20250707129900518
1998,male,10,정우,1998,curated_supplement,https://www.yna.co.kr/view/AKR20250707129900518
1998,male,11,태현,1998,curated_supplement,https://www.yna.co.kr/view/AKR20250707129900518
1998,male,12,준영,1998,curated_supplement,https://www.yna.co.kr/view/AKR20250707129900518
1998,male,13,건우,1998,curated_supplement,https://www.yna.co.kr/view/AKR20250707129900518
1998,male,14,성준,1998,curated_supplement,https://www.yna.co.kr/view/AKR20250707129900518
1998,male,15,우진,1998,curated_supplement,https://www.yna.co.kr/view/AKR20250707129900518
1999,female,1,유진,1998,curated_supplement,https://www.yna.co.kr/view/AKR20250707129900518
1999,female,2,민지,1998,historical_anchor_nearest,https://www.yna.co.kr/view/AKR20250707129900518
1999,female,3,수빈,1998,historical_anchor_nearest,https://www.yna.co.kr/view/AKR20250707129900518
1999,female,4,지원,1998,historical_anchor_nearest,https://www.yna.co.kr/view/AKR20250707129900518
1999,female,5,지현,1998,historical_anchor_nearest,https://www.yna.co.kr/view/AKR20250707129900518
1999,female,6,수민,1998,curated_supplement,https://www.yna.co.kr/view/AKR20250707129900518
1999,female,7,예진,1998,curated_supplement,https://www.yna.co.kr/view/AKR20250707129900518
1999,female,8,채원,1998,curated_supplement,https://www.yna.co.kr/view/AKR20250707129900518
1999,female,9,서영,1998,curated_supplement,https://www.yna.co.kr/view/AKR20250707129900518
1999,female,10,다은,1998,curated_supplement,https://www.yna.co.kr/view/AKR20250707129900518
1999,female,11,은지,1998,curated_supplement,https://www.yna.co.kr/view/AKR20250707129900518
1999,female,12,소현,1998,curated_supplement,https://www.yna.co.kr/view/AKR20250707129900518
1999,female,13,주연,1998,curated_supplement,https://www.yna.co.kr/view/AKR20250707129900518
1999,female,14,가영,1998,curated_supplement,https://www.yna.co.kr/view/AKR20250707129900518
1999,male,1,동현,1998,historical_anchor_nearest,https://www.yna.co.kr/view/AKR20250707129900518
1999,male,2,지훈,1998,historical_anchor_nearest,https://www.yna.co.kr/view/AKR20250707129900518
1999,male,3,성민,1998,historical_anchor_nearest,https://www.yna.co.kr/view/AKR20250707129900518
1999,male,4,현우,1998,historical_anchor_nearest,https://www.yna.co.kr/view/AKR20250707129900518
1999,male,5,준호,1998,historical_anchor_nearest,https://www.yna.co.kr/view/AKR20250707129900518
1999,male,6,민재,1998,curated_supplement,https://www.yna.co.kr/view/AKR20250707129900518
1999,male,7,승현,1998,curated_supplement,https://www.yna.co.kr/view/AKR20250707129900518
1999,male,8,동욱,1998,curated_supplement,https://www.yna.co.kr/view/AKR20250707129900518
1999,male,9,재민,1998,curated_supplement,https://www.yna.co.kr/view/AKR20250707129900518
1999,male,10,정우,1998,curated_supplement,https://www.yna.co.kr/view/AKR20250707129900518
1999,male,11,태현,1998,curated_supplement,https://www.yna.co.kr/view/AKR20250707129900518
1999,male,12,준영,1998,curated_supplement,https://www.yna.co.kr/view/AKR20250707129900518
1999,male,13,건우,1998,curated_supplement,https://www.yna.co.kr/view/AKR20250707129900518
1999,male,14,성준,1998,curated_supplement,https://www.yna.co.kr/view/AKR20250707129900518
1999,male,15,우진,1998,curated_supplement,https://www.yna.co.kr/view/AKR20250707129900518
2000,female,1,유진,1998,curated_supplement,https://www.yna.co.kr/view/AKR20250707129900518
2000,female,2,민지,1998,historical_anchor_nearest,https://www.yna.co.kr/view/AKR20250707129900518
2000,female,3,수빈,1998,historical_anchor_nearest,https://www.yna.co.kr/view/AKR20250707129900518
2000,female,4,지원,1998,historical_anchor_nearest,https://www.yna.co.kr/view/AKR20250707129900518
2000,female,5,지현,1998,historical_anchor_nearest,https://www.yna.co.kr/view/AKR20250707129900518
2000,female,6,수민,1998,curated_supplement,https://www.yna.co.kr/view/AKR20250707129900518
2000,female,7,예진,1998,curated_supplement,https://www.yna.co.kr/view/AKR20250707129900518
2000,female,8,채원,1998,curated_supplement,https://www.yna.co.kr/view/AKR20250707129900518
2000,female,9,서영,1998,curated_supplement,https://www.yna.co.kr/view/AKR20250707129900518
2000,female,10,다은,1998,curated_supplement,https://www.yna.co.kr/view/AKR20250707129900518
2000,female,11,은지,1998,curated_supplement,https://www.yna.co.kr/view/AKR20250707129900518
2000,female,12,소현,1998,curated_supplement,https://www.yna.co.kr/view/AKR20250707129900518
2000,female,13,주연,1998,curated_supplement,https://www.yna.co.kr/view/AKR20250707129900518
2000,female,14,가영,1998,curated_supplement,https://www.yna.co.kr/view/AKR20250707129900518
2000,male,1,동현,1998,historical_anchor_nearest,https://www.yna.co.kr/view/AKR20250707129900518
2000,male,2,지훈,1998,historical_anchor_nearest,https://www.yna.co.kr/view/AKR20250707129900518
2000,male,3,성민,1998,historical_anchor_nearest,https://www.yna.co.kr/view/AKR20250707129900518
2000,male,4,현우,1998,historical_anchor_nearest,https://www.yna.co.kr/view/AKR20250707129900518
2000,male,5,준호,1998,historical_anchor_nearest,https://www.yna.co.kr/view/AKR20250707129900518
2000,male,6,민재,1998,curated_supplement,https://www.yna.co.kr/view/AKR20250707129900518
2000,male,7,승현,1998,curated_supplement,https://www.yna.co.kr/view/AKR20250707129900518
2000,male,8,동욱,1998,curated_supplement,https://www.yna.co.kr/view/AKR20250707129900518
2000,male,9,재민,1998,curated_supplement,https://www.yna.co.kr/view/AKR20250707129900518
2000,male,10,정우,1998,curated_supplement,https://www.yna.co.kr/view/AKR20250707129900518
2000,male,11,태현,1998,curated_supplement,https://www.yna.co.kr/view/AKR20250707129900518
2000,male,12,준영,1998,curated_supplement,https://www.yna.co.kr/view/AKR20250707129900518
2000,male,13,건우,1998,curated_supplement,https://www.yna.co.kr/view/AKR20250707129900518
2000,male,14,성준,1998,curated_supplement,https://www.yna.co.kr/view/AKR20250707129900518
2000,male,15,우진,1998,curated_supplement,https://www.yna.co.kr/view/AKR20250707129900518
2001,female,1,유진,1998,curated_supplement,https://www.yna.co.kr/view/AKR20250707129900518
2001,female,2,민지,1998,historical_anchor_nearest,https://www.yna.co.kr/view/AKR20250707129900518
2001,female,3,수빈,1998,historical_anchor_nearest,https://www.yna.co.kr/view/AKR20250707129900518
2001,female,4,지원,1998,historical_anchor_nearest,https://www.yna.co.kr/view/AKR20250707129900518
2001,female,5,지현,1998,historical_anchor_nearest,https://www.yna.co.kr/view/AKR20250707129900518
2001,female,6,수민,1998,curated_supplement,https://www.yna.co.kr/view/AKR20250707129900518
2001,female,7,예진,1998,curated_supplement,https://www.yna.co.kr/view/AKR20250707129900518
2001,female,8,채원,1998,curated_supplement,https://www.yna.co.kr/view/AKR20250707129900518
2001,female,9,서영,1998,curated_supplement,https://www.yna.co.kr/view/AKR20250707129900518
2001,female,10,다은,1998,curated_supplement,https://www.yna.co.kr/view/AKR20250707129900518
2001,female,11,은지,1998,curated_supplement,https://www.yna.co.kr/view/AKR20250707129900518
2001,female,12,소현,1998,curated_supplement,https://www.yna.co.kr/view/AKR20250707129900518
2001,female,13,주연,1998,curated_supplement,https://www.yna.co.kr/view/AKR20250707129900518
2001,female,14,가영,1998,curated_supplement,https://www.yna.co.kr/view/AKR20250707129900518
2001,male,1,동현,1998,historical_anchor_nearest,https://www.yna.co.kr/view/AKR20250707129900518
2001,male,2,지훈,1998,historical_anchor_nearest,https://www.yna.co.kr/view/AKR20250707129900518
2001,male,3,성민,1998,historical_anchor_nearest,https://www.yna.co.kr/view/AKR20250707129900518
2001,male,4,현우,1998,historical_anchor_nearest,https://www.yna.co.kr/view/AKR20250707129900518
2001,male,5,준호,1998,historical_anchor_nearest,https://www.yna.co.kr/view/AKR20250707129900518
2001,male,6,민재,1998,curated_supplement,https://www.yna.co.kr/view/AKR20250707129900518
2001,male,7,승현,1998,curated_supplement,https://www.yna.co.kr/view/AKR20250707129900518
2001,male,8,동욱,1998,curated_supplement,https://www.yna.co.kr/view/AKR20250707129900518
2001,male,9,재민,1998,curated_supplement,https://www.yna.co.kr/view/AKR20250707129900518
2001,male,10,정우,1998,curated_supplement,https://www.yna.co.kr/view/AKR20250707129900518
2001,male,11,태현,1998,curated_supplement,https://www.yna.co.kr/view/AKR20250707129900518
2001,male,12,준영,1998,curated_supplement,https://www.yna.co.kr/view/AKR20250707129900518
2001,male,13,건우,1998,curated_supplement,https://www.yna.co.kr/view/AKR20250707129900518
2001,male,14,성준,1998,curated_supplement,https://www.yna.co.kr/view/AKR20250707129900518
2001,male,15,우진,1998,curated_supplement,https://www.yna.co.kr/view/AKR20250707129900518
2002,female,1,유진,1998,curated_supplement,https://www.yna.co.kr/view/AKR20250707129900518
2002,female,2,민지,1998,historical_anchor_nearest,https://www.yna.co.kr/view/AKR20250707129900518
2002,female,3,수빈,1998,historical_anchor_nearest,https://www.yna.co.kr/view/AKR20250707129900518
2002,female,4,지원,1998,historical_anchor_nearest,https://www.yna.co.kr/view/AKR20250707129900518
2002,female,5,지현,1998,historical_anchor_nearest,https://www.yna.co.kr/view/AKR20250707129900518
2002,female,6,수민,1998,curated_supplement,https://www.yna.co.kr/view/AKR20250707129900518
2002,female,7,예진,1998,curated_supplement,https://www.yna.co.kr/view/AKR20250707129900518
2002,female,8,채원,1998,curated_supplement,https://www.yna.co.kr/view/AKR20250707129900518
2002,female,9,서영,1998,curated_supplement,https://www.yna.co.kr/view/AKR20250707129900518
2002,female,10,다은,1998,curated_supplement,https://www.yna.co.kr/view/AKR20250707129900518
2002,female,11,은지,1998,curated_supplement,https://www.yna.co.kr/view/AKR20250707129900518
2002,female,12,소현,1998,curated_supplement,https://www.yna.co.kr/view/AKR20250707129900518
2002,female,13,주연,1998,curated_supplement,https://www.yna.co.kr/view/AKR20250707129900518
2002,female,14,가영,1998,curated_supplement,https://www.yna.co.kr/view/AKR20250707129900518
2002,male,1,동현,1998,historical_anchor_nearest,https://www.yna.co.kr/view/AKR20250707129900518
2002,male,2,지훈,1998,historical_anchor_nearest,https://www.yna.co.kr/view/AKR20250707129900518
2002,male,3,성민,1998,historical_anchor_nearest,https://www.yna.co.kr/view/AKR20250707129900518
2002,male,4,현우,1998,historical_anchor_nearest,https://www.yna.co.kr/view/AKR20250707129900518
2002,male,5,준호,1998,historical_anchor_nearest,https://www.yna.co.kr/view/AKR20250707129900518
2002,male,6,민재,1998,curated_supplement,https://www.yna.co.kr/view/AKR20250707129900518
2002,male,7,승현,1998,curated_supplement,https://www.yna.co.kr/view/AKR20250707129900518
2002,male,8,동욱,1998,curated_supplement,https://www.yna.co.kr/view/AKR20250707129900518
2002,male,9,재민,1998,curated_supplement,https://www.yna.co.kr/view/AKR20250707129900518
2002,male,10,정우,1998,curated_supplement,https://www.yna.co.kr/view/AKR20250707129900518
2002,male,11,태현,1998,curated_supplement,https://www.yna.co.kr/view/AKR20250707129900518
2002,male,12,준영,1998,curated_supplement,https://www.yna.co.kr/view/AKR20250707129900518
2002,male,13,건우,1998,curated_supplement,https://www.yna.co.kr/view/AKR20250707129900518
2002,male,14,성준,1998,curated_supplement,https://www.yna.co.kr/view/AKR20250707129900518
2002,male,15,우진,1998,curated_supplement,https://www.yna.co.kr/view/AKR20250707129900518
2003,female,1,유진,1998,curated_supplement,https://www.yna.co.kr/view/AKR20250707129900518
2003,female,2,민지,1998,historical_anchor_nearest,https://www.yna.co.kr/view/AKR20250707129900518
2003,female,3,수빈,1998,historical_anchor_nearest,https://www.yna.co.kr/view/AKR20250707129900518
2003,female,4,지원,1998,historical_anchor_nearest,https://www.yna.co.kr/view/AKR20250707129900518
2003,female,5,지현,1998,historical_anchor_nearest,https://www.yna.co.kr/view/AKR20250707129900518
2003,female,6,수민,1998,curated_supplement,https://www.yna.co.kr/view/AKR20250707129900518
2003,female,7,예진,1998,curated_supplement,https://www.yna.co.kr/view/AKR20250707129900518
2003,female,8,채원,1998,curated_supplement,https://www.yna.co.kr/view/AKR20250707129900518
2003,female,9,서영,1998,curated_supplement,https://www.yna.co.kr/view/AKR20250707129900518
2003,female,10,다은,1998,curated_supplement,https://www.yna.co.kr/view/AKR20250707129900518
2003,female,11,은지,1998,curated_supplement,https://www.yna.co.kr/view/AKR20250707129900518
2003,female,12,소현,1998,curated_supplement,https://www.yna.co.kr/view/AKR20250707129900518
2003,female,13,주연,1998,curated_supplement,https://www.yna.co.kr/view/AKR20250707129900518
2003,female,14,가영,1998,curated_supplement,https://www.yna.co.kr/view/AKR20250707129900518
2003,male,1,동현,1998,historical_anchor_nearest,https://www.yna.co.kr/view/AKR20250707129900518
2003,male,2,지훈,1998,historical_anchor_nearest,https://www.yna.co.kr/view/AKR20250707129900518
2003,male,3,성민,1998,historical_anchor_nearest,https://www.yna.co.kr/view/AKR20250707129900518
2003,male,4,현우,1998,historical_anchor_nearest,https://www.yna.co.kr/view/AKR20250707129900518
2003,male,5,준호,1998,historical_anchor_nearest,https://www.yna.co.kr/view/AKR20250707129900518
2003,male,6,민재,1998,curated_supplement,https://www.yna.co.kr/view/AKR20250707129900518
2003,male,7,승현,1998,curated_supplement,https://www.yna.co.kr/view/AKR20250707129900518
2003,male,8,동욱,1998,curated_supplement,https://www.yna.co.kr/view/AKR20250707129900518
2003,male,9,재민,1998,curated_supplement,https://www.yna.co.kr/view/AKR20250707129900518
2003,male,10,정우,1998,curated_supplement,https://www.yna.co.kr/view/AKR20250707129900518
2003,male,11,태현,1998,curated_supplement,https://www.yna.co.kr/view/AKR20250707129900518
2003,male,12,준영,1998,curated_supplement,https://www.yna.co.kr/view/AKR20250707129900518
2003,male,13,건우,1998,curated_supplement,https://www.yna.co.kr/view/AKR20250707129900518
2003,male,14,성준,1998,curated_supplement,https://www.yna.co.kr/view/AKR20250707129900518
2003,male,15,우진,1998,curated_supplement,https://www.yna.co.kr/view/AKR20250707129900518
2004,female,1,서연,2008,historical_anchor_nearest,https://www.yna.co.kr/view/AKR20250707129900518
2004,female,2,민서,2008,historical_anchor_nearest,https://www.yna.co.kr/view/AKR20250707129900518
2004,female,3,지민,2008,historical_anchor_nearest,https://www.yna.co.kr/view/AKR20250707129900518
2004,female,4,서현,2008,historical_anchor_nearest,https://www.yna.co.kr/view/AKR20250707129900518
2004,female,5,서윤,2008,historical_anchor_nearest,https://www.yna.co.kr/view/AKR20250707129900518
2004,female,6,예은,2008,curated_supplement,https://www.yna.co.kr/view/AKR20250707129900518
2004,female,7,하은,2008,curated_supplement,https://www.yna.co.kr/view/AKR20250707129900518
2004,female,8,수빈,2008,curated_supplement,https://www.yna.co.kr/view/AKR20250707129900518
2004,female,9,지우,2008,curated_supplement,https://www.yna.co.kr/view/AKR20250707129900518
2004,female,10,유진,2008,curated_supplement,https://www.yna.co.kr/view/AKR20250707129900518
2004,female,11,은서,2008,curated_supplement,https://www.yna.co.kr/view/AKR20250707129900518
2004,female,12,민지,2008,curated_supplement,https://www.yna.co.kr/view/AKR20250707129900518
2004,female,13,윤서,2008,curated_supplement,https://www.yna.co.kr/view/AKR20250707129900518
2004,female,14,예진,2008,curated_supplement,https://www.yna.co.kr/view/AKR20250707129900518
2004,female,15,지원,2008,curated_supplement,https://www.yna.co.kr/view/AKR20250707129900518
2004,female,16,예원,2008,curated_supplement,https://www.yna.co.kr/view/AKR20250707129900518
2004,female,17,수민,2008,curated_supplement,https://www.yna.co.kr/view/AKR20250707129900518
2004,female,18,가은,2008,curated_supplement,https://www.yna.co.kr/view/AKR20250707129900518
2004,female,19,수연,2008,curated_supplement,https://www.yna.co.kr/view/AKR20250707129900518
2004,female,20,채원,2008,curated_supplement,https://www.yna.co.kr/view/AKR20250707129900518
2004,female,21,다은,2008,curated_supplement,https://www.yna.co.kr/view/AKR20250707129900518
2004,female,22,수아,2008,curated_supplement,https://www.yna.co.kr/view/AKR20250707129900518
2004,female,23,유빈,2008,curated_supplement,https://www.yna.co.kr/view/AKR20250707129900518
2004,female,24,유나,2008,curated_supplement,https://www.yna.co.kr/view/AKR20250707129900518
2004,female,25,채린,2008,curated_supplement,https://www.yna.co.kr/view/AKR20250707129900518
2004,male,1,민준,2008,historical_anchor_nearest,https://www.yna.co.kr/view/AKR20250707129900518
2004,male,2,지훈,2008,historical_anchor_nearest,https://www.yna.co.kr/view/AKR20250707129900518
2004,male,3,현우,2008,historical_anchor_nearest,https://www.yna.co.kr/view/AKR20250707129900518
2004,male,4,준서,2008,historical_anchor_nearest,https://www.yna.co.kr/view/AKR20250707129900518
2004,male,5,우진,2008,historical_anchor_nearest,https://www.yna.co.kr/view/AKR20250707129900518
2004,male,6,예준,2008,curated_supplement,https://www.yna.co.kr/view/AKR20250707129900518
2004,male,7,현준,2008,curated_supplement,https://www.yna.co.kr/view/AKR20250707129900518
2004,male,8,도현,2008,curated_supplement,https://www.yna.co.kr/view/AKR20250707129900518
2004,male,9,준혁,2008,curated_supplement,https://www.yna.co.kr/view/AKR20250707129900518
2004,male,10,민재,2008,curated_supplement,https://www.yna.co.kr/view/AKR20250707129900518
2004,male,11,승현,2008,curated_supplement,https://www.yna.co.kr/view/AKR20250707129900518
2004,male,12,민성,2008,curated_supplement,https://www.yna.co.kr/view/AKR20250707129900518
2004,male,13,승민,2008,curated_supplement,https://www.yna.co.kr/view/AKR20250707129900518
2004,male,14,건우,2008,curated_supplement,https://www.yna.co.kr/view/AKR20250707129900518
2004,male,15,동현,2008,curated_supplement,https://www.yna.co.kr/view/AKR20250707129900518
2005,female,1,서연,2008,historical_anchor_nearest,https://www.yna.co.kr/view/AKR20250707129900518
2005,female,2,민서,2008,historical_anchor_nearest,https://www.yna.co.kr/view/AKR20250707129900518
2005,female,3,지민,2008,historical_anchor_nearest,https://www.yna.co.kr/view/AKR20250707129900518
2005,female,4,서현,2008,historical_anchor_nearest,https://www.yna.co.kr/view/AKR20250707129900518
2005,female,5,서윤,2008,historical_anchor_nearest,https://www.yna.co.kr/view/AKR20250707129900518
2005,female,6,예은,2008,curated_supplement,https://www.yna.co.kr/view/AKR20250707129900518
2005,female,7,하은,2008,curated_supplement,https://www.yna.co.kr/view/AKR20250707129900518
2005,female,8,수빈,2008,curated_supplement,https://www.yna.co.kr/view/AKR20250707129900518
2005,female,9,지우,2008,curated_supplement,https://www.yna.co.kr/view/AKR20250707129900518
2005,female,10,유진,2008,curated_supplement,https://www.yna.co.kr/view/AKR20250707129900518
2005,female,11,은서,2008,curated_supplement,https://www.yna.co.kr/view/AKR20250707129900518
2005,female,12,민지,2008,curated_supplement,https://www.yna.co.kr/view/AKR20250707129900518
2005,female,13,윤서,2008,curated_supplement,https://www.yna.co.kr/view/AKR20250707129900518
2005,female,14,예진,2008,curated_supplement,https://www.yna.co.kr/view/AKR20250707129900518
2005,female,15,지원,2008,curated_supplement,https://www.yna.co.kr/view/AKR20250707129900518
2005,female,16,예원,2008,curated_supplement,https://www.yna.co.kr/view/AKR20250707129900518
2005,female,17,수민,2008,curated_supplement,https://www.yna.co.kr/view/AKR20250707129900518
2005,female,18,가은,2008,curated_supplement,https://www.yna.co.kr/view/AKR20250707129900518
2005,female,19,수연,2008,curated_supplement,https://www.yna.co.kr/view/AKR20250707129900518
2005,female,20,채원,2008,curated_supplement,https://www.yna.co.kr/view/AKR20250707129900518
2005,female,21,다은,2008,curated_supplement,https://www.yna.co.kr/view/AKR20250707129900518
2005,female,22,수아,2008,curated_supplement,https://www.yna.co.kr/view/AKR20250707129900518
2005,female,23,유빈,2008,curated_supplement,https://www.yna.co.kr/view/AKR20250707129900518
2005,female,24,유나,2008,curated_supplement,https://www.yna.co.kr/view/AKR20250707129900518
2005,female,25,채린,2008,curated_supplement,https://www.yna.co.kr/view/AKR20250707129900518
2005,male,1,민준,2008,historical_anchor_nearest,https://www.yna.co.kr/view/AKR20250707129900518
2005,male,2,지훈,2008,historical_anchor_nearest,https://www.yna.co.kr/view/AKR20250707129900518
2005,male,3,현우,2008,historical_anchor_nearest,https://www.yna.co.kr/view/AKR20250707129900518
2005,male,4,준서,2008,historical_anchor_nearest,https://www.yna.co.kr/view/AKR20250707129900518
2005,male,5,우진,2008,historical_anchor_nearest,https://www.yna.co.kr/view/AKR20250707129900518
2005,male,6,예준,2008,curated_supplement,https://www.yna.co.kr/view/AKR20250707129900518
2005,male,7,현준,2008,curated_supplement,https://www.yna.co.kr/view/AKR20250707129900518
2005,male,8,도현,2008,curated_supplement,https://www.yna.co.kr/view/AKR20250707129900518
2005,male,9,준혁,2008,curated_supplement,https://www.yna.co.kr/view/AKR20250707129900518
2005,male,10,민재,2008,curated_supplement,https://www.yna.co.kr/view/AKR20250707129900518
2005,male,11,승현,2008,curated_supplement,https://www.yna.co.kr/view/AKR20250707129900518
2005,male,12,민성,2008,curated_supplement,https://www.yna.co.kr/view/AKR20250707129900518
2005,male,13,승민,2008,curated_supplement,https://www.yna.co.kr/view/AKR20250707129900518
2005,male,14,건우,2008,curated_supplement,https://www.yna.co.kr/view/AKR20250707129900518
2005,male,15,동현,2008,curated_supplement,https://www.yna.co.kr/view/AKR20250707129900518
2006,female,1,서연,2008,historical_anchor_nearest,https://www.yna.co.kr/view/AKR20250707129900518
2006,female,2,민서,2008,historical_anchor_nearest,https://www.yna.co.kr/view/AKR20250707129900518
2006,female,3,지민,2008,historical_anchor_nearest,https://www.yna.co.kr/view/AKR20250707129900518
2006,female,4,서현,2008,historical_anchor_nearest,https://www.yna.co.kr/view/AKR20250707129900518
2006,female,5,서윤,2008,historical_anchor_nearest,https://www.yna.co.kr/view/AKR20250707129900518
2006,female,6,예은,2008,curated_supplement,https://www.yna.co.kr/view/AKR20250707129900518
2006,female,7,하은,2008,curated_supplement,https://www.yna.co.kr/view/AKR20250707129900518
2006,female,8,수빈,2008,curated_supplement,https://www.yna.co.kr/view/AKR20250707129900518
2006,female,9,지우,2008,curated_supplement,https://www.yna.co.kr/view/AKR20250707129900518
2006,female,10,유진,2008,curated_supplement,https://www.yna.co.kr/view/AKR20250707129900518
2006,female,11,은서,2008,curated_supplement,https://www.yna.co.kr/view/AKR20250707129900518
2006,female,12,민지,2008,curated_supplement,https://www.yna.co.kr/view/AKR20250707129900518
2006,female,13,윤서,2008,curated_supplement,https://www.yna.co.kr/view/AKR20250707129900518
2006,female,14,예진,2008,curated_supplement,https://www.yna.co.kr/view/AKR20250707129900518
2006,female,15,지원,2008,curated_supplement,https://www.yna.co.kr/view/AKR20250707129900518
2006,female,16,예원,2008,curated_supplement,https://www.yna.co.kr/view/AKR20250707129900518
2006,female,17,수민,2008,curated_supplement,https://www.yna.co.kr/view/AKR20250707129900518
2006,female,18,가은,2008,curated_supplement,https://www.yna.co.kr/view/AKR20250707129900518
2006,female,19,수연,2008,curated_supplement,https://www.yna.co.kr/view/AKR20250707129900518
2006,female,20,채원,2008,curated_supplement,https://www.yna.co.kr/view/AKR20250707129900518
2006,female,21,다은,2008,curated_supplement,https://www.yna.co.kr/view/AKR20250707129900518
2006,female,22,수아,2008,curated_supplement,https://www.yna.co.kr/view/AKR20250707129900518
2006,female,23,유빈,2008,curated_supplement,https://www.yna.co.kr/view/AKR20250707129900518
2006,female,24,유나,2008,curated_supplement,https://www.yna.co.kr/view/AKR20250707129900518
2006,female,25,채린,2008,curated_supplement,https://www.yna.co.kr/view/AKR20250707129900518
2006,male,1,민준,2008,historical_anchor_nearest,https://www.yna.co.kr/view/AKR20250707129900518
2006,male,2,지훈,2008,historical_anchor_nearest,https://www.yna.co.kr/view/AKR20250707129900518
2006,male,3,현우,2008,historical_anchor_nearest,https://www.yna.co.kr/view/AKR20250707129900518
2006,male,4,준서,2008,historical_anchor_nearest,https://www.yna.co.kr/view/AKR20250707129900518
2006,male,5,우진,2008,historical_anchor_nearest,https://www.yna.co.kr/view/AKR20250707129900518
2006,male,6,예준,2008,curated_supplement,https://www.yna.co.kr/view/AKR20250707129900518
2006,male,7,현준,2008,curated_supplement,https://www.yna.co.kr/view/AKR20250707129900518
2006,male,8,도현,2008,curated_supplement,https://www.yna.co.kr/view/AKR20250707129900518
2006,male,9,준혁,2008,curated_supplement,https://www.yna.co.kr/view/AKR20250707129900518
2006,male,10,민재,2008,curated_supplement,https://www.yna.co.kr/view/AKR20250707129900518
2006,male,11,승현,2008,curated_supplement,https://www.yna.co.kr/view/AKR20250707129900518
2006,male,12,민성,2008,curated_supplement,https://www.yna.co.kr/view/AKR20250707129900518
2006,male,13,승민,2008,curated_supplement,https://www.yna.co.kr/view/AKR20250707129900518
2006,male,14,건우,2008,curated_supplement,https://www.yna.co.kr/view/AKR20250707129900518
2006,male,15,동현,2008,curated_supplement,https://www.yna.co.kr/view/AKR20250707129900518
2007,female,1,서연,2008,historical_anchor_nearest,https://www.yna.co.kr/view/AKR20250707129900518
2007,female,2,민서,2008,historical_anchor_nearest,https://www.yna.co.kr/view/AKR20250707129900518
2007,female,3,지민,2008,historical_anchor_nearest,https://www.yna.co.kr/view/AKR20250707129900518
2007,female,4,서현,2008,historical_anchor_nearest,https://www.yna.co.kr/view/AKR20250707129900518
2007,female,5,서윤,2008,historical_anchor_nearest,https://www.yna.co.kr/view/AKR20250707129900518
2007,female,6,예은,2008,curated_supplement,https://www.yna.co.kr/view/AKR20250707129900518
2007,female,7,하은,2008,curated_supplement,https://www.yna.co.kr/view/AKR20250707129900518
2007,female,8,수빈,2008,curated_supplement,https://www.yna.co.kr/view/AKR20250707129900518
2007,female,9,지우,2008,curated_supplement,https://www.yna.co.kr/view/AKR20250707129900518
2007,female,10,유진,2008,curated_supplement,https://www.yna.co.kr/view/AKR20250707129900518
2007,female,11,은서,2008,curated_supplement,https://www.yna.co.kr/view/AKR20250707129900518
2007,female,12,민지,2008,curated_supplement,https://www.yna.co.kr/view/AKR20250707129900518
2007,female,13,윤서,2008,curated_supplement,https://www.yna.co.kr/view/AKR20250707129900518
2007,female,14,예진,2008,curated_supplement,https://www.yna.co.kr/view/AKR20250707129900518
2007,female,15,지원,2008,curated_supplement,https://www.yna.co.kr/view/AKR20250707129900518
2007,female,16,예원,2008,curated_supplement,https://www.yna.co.kr/view/AKR20250707129900518
2007,female,17,수민,2008,curated_supplement,https://www.yna.co.kr/view/AKR20250707129900518
2007,female,18,가은,2008,curated_supplement,https://www.yna.co.kr/view/AKR20250707129900518
2007,female,19,수연,2008,curated_supplement,https://www.yna.co.kr/view/AKR20250707129900518
2007,female,20,채원,2008,curated_supplement,https://www.yna.co.kr/view/AKR20250707129900518
2007,female,21,다은,2008,curated_supplement,https://www.yna.co.kr/view/AKR20250707129900518
2007,female,22,수아,2008,curated_supplement,https://www.yna.co.kr/view/AKR20250707129900518
2007,female,23,유빈,2008,curated_supplement,https://www.yna.co.kr/view/AKR20250707129900518
2007,female,24,유나,2008,curated_supplement,https://www.yna.co.kr/view/AKR20250707129900518
2007,female,25,채린,2008,curated_supplement,https://www.yna.co.kr/view/AKR20250707129900518
2007,male,1,민준,2008,historical_anchor_nearest,https://www.yna.co.kr/view/AKR20250707129900518
2007,male,2,지훈,2008,historical_anchor_nearest,https://www.yna.co.kr/view/AKR20250707129900518
2007,male,3,현우,2008,historical_anchor_nearest,https://www.yna.co.kr/view/AKR20250707129900518
2007,male,4,준서,2008,historical_anchor_nearest,https://www.yna.co.kr/view/AKR20250707129900518
2007,male,5,우진,2008,historical_anchor_nearest,https://www.yna.co.kr/view/AKR20250707129900518
2007,male,6,예준,2008,curated_supplement,https://www.yna.co.kr/view/AKR20250707129900518
2007,male,7,현준,2008,curated_supplement,https://www.yna.co.kr/view/AKR20250707129900518
2007,male,8,도현,2008,curated_supplement,https://www.yna.co.kr/view/AKR20250707129900518
2007,male,9,준혁,2008,curated_supplement,https://www.yna.co.kr/view/AKR20250707129900518
2007,male,10,민재,2008,curated_supplement,https://www.yna.co.kr/view/AKR20250707129900518
2007,male,11,승현,2008,curated_supplement,https://www.yna.co.kr/view/AKR20250707129900518
2007,male,12,민성,2008,curated_supplement,https://www.yna.co.kr/view/AKR20250707129900518
2007,male,13,승민,2008,curated_supplement,https://www.yna.co.kr/view/AKR20250707129900518
2007,male,14,건우,2008,curated_supplement,https://www.yna.co.kr/view/AKR20250707129900518
2007,male,15,동현,2008,curated_supplement,https://www.yna.co.kr/view/AKR20250707129900518
